interval_start_utc,interval_end_utc,visibility_miles,hours,state
2025-01-01T00:55:00Z,2025-01-01T01:55:00Z,10.0,1.0,both_options
2025-01-01T01:55:00Z,2025-01-01T02:55:00Z,10.0,1.0,both_options
2025-01-01T02:55:00Z,2025-01-01T03:55:00Z,10.0,1.0,both_options
2025-01-01T03:55:00Z,2025-01-01T04:55:00Z,10.0,1.0,both_options
2025-01-01T04:55:00Z,2025-01-01T05:24:00Z,10.0,0.48333333333333334,both_options
2025-01-01T05:24:00Z,2025-01-01T05:55:00Z,5.0,0.5166666666666667,both_options
2025-01-01T05:55:00Z,2025-01-01T06:55:00Z,10.0,1.0,both_options
2025-01-01T06:55:00Z,2025-01-01T07:55:00Z,7.0,1.0,both_options
2025-01-01T07:55:00Z,2025-01-01T08:53:00Z,10.0,0.9666666666666667,both_options
2025-01-01T08:53:00Z,2025-01-01T08:55:00Z,10.0,0.03333333333333333,both_options
2025-01-01T08:55:00Z,2025-01-01T09:55:00Z,10.0,1.0,both_options
2025-01-01T09:55:00Z,2025-01-01T10:09:00Z,7.0,0.23333333333333334,both_options
2025-01-01T10:09:00Z,2025-01-01T10:55:00Z,7.0,0.7666666666666667,both_options
2025-01-01T10:55:00Z,2025-01-01T11:55:00Z,10.0,1.0,both_options
2025-01-01T11:55:00Z,2025-01-01T12:28:00Z,10.0,0.55,both_options
2025-01-01T12:28:00Z,2025-01-01T12:55:00Z,10.0,0.45,both_options
2025-01-01T12:55:00Z,2025-01-01T13:10:00Z,10.0,0.25,both_options
2025-01-01T13:10:00Z,2025-01-01T13:55:00Z,10.0,0.75,both_options
2025-01-01T13:55:00Z,2025-01-01T14:55:00Z,10.0,1.0,both_options
2025-01-01T14:55:00Z,2025-01-01T15:15:00Z,10.0,0.3333333333333333,both_options
2025-01-01T15:15:00Z,2025-01-01T15:41:00Z,10.0,0.43333333333333335,both_options
2025-01-01T15:41:00Z,2025-01-01T15:55:00Z,10.0,0.23333333333333334,both_options
2025-01-01T15:55:00Z,2025-01-01T16:03:00Z,10.0,0.13333333333333333,both_options
2025-01-01T16:03:00Z,2025-01-01T16:55:00Z,10.0,0.8666666666666667,both_options
2025-01-01T16:55:00Z,2025-01-01T17:37:00Z,10.0,0.7,both_options
2025-01-01T17:37:00Z,2025-01-01T17:55:00Z,10.0,0.3,both_options
2025-01-01T17:55:00Z,2025-01-01T18:55:00Z,10.0,1.0,both_options
2025-01-01T18:55:00Z,2025-01-01T19:55:00Z,10.0,1.0,both_options
2025-01-01T19:55:00Z,2025-01-01T20:55:00Z,10.0,1.0,both_options
2025-01-01T20:55:00Z,2025-01-01T21:55:00Z,10.0,1.0,both_options
2025-01-01T21:55:00Z,2025-01-01T22:55:00Z,10.0,1.0,both_options
2025-01-01T22:55:00Z,2025-01-01T23:55:00Z,10.0,1.0,both_options
2025-01-01T23:55:00Z,2025-01-02T00:55:00Z,10.0,1.0,both_options
2025-01-02T00:55:00Z,2025-01-02T01:55:00Z,10.0,1.0,both_options
2025-01-02T01:55:00Z,2025-01-02T02:55:00Z,10.0,1.0,both_options
2025-01-02T02:55:00Z,2025-01-02T03:55:00Z,10.0,1.0,both_options
2025-01-02T03:55:00Z,2025-01-02T04:55:00Z,10.0,1.0,both_options
2025-01-02T04:55:00Z,2025-01-02T05:55:00Z,10.0,1.0,both_options
2025-01-02T05:55:00Z,2025-01-02T06:55:00Z,10.0,1.0,both_options
2025-01-02T06:55:00Z,2025-01-02T07:08:00Z,10.0,0.21666666666666667,both_options
2025-01-02T07:08:00Z,2025-01-02T07:55:00Z,10.0,0.7833333333333333,both_options
2025-01-02T07:55:00Z,2025-01-02T08:55:00Z,10.0,1.0,both_options
2025-01-02T08:55:00Z,2025-01-02T09:35:00Z,5.0,0.6666666666666666,both_options
2025-01-02T09:35:00Z,2025-01-02T09:44:00Z,2.5,0.15,both_options
2025-01-02T09:44:00Z,2025-01-02T09:52:00Z,4.0,0.13333333333333333,both_options
2025-01-02T09:52:00Z,2025-01-02T09:55:00Z,2.5,0.05,both_options
2025-01-02T09:55:00Z,2025-01-02T10:46:00Z,2.0,0.85,both_options
2025-01-02T10:46:00Z,2025-01-02T10:55:00Z,3.0,0.15,both_options
2025-01-02T10:55:00Z,2025-01-02T11:08:00Z,5.0,0.21666666666666667,both_options
2025-01-02T11:08:00Z,2025-01-02T11:42:00Z,5.0,0.5666666666666667,both_options
2025-01-02T11:42:00Z,2025-01-02T11:51:00Z,2.5,0.15,both_options
2025-01-02T11:51:00Z,2025-01-02T11:55:00Z,3.0,0.06666666666666667,both_options
2025-01-02T11:55:00Z,2025-01-02T12:55:00Z,3.0,1.0,both_options
2025-01-02T12:55:00Z,2025-01-02T13:55:00Z,8.0,1.0,both_options
2025-01-02T13:55:00Z,2025-01-02T14:55:00Z,10.0,1.0,both_options
2025-01-02T14:55:00Z,2025-01-02T15:50:00Z,10.0,0.9166666666666666,both_options
2025-01-02T15:50:00Z,2025-01-02T15:55:00Z,8.0,0.08333333333333333,both_options
2025-01-02T15:55:00Z,2025-01-02T16:55:00Z,8.0,1.0,both_options
2025-01-02T16:55:00Z,2025-01-02T17:55:00Z,10.0,1.0,both_options
2025-01-02T17:55:00Z,2025-01-02T18:55:00Z,10.0,1.0,both_options
2025-01-02T18:55:00Z,2025-01-02T19:31:00Z,6.0,0.6,both_options
2025-01-02T19:31:00Z,2025-01-02T19:41:00Z,2.0,0.16666666666666666,both_options
2025-01-02T19:41:00Z,2025-01-02T19:55:00Z,5.0,0.23333333333333334,both_options
2025-01-02T19:55:00Z,2025-01-02T20:55:00Z,6.0,1.0,both_options
2025-01-02T20:55:00Z,2025-01-02T21:55:00Z,9.0,1.0,both_options
2025-01-02T21:55:00Z,2025-01-02T22:55:00Z,10.0,1.0,both_options
2025-01-02T22:55:00Z,2025-01-02T23:55:00Z,10.0,1.0,both_options
2025-01-02T23:55:00Z,2025-01-03T00:55:00Z,10.0,1.0,both_options
2025-01-03T00:55:00Z,2025-01-03T01:55:00Z,10.0,1.0,both_options
2025-01-03T01:55:00Z,2025-01-03T02:55:00Z,10.0,1.0,both_options
2025-01-03T02:55:00Z,2025-01-03T03:55:00Z,10.0,1.0,both_options
2025-01-03T03:55:00Z,2025-01-03T04:55:00Z,10.0,1.0,both_options
2025-01-03T04:55:00Z,2025-01-03T05:55:00Z,10.0,1.0,both_options
2025-01-03T05:55:00Z,2025-01-03T06:55:00Z,10.0,1.0,both_options
2025-01-03T06:55:00Z,2025-01-03T07:41:00Z,10.0,0.7666666666666667,both_options
2025-01-03T07:41:00Z,2025-01-03T07:55:00Z,7.0,0.23333333333333334,both_options
2025-01-03T07:55:00Z,2025-01-03T08:55:00Z,5.0,1.0,both_options
2025-01-03T08:55:00Z,2025-01-03T09:55:00Z,10.0,1.0,both_options
2025-01-03T09:55:00Z,2025-01-03T10:55:00Z,10.0,1.0,both_options
2025-01-03T10:55:00Z,2025-01-03T11:55:00Z,10.0,1.0,both_options
2025-01-03T11:55:00Z,2025-01-03T12:55:00Z,7.0,1.0,both_options
2025-01-03T12:55:00Z,2025-01-03T13:55:00Z,7.0,1.0,both_options
2025-01-03T13:55:00Z,2025-01-03T14:55:00Z,7.0,1.0,both_options
2025-01-03T14:55:00Z,2025-01-03T15:03:00Z,3.0,0.13333333333333333,both_options
2025-01-03T15:03:00Z,2025-01-03T15:13:00Z,2.5,0.16666666666666666,both_options
2025-01-03T15:13:00Z,2025-01-03T15:55:00Z,4.0,0.7,both_options
2025-01-03T15:55:00Z,2025-01-03T16:55:00Z,8.0,1.0,both_options
2025-01-03T16:55:00Z,2025-01-03T17:34:00Z,4.0,0.65,both_options
2025-01-03T17:34:00Z,2025-01-03T17:55:00Z,7.0,0.35,both_options
2025-01-03T17:55:00Z,2025-01-03T18:19:00Z,5.0,0.4,both_options
2025-01-03T18:19:00Z,2025-01-03T18:29:00Z,8.0,0.16666666666666666,both_options
2025-01-03T18:29:00Z,2025-01-03T18:36:00Z,2.0,0.11666666666666667,both_options
2025-01-03T18:36:00Z,2025-01-03T18:45:00Z,3.0,0.15,both_options
2025-01-03T18:45:00Z,2025-01-03T18:55:00Z,2.5,0.16666666666666666,both_options
2025-01-03T18:55:00Z,2025-01-03T19:06:00Z,3.0,0.18333333333333332,both_options
2025-01-03T19:06:00Z,2025-01-03T19:11:00Z,2.5,0.08333333333333333,both_options
2025-01-03T19:11:00Z,2025-01-03T19:15:00Z,1.75,0.06666666666666667,both_options
2025-01-03T19:15:00Z,2025-01-03T19:20:00Z,2.0,0.08333333333333333,both_options
2025-01-03T19:20:00Z,2025-01-03T19:55:00Z,3.0,0.5833333333333334,both_options
2025-01-03T19:55:00Z,2025-01-03T20:41:00Z,8.0,0.7666666666666667,both_options
2025-01-03T20:41:00Z,2025-01-03T20:55:00Z,8.0,0.23333333333333334,both_options
2025-01-03T20:55:00Z,2025-01-03T21:55:00Z,8.0,1.0,both_options
2025-01-03T21:55:00Z,2025-01-03T22:55:00Z,8.0,1.0,both_options
2025-01-03T22:55:00Z,2025-01-03T23:55:00Z,5.0,1.0,both_options
2025-01-03T23:55:00Z,2025-01-04T00:55:00Z,5.0,1.0,both_options
2025-01-04T00:55:00Z,2025-01-04T01:55:00Z,8.0,1.0,both_options
2025-01-04T01:55:00Z,2025-01-04T02:55:00Z,10.0,1.0,both_options
2025-01-04T02:55:00Z,2025-01-04T03:55:00Z,9.0,1.0,both_options
2025-01-04T03:55:00Z,2025-01-04T04:55:00Z,9.0,1.0,both_options
2025-01-04T04:55:00Z,2025-01-04T05:55:00Z,10.0,1.0,both_options
2025-01-04T05:55:00Z,2025-01-04T06:38:00Z,10.0,0.7166666666666667,both_options
2025-01-04T06:38:00Z,2025-01-04T06:55:00Z,10.0,0.2833333333333333,both_options
2025-01-04T06:55:00Z,2025-01-04T07:55:00Z,10.0,1.0,both_options
2025-01-04T07:55:00Z,2025-01-04T08:31:00Z,9.0,0.6,both_options
2025-01-04T08:31:00Z,2025-01-04T08:40:00Z,6.0,0.15,both_options
2025-01-04T08:40:00Z,2025-01-04T08:55:00Z,5.0,0.25,both_options
2025-01-04T08:55:00Z,2025-01-04T09:55:00Z,8.0,1.0,both_options
2025-01-04T09:55:00Z,2025-01-04T10:05:00Z,7.0,0.16666666666666666,both_options
2025-01-04T10:05:00Z,2025-01-04T10:55:00Z,3.0,0.8333333333333334,both_options
2025-01-04T10:55:00Z,2025-01-04T11:55:00Z,7.0,1.0,both_options
2025-01-04T11:55:00Z,2025-01-04T12:55:00Z,4.0,1.0,both_options
2025-01-04T12:55:00Z,2025-01-04T13:55:00Z,7.0,1.0,both_options
2025-01-04T13:55:00Z,2025-01-04T14:03:00Z,10.0,0.13333333333333333,both_options
2025-01-04T14:03:00Z,2025-01-04T14:30:00Z,10.0,0.45,both_options
2025-01-04T14:30:00Z,2025-01-04T14:55:00Z,10.0,0.4166666666666667,both_options
2025-01-04T14:55:00Z,2025-01-04T15:55:00Z,10.0,1.0,both_options
2025-01-04T15:55:00Z,2025-01-04T16:22:00Z,10.0,0.45,both_options
2025-01-04T16:22:00Z,2025-01-04T16:42:00Z,10.0,0.3333333333333333,both_options
2025-01-04T16:42:00Z,2025-01-04T16:55:00Z,10.0,0.21666666666666667,both_options
2025-01-04T16:55:00Z,2025-01-04T17:15:00Z,4.0,0.3333333333333333,both_options
2025-01-04T17:15:00Z,2025-01-04T17:31:00Z,2.5,0.26666666666666666,both_options
2025-01-04T17:31:00Z,2025-01-04T17:42:00Z,4.0,0.18333333333333332,both_options
2025-01-04T17:42:00Z,2025-01-04T17:51:00Z,2.0,0.15,both_options
2025-01-04T17:51:00Z,2025-01-04T17:55:00Z,3.0,0.06666666666666667,both_options
2025-01-04T17:55:00Z,2025-01-04T18:19:00Z,2.5,0.4,both_options
2025-01-04T18:19:00Z,2025-01-04T18:26:00Z,2.0,0.11666666666666667,both_options
2025-01-04T18:26:00Z,2025-01-04T18:33:00Z,1.5,0.11666666666666667,both_options
2025-01-04T18:33:00Z,2025-01-04T18:45:00Z,2.0,0.2,both_options
2025-01-04T18:45:00Z,2025-01-04T18:52:00Z,3.0,0.11666666666666667,both_options
2025-01-04T18:52:00Z,2025-01-04T18:55:00Z,2.5,0.05,both_options
2025-01-04T18:55:00Z,2025-01-04T19:14:00Z,2.5,0.31666666666666665,both_options
2025-01-04T19:14:00Z,2025-01-04T19:21:00Z,3.0,0.11666666666666667,both_options
2025-01-04T19:21:00Z,2025-01-04T19:31:00Z,2.5,0.16666666666666666,both_options
2025-01-04T19:31:00Z,2025-01-04T19:40:00Z,3.0,0.15,both_options
2025-01-04T19:40:00Z,2025-01-04T19:45:00Z,3.0,0.08333333333333333,both_options
2025-01-04T19:45:00Z,2025-01-04T19:53:00Z,3.0,0.13333333333333333,both_options
2025-01-04T19:53:00Z,2025-01-04T19:55:00Z,3.0,0.03333333333333333,both_options
2025-01-04T19:55:00Z,2025-01-04T20:02:00Z,3.0,0.11666666666666667,both_options
2025-01-04T20:02:00Z,2025-01-04T20:55:00Z,3.0,0.8833333333333333,both_options
2025-01-04T20:55:00Z,2025-01-04T21:02:00Z,4.0,0.11666666666666667,both_options
2025-01-04T21:02:00Z,2025-01-04T21:06:00Z,3.0,0.06666666666666667,both_options
2025-01-04T21:06:00Z,2025-01-04T21:10:00Z,2.5,0.06666666666666667,both_options
2025-01-04T21:10:00Z,2025-01-04T21:30:00Z,3.0,0.3333333333333333,both_options
2025-01-04T21:30:00Z,2025-01-04T21:37:00Z,4.0,0.11666666666666667,both_options
2025-01-04T21:37:00Z,2025-01-04T21:55:00Z,3.0,0.3,both_options
2025-01-04T21:55:00Z,2025-01-04T22:52:00Z,3.0,0.95,both_options
2025-01-04T22:52:00Z,2025-01-04T22:55:00Z,2.0,0.05,both_options
2025-01-04T22:55:00Z,2025-01-04T23:17:00Z,2.0,0.36666666666666664,both_options
2025-01-04T23:17:00Z,2025-01-04T23:32:00Z,3.0,0.25,both_options
2025-01-04T23:32:00Z,2025-01-04T23:55:00Z,2.5,0.38333333333333336,both_options
2025-01-04T23:55:00Z,2025-01-05T00:19:00Z,2.5,0.4,both_options
2025-01-05T00:19:00Z,2025-01-05T00:27:00Z,4.0,0.13333333333333333,both_options
2025-01-05T00:27:00Z,2025-01-05T00:55:00Z,4.0,0.4666666666666667,both_options
2025-01-05T00:55:00Z,2025-01-05T01:45:00Z,6.0,0.8333333333333334,both_options
2025-01-05T01:45:00Z,2025-01-05T01:55:00Z,4.0,0.16666666666666666,both_options
2025-01-05T01:55:00Z,2025-01-05T02:36:00Z,4.0,0.6833333333333333,both_options
2025-01-05T02:36:00Z,2025-01-05T02:55:00Z,6.0,0.31666666666666665,both_options
2025-01-05T02:55:00Z,2025-01-05T03:06:00Z,5.0,0.18333333333333332,both_options
2025-01-05T03:06:00Z,2025-01-05T03:27:00Z,4.0,0.35,both_options
2025-01-05T03:27:00Z,2025-01-05T03:34:00Z,3.0,0.11666666666666667,both_options
2025-01-05T03:34:00Z,2025-01-05T03:48:00Z,2.5,0.23333333333333334,both_options
2025-01-05T03:48:00Z,2025-01-05T03:55:00Z,1.75,0.11666666666666667,both_options
2025-01-05T03:55:00Z,2025-01-05T04:05:00Z,2.0,0.16666666666666666,both_options
2025-01-05T04:05:00Z,2025-01-05T04:20:00Z,1.75,0.25,both_options
2025-01-05T04:20:00Z,2025-01-05T04:33:00Z,1.25,0.21666666666666667,both_options
2025-01-05T04:33:00Z,2025-01-05T04:55:00Z,1.75,0.36666666666666664,both_options
2025-01-05T04:55:00Z,2025-01-05T05:17:00Z,1.75,0.36666666666666664,both_options
2025-01-05T05:17:00Z,2025-01-05T05:55:00Z,2.0,0.6333333333333333,both_options
2025-01-05T05:55:00Z,2025-01-05T06:08:00Z,2.5,0.21666666666666667,both_options
2025-01-05T06:08:00Z,2025-01-05T06:55:00Z,1.75,0.7833333333333333,both_options
2025-01-05T06:55:00Z,2025-01-05T07:11:00Z,2.0,0.26666666666666666,both_options
2025-01-05T07:11:00Z,2025-01-05T07:55:00Z,6.0,0.7333333333333333,both_options
2025-01-05T07:55:00Z,2025-01-05T08:13:00Z,8.0,0.3,both_options
2025-01-05T08:13:00Z,2025-01-05T08:37:00Z,5.0,0.4,both_options
2025-01-05T08:37:00Z,2025-01-05T08:55:00Z,8.0,0.3,both_options
2025-01-05T08:55:00Z,2025-01-05T09:42:00Z,3.0,0.7833333333333333,both_options
2025-01-05T09:42:00Z,2025-01-05T09:55:00Z,2.5,0.21666666666666667,both_options
2025-01-05T09:55:00Z,2025-01-05T10:25:00Z,3.0,0.5,both_options
2025-01-05T10:25:00Z,2025-01-05T10:34:00Z,1.75,0.15,both_options
2025-01-05T10:34:00Z,2025-01-05T10:42:00Z,2.5,0.13333333333333333,both_options
2025-01-05T10:42:00Z,2025-01-05T10:55:00Z,6.0,0.21666666666666667,both_options
2025-01-05T10:55:00Z,2025-01-05T11:29:00Z,2.0,0.5666666666666667,both_options
2025-01-05T11:29:00Z,2025-01-05T11:44:00Z,4.0,0.25,both_options
2025-01-05T11:44:00Z,2025-01-05T11:51:00Z,1.75,0.11666666666666667,both_options
2025-01-05T11:51:00Z,2025-01-05T11:55:00Z,2.0,0.06666666666666667,both_options
2025-01-05T11:55:00Z,2025-01-05T12:17:00Z,3.0,0.36666666666666664,both_options
2025-01-05T12:17:00Z,2025-01-05T12:39:00Z,2.5,0.36666666666666664,both_options
2025-01-05T12:39:00Z,2025-01-05T12:55:00Z,2.5,0.26666666666666666,both_options
2025-01-05T12:55:00Z,2025-01-05T13:08:00Z,2.0,0.21666666666666667,both_options
2025-01-05T13:08:00Z,2025-01-05T13:24:00Z,4.0,0.26666666666666666,both_options
2025-01-05T13:24:00Z,2025-01-05T13:36:00Z,2.0,0.2,both_options
2025-01-05T13:36:00Z,2025-01-05T13:52:00Z,2.5,0.26666666666666666,both_options
2025-01-05T13:52:00Z,2025-01-05T13:55:00Z,2.0,0.05,both_options
2025-01-05T13:55:00Z,2025-01-05T14:18:00Z,2.0,0.38333333333333336,both_options
2025-01-05T14:18:00Z,2025-01-05T14:25:00Z,3.0,0.11666666666666667,both_options
2025-01-05T14:25:00Z,2025-01-05T14:35:00Z,2.5,0.16666666666666666,both_options
2025-01-05T14:35:00Z,2025-01-05T14:45:00Z,1.5,0.16666666666666666,both_options
2025-01-05T14:45:00Z,2025-01-05T14:53:00Z,2.5,0.13333333333333333,both_options
2025-01-05T14:53:00Z,2025-01-05T14:55:00Z,2.0,0.03333333333333333,both_options
2025-01-05T14:55:00Z,2025-01-05T15:08:00Z,2.5,0.21666666666666667,both_options
2025-01-05T15:08:00Z,2025-01-05T15:18:00Z,3.0,0.16666666666666666,both_options
2025-01-05T15:18:00Z,2025-01-05T15:55:00Z,6.0,0.6166666666666667,both_options
2025-01-05T15:55:00Z,2025-01-05T16:14:00Z,9.0,0.31666666666666665,both_options
2025-01-05T16:14:00Z,2025-01-05T16:27:00Z,9.0,0.21666666666666667,both_options
2025-01-05T16:27:00Z,2025-01-05T16:55:00Z,9.0,0.4666666666666667,both_options
2025-01-05T16:55:00Z,2025-01-05T17:42:00Z,7.0,0.7833333333333333,both_options
2025-01-05T17:42:00Z,2025-01-05T17:55:00Z,2.5,0.21666666666666667,both_options
2025-01-05T17:55:00Z,2025-01-05T18:05:00Z,2.5,0.16666666666666666,both_options
2025-01-05T18:05:00Z,2025-01-05T18:32:00Z,6.0,0.45,both_options
2025-01-05T18:32:00Z,2025-01-05T18:52:00Z,3.0,0.3333333333333333,both_options
2025-01-05T18:52:00Z,2025-01-05T18:55:00Z,4.0,0.05,both_options
2025-01-05T18:55:00Z,2025-01-05T19:02:00Z,5.0,0.11666666666666667,both_options
2025-01-05T19:02:00Z,2025-01-05T19:14:00Z,10.0,0.2,both_options
2025-01-05T19:14:00Z,2025-01-05T19:41:00Z,10.0,0.45,both_options
2025-01-05T19:41:00Z,2025-01-05T19:55:00Z,10.0,0.23333333333333334,both_options
2025-01-05T19:55:00Z,2025-01-05T20:51:00Z,10.0,0.9333333333333333,both_options
2025-01-05T20:51:00Z,2025-01-05T20:55:00Z,8.0,0.06666666666666667,both_options
2025-01-05T20:55:00Z,2025-01-05T21:15:00Z,8.0,0.3333333333333333,both_options
2025-01-05T21:15:00Z,2025-01-05T21:36:00Z,9.0,0.35,both_options
2025-01-05T21:36:00Z,2025-01-05T21:55:00Z,10.0,0.31666666666666665,both_options
2025-01-05T21:55:00Z,2025-01-05T22:05:00Z,10.0,0.16666666666666666,both_options
2025-01-05T22:05:00Z,2025-01-05T22:18:00Z,9.0,0.21666666666666667,both_options
2025-01-05T22:18:00Z,2025-01-05T22:40:00Z,10.0,0.36666666666666664,both_options
2025-01-05T22:40:00Z,2025-01-05T22:55:00Z,10.0,0.25,both_options
2025-01-05T22:55:00Z,2025-01-05T23:27:00Z,10.0,0.5333333333333333,both_options
2025-01-05T23:27:00Z,2025-01-05T23:51:00Z,10.0,0.4,both_options
2025-01-05T23:51:00Z,2025-01-05T23:55:00Z,10.0,0.06666666666666667,both_options
2025-01-05T23:55:00Z,2025-01-06T00:55:00Z,10.0,1.0,both_options
2025-01-06T00:55:00Z,2025-01-06T01:55:00Z,10.0,1.0,both_options
2025-01-06T01:55:00Z,2025-01-06T02:55:00Z,10.0,1.0,both_options
2025-01-06T02:55:00Z,2025-01-06T03:35:00Z,10.0,0.6666666666666666,both_options
2025-01-06T03:35:00Z,2025-01-06T03:55:00Z,10.0,0.3333333333333333,both_options
2025-01-06T03:55:00Z,2025-01-06T04:55:00Z,10.0,1.0,both_options
2025-01-06T04:55:00Z,2025-01-06T05:55:00Z,10.0,1.0,both_options
2025-01-06T05:55:00Z,2025-01-06T06:55:00Z,9.0,1.0,both_options
2025-01-06T06:55:00Z,2025-01-06T07:12:00Z,8.0,0.2833333333333333,both_options
2025-01-06T07:12:00Z,2025-01-06T07:55:00Z,10.0,0.7166666666666667,both_options
2025-01-06T07:55:00Z,2025-01-06T08:02:00Z,4.0,0.11666666666666667,both_options
2025-01-06T08:02:00Z,2025-01-06T08:23:00Z,8.0,0.35,both_options
2025-01-06T08:23:00Z,2025-01-06T08:25:00Z,1.5,0.03333333333333333,both_options
2025-01-06T08:25:00Z,2025-01-06T08:32:00Z,1.0,0.11666666666666667,both_options
2025-01-06T08:32:00Z,2025-01-06T08:48:00Z,0.5,0.26666666666666666,neither_option
2025-01-06T08:48:00Z,2025-01-06T08:55:00Z,0.25,0.11666666666666667,neither_option
2025-01-06T08:55:00Z,2025-01-06T09:30:00Z,0.25,0.5833333333333334,neither_option
2025-01-06T09:30:00Z,2025-01-06T09:46:00Z,0.5,0.26666666666666666,neither_option
2025-01-06T09:46:00Z,2025-01-06T09:55:00Z,0.25,0.15,neither_option
2025-01-06T09:55:00Z,2025-01-06T10:06:00Z,0.5,0.18333333333333332,neither_option
2025-01-06T10:06:00Z,2025-01-06T10:31:00Z,0.25,0.4166666666666667,neither_option
2025-01-06T10:31:00Z,2025-01-06T10:34:00Z,1.0,0.05,both_options
2025-01-06T10:34:00Z,2025-01-06T10:41:00Z,2.5,0.11666666666666667,both_options
2025-01-06T10:41:00Z,2025-01-06T10:55:00Z,10.0,0.23333333333333334,both_options
2025-01-06T10:55:00Z,2025-01-06T11:55:00Z,10.0,1.0,both_options
2025-01-06T11:55:00Z,2025-01-06T12:55:00Z,10.0,1.0,both_options
2025-01-06T12:55:00Z,2025-01-06T13:55:00Z,10.0,1.0,both_options
2025-01-06T13:55:00Z,2025-01-06T14:55:00Z,10.0,1.0,both_options
2025-01-06T14:55:00Z,2025-01-06T15:55:00Z,10.0,1.0,both_options
2025-01-06T15:55:00Z,2025-01-06T16:55:00Z,10.0,1.0,both_options
2025-01-06T16:55:00Z,2025-01-06T17:55:00Z,10.0,1.0,both_options
2025-01-06T17:55:00Z,2025-01-06T18:55:00Z,10.0,1.0,both_options
2025-01-06T18:55:00Z,2025-01-06T19:55:00Z,10.0,1.0,both_options
2025-01-06T19:55:00Z,2025-01-06T20:55:00Z,10.0,1.0,both_options
2025-01-06T20:55:00Z,2025-01-06T21:55:00Z,10.0,1.0,both_options
2025-01-06T21:55:00Z,2025-01-06T22:55:00Z,10.0,1.0,both_options
2025-01-06T22:55:00Z,2025-01-06T23:55:00Z,10.0,1.0,both_options
2025-01-06T23:55:00Z,2025-01-07T00:55:00Z,10.0,1.0,both_options
2025-01-07T00:55:00Z,2025-01-07T01:55:00Z,10.0,1.0,both_options
2025-01-07T01:55:00Z,2025-01-07T02:55:00Z,10.0,1.0,both_options
2025-01-07T02:55:00Z,2025-01-07T03:55:00Z,10.0,1.0,both_options
2025-01-07T03:55:00Z,2025-01-07T04:55:00Z,10.0,1.0,both_options
2025-01-07T04:55:00Z,2025-01-07T05:55:00Z,10.0,1.0,both_options
2025-01-07T05:55:00Z,2025-01-07T06:55:00Z,10.0,1.0,both_options
2025-01-07T06:55:00Z,2025-01-07T07:55:00Z,10.0,1.0,both_options
2025-01-07T07:55:00Z,2025-01-07T08:55:00Z,10.0,1.0,both_options
2025-01-07T08:55:00Z,2025-01-07T09:55:00Z,10.0,1.0,both_options
2025-01-07T09:55:00Z,2025-01-07T10:55:00Z,10.0,1.0,both_options
2025-01-07T10:55:00Z,2025-01-07T11:55:00Z,10.0,1.0,both_options
2025-01-07T11:55:00Z,2025-01-07T12:55:00Z,10.0,1.0,both_options
2025-01-07T12:55:00Z,2025-01-07T13:55:00Z,10.0,1.0,both_options
2025-01-07T13:55:00Z,2025-01-07T14:55:00Z,10.0,1.0,both_options
2025-01-07T14:55:00Z,2025-01-07T15:55:00Z,10.0,1.0,both_options
2025-01-07T15:55:00Z,2025-01-07T16:55:00Z,10.0,1.0,both_options
2025-01-07T16:55:00Z,2025-01-07T17:55:00Z,10.0,1.0,both_options
2025-01-07T17:55:00Z,2025-01-07T18:55:00Z,10.0,1.0,both_options
2025-01-07T18:55:00Z,2025-01-07T19:55:00Z,10.0,1.0,both_options
2025-01-07T19:55:00Z,2025-01-07T20:55:00Z,10.0,1.0,both_options
2025-01-07T20:55:00Z,2025-01-07T21:55:00Z,10.0,1.0,both_options
2025-01-07T21:55:00Z,2025-01-07T22:55:00Z,10.0,1.0,both_options
2025-01-07T22:55:00Z,2025-01-07T23:55:00Z,10.0,1.0,both_options
2025-01-07T23:55:00Z,2025-01-08T00:55:00Z,10.0,1.0,both_options
2025-01-08T00:55:00Z,2025-01-08T01:55:00Z,10.0,1.0,both_options
2025-01-08T01:55:00Z,2025-01-08T02:55:00Z,10.0,1.0,both_options
2025-01-08T02:55:00Z,2025-01-08T03:55:00Z,10.0,1.0,both_options
2025-01-08T03:55:00Z,2025-01-08T04:55:00Z,10.0,1.0,both_options
2025-01-08T04:55:00Z,2025-01-08T05:55:00Z,10.0,1.0,both_options
2025-01-08T05:55:00Z,2025-01-08T06:55:00Z,10.0,1.0,both_options
2025-01-08T06:55:00Z,2025-01-08T07:55:00Z,10.0,1.0,both_options
2025-01-08T07:55:00Z,2025-01-08T08:55:00Z,10.0,1.0,both_options
2025-01-08T08:55:00Z,2025-01-08T09:55:00Z,10.0,1.0,both_options
2025-01-08T09:55:00Z,2025-01-08T10:55:00Z,9.0,1.0,both_options
2025-01-08T10:55:00Z,2025-01-08T11:38:00Z,8.0,0.7166666666666667,both_options
2025-01-08T11:38:00Z,2025-01-08T11:55:00Z,10.0,0.2833333333333333,both_options
2025-01-08T11:55:00Z,2025-01-08T12:52:00Z,10.0,0.95,both_options
2025-01-08T12:52:00Z,2025-01-08T12:55:00Z,10.0,0.05,both_options
2025-01-08T12:55:00Z,2025-01-08T13:16:00Z,10.0,0.35,both_options
2025-01-08T13:16:00Z,2025-01-08T13:55:00Z,10.0,0.65,both_options
2025-01-08T13:55:00Z,2025-01-08T14:55:00Z,10.0,1.0,both_options
2025-01-08T14:55:00Z,2025-01-08T15:55:00Z,10.0,1.0,both_options
2025-01-08T15:55:00Z,2025-01-08T16:30:00Z,10.0,0.5833333333333334,both_options
2025-01-08T16:30:00Z,2025-01-08T16:55:00Z,10.0,0.4166666666666667,both_options
2025-01-08T16:55:00Z,2025-01-08T17:55:00Z,10.0,1.0,both_options
2025-01-08T17:55:00Z,2025-01-08T18:55:00Z,10.0,1.0,both_options
2025-01-08T18:55:00Z,2025-01-08T19:55:00Z,10.0,1.0,both_options
2025-01-08T19:55:00Z,2025-01-08T20:55:00Z,10.0,1.0,both_options
2025-01-08T20:55:00Z,2025-01-08T21:55:00Z,10.0,1.0,both_options
2025-01-08T21:55:00Z,2025-01-08T22:55:00Z,10.0,1.0,both_options
2025-01-08T22:55:00Z,2025-01-08T23:55:00Z,10.0,1.0,both_options
2025-01-08T23:55:00Z,2025-01-09T00:55:00Z,10.0,1.0,both_options
2025-01-09T00:55:00Z,2025-01-09T01:55:00Z,10.0,1.0,both_options
2025-01-09T01:55:00Z,2025-01-09T02:55:00Z,10.0,1.0,both_options
2025-01-09T02:55:00Z,2025-01-09T03:55:00Z,10.0,1.0,both_options
2025-01-09T03:55:00Z,2025-01-09T04:55:00Z,10.0,1.0,both_options
2025-01-09T04:55:00Z,2025-01-09T05:55:00Z,10.0,1.0,both_options
2025-01-09T05:55:00Z,2025-01-09T06:55:00Z,10.0,1.0,both_options
2025-01-09T06:55:00Z,2025-01-09T07:55:00Z,10.0,1.0,both_options
2025-01-09T07:55:00Z,2025-01-09T08:55:00Z,10.0,1.0,both_options
2025-01-09T08:55:00Z,2025-01-09T09:55:00Z,10.0,1.0,both_options
2025-01-09T09:55:00Z,2025-01-09T10:55:00Z,10.0,1.0,both_options
2025-01-09T10:55:00Z,2025-01-09T11:55:00Z,10.0,1.0,both_options
2025-01-09T11:55:00Z,2025-01-09T12:55:00Z,10.0,1.0,both_options
2025-01-09T12:55:00Z,2025-01-09T13:55:00Z,10.0,1.0,both_options
2025-01-09T13:55:00Z,2025-01-09T14:55:00Z,10.0,1.0,both_options
2025-01-09T14:55:00Z,2025-01-09T15:55:00Z,10.0,1.0,both_options
2025-01-09T15:55:00Z,2025-01-09T16:55:00Z,10.0,1.0,both_options
2025-01-09T16:55:00Z,2025-01-09T17:55:00Z,10.0,1.0,both_options
2025-01-09T17:55:00Z,2025-01-09T18:55:00Z,10.0,1.0,both_options
2025-01-09T18:55:00Z,2025-01-09T19:55:00Z,10.0,1.0,both_options
2025-01-09T19:55:00Z,2025-01-09T20:55:00Z,10.0,1.0,both_options
2025-01-09T20:55:00Z,2025-01-09T21:55:00Z,10.0,1.0,both_options
2025-01-09T21:55:00Z,2025-01-09T22:55:00Z,10.0,1.0,both_options
2025-01-09T22:55:00Z,2025-01-09T23:55:00Z,10.0,1.0,both_options
2025-01-09T23:55:00Z,2025-01-10T00:55:00Z,10.0,1.0,both_options
2025-01-10T00:55:00Z,2025-01-10T01:55:00Z,10.0,1.0,both_options
2025-01-10T01:55:00Z,2025-01-10T02:55:00Z,10.0,1.0,both_options
2025-01-10T02:55:00Z,2025-01-10T03:55:00Z,10.0,1.0,both_options
2025-01-10T03:55:00Z,2025-01-10T04:55:00Z,10.0,1.0,both_options
2025-01-10T04:55:00Z,2025-01-10T05:55:00Z,10.0,1.0,both_options
2025-01-10T05:55:00Z,2025-01-10T06:55:00Z,10.0,1.0,both_options
2025-01-10T06:55:00Z,2025-01-10T07:55:00Z,10.0,1.0,both_options
2025-01-10T07:55:00Z,2025-01-10T08:55:00Z,10.0,1.0,both_options
2025-01-10T08:55:00Z,2025-01-10T09:55:00Z,10.0,1.0,both_options
2025-01-10T09:55:00Z,2025-01-10T10:55:00Z,10.0,1.0,both_options
2025-01-10T10:55:00Z,2025-01-10T11:15:00Z,10.0,0.3333333333333333,both_options
2025-01-10T11:15:00Z,2025-01-10T11:28:00Z,4.0,0.21666666666666667,both_options
2025-01-10T11:28:00Z,2025-01-10T11:55:00Z,2.5,0.45,both_options
2025-01-10T11:55:00Z,2025-01-10T12:55:00Z,3.0,1.0,both_options
2025-01-10T12:55:00Z,2025-01-10T13:18:00Z,3.0,0.38333333333333336,both_options
2025-01-10T13:18:00Z,2025-01-10T13:44:00Z,2.5,0.43333333333333335,both_options
2025-01-10T13:44:00Z,2025-01-10T13:55:00Z,4.0,0.18333333333333332,both_options
2025-01-10T13:55:00Z,2025-01-10T14:50:00Z,3.0,0.9166666666666666,both_options
2025-01-10T14:50:00Z,2025-01-10T14:55:00Z,4.0,0.08333333333333333,both_options
2025-01-10T14:55:00Z,2025-01-10T15:20:00Z,5.0,0.4166666666666667,both_options
2025-01-10T15:20:00Z,2025-01-10T15:25:00Z,7.0,0.08333333333333333,both_options
2025-01-10T15:25:00Z,2025-01-10T15:37:00Z,9.0,0.2,both_options
2025-01-10T15:37:00Z,2025-01-10T15:50:00Z,9.0,0.21666666666666667,both_options
2025-01-10T15:50:00Z,2025-01-10T15:55:00Z,10.0,0.08333333333333333,both_options
2025-01-10T15:55:00Z,2025-01-10T16:29:00Z,9.0,0.5666666666666667,both_options
2025-01-10T16:29:00Z,2025-01-10T16:38:00Z,5.0,0.15,both_options
2025-01-10T16:38:00Z,2025-01-10T16:46:00Z,1.75,0.13333333333333333,both_options
2025-01-10T16:46:00Z,2025-01-10T16:53:00Z,1.0,0.11666666666666667,both_options
2025-01-10T16:53:00Z,2025-01-10T16:55:00Z,1.5,0.03333333333333333,both_options
2025-01-10T16:55:00Z,2025-01-10T17:03:00Z,1.5,0.13333333333333333,both_options
2025-01-10T17:03:00Z,2025-01-10T17:27:00Z,3.0,0.4,both_options
2025-01-10T17:27:00Z,2025-01-10T17:34:00Z,1.75,0.11666666666666667,both_options
2025-01-10T17:34:00Z,2025-01-10T17:37:00Z,2.0,0.05,both_options
2025-01-10T17:37:00Z,2025-01-10T17:55:00Z,3.0,0.3,both_options
2025-01-10T17:55:00Z,2025-01-10T18:05:00Z,6.0,0.16666666666666666,both_options
2025-01-10T18:05:00Z,2025-01-10T18:55:00Z,9.0,0.8333333333333334,both_options
2025-01-10T18:55:00Z,2025-01-10T19:08:00Z,8.0,0.21666666666666667,both_options
2025-01-10T19:08:00Z,2025-01-10T19:17:00Z,4.0,0.15,both_options
2025-01-10T19:17:00Z,2025-01-10T19:21:00Z,3.0,0.06666666666666667,both_options
2025-01-10T19:21:00Z,2025-01-10T19:46:00Z,2.0,0.4166666666666667,both_options
2025-01-10T19:46:00Z,2025-01-10T19:55:00Z,8.0,0.15,both_options
2025-01-10T19:55:00Z,2025-01-10T20:02:00Z,3.0,0.11666666666666667,both_options
2025-01-10T20:02:00Z,2025-01-10T20:09:00Z,2.5,0.11666666666666667,both_options
2025-01-10T20:09:00Z,2025-01-10T20:55:00Z,7.0,0.7666666666666667,both_options
2025-01-10T20:55:00Z,2025-01-10T21:55:00Z,8.0,1.0,both_options
2025-01-10T21:55:00Z,2025-01-10T22:26:00Z,9.0,0.5166666666666667,both_options
2025-01-10T22:26:00Z,2025-01-10T22:33:00Z,2.0,0.11666666666666667,both_options
2025-01-10T22:33:00Z,2025-01-10T22:38:00Z,1.75,0.08333333333333333,both_options
2025-01-10T22:38:00Z,2025-01-10T22:46:00Z,3.0,0.13333333333333333,both_options
2025-01-10T22:46:00Z,2025-01-10T22:55:00Z,10.0,0.15,both_options
2025-01-10T22:55:00Z,2025-01-10T23:55:00Z,5.0,1.0,both_options
2025-01-10T23:55:00Z,2025-01-11T00:09:00Z,9.0,0.23333333333333334,both_options
2025-01-11T00:09:00Z,2025-01-11T00:55:00Z,8.0,0.7666666666666667,both_options
2025-01-11T00:55:00Z,2025-01-11T01:55:00Z,9.0,1.0,both_options
2025-01-11T01:55:00Z,2025-01-11T02:18:00Z,8.0,0.38333333333333336,both_options
2025-01-11T02:18:00Z,2025-01-11T02:55:00Z,10.0,0.6166666666666667,both_options
2025-01-11T02:55:00Z,2025-01-11T03:55:00Z,10.0,1.0,both_options
2025-01-11T03:55:00Z,2025-01-11T04:55:00Z,10.0,1.0,both_options
2025-01-11T04:55:00Z,2025-01-11T05:55:00Z,9.0,1.0,both_options
2025-01-11T05:55:00Z,2025-01-11T06:55:00Z,10.0,1.0,both_options
2025-01-11T06:55:00Z,2025-01-11T07:55:00Z,10.0,1.0,both_options
2025-01-11T07:55:00Z,2025-01-11T08:55:00Z,5.0,1.0,both_options
2025-01-11T08:55:00Z,2025-01-11T09:55:00Z,10.0,1.0,both_options
2025-01-11T09:55:00Z,2025-01-11T10:55:00Z,10.0,1.0,both_options
2025-01-11T10:55:00Z,2025-01-11T11:55:00Z,10.0,1.0,both_options
2025-01-11T11:55:00Z,2025-01-11T12:55:00Z,10.0,1.0,both_options
2025-01-11T12:55:00Z,2025-01-11T13:55:00Z,10.0,1.0,both_options
2025-01-11T13:55:00Z,2025-01-11T14:55:00Z,10.0,1.0,both_options
2025-01-11T14:55:00Z,2025-01-11T15:20:00Z,10.0,0.4166666666666667,both_options
2025-01-11T15:20:00Z,2025-01-11T15:55:00Z,3.0,0.5833333333333334,both_options
2025-01-11T15:55:00Z,2025-01-11T16:55:00Z,8.0,1.0,both_options
2025-01-11T16:55:00Z,2025-01-11T17:53:00Z,9.0,0.9666666666666667,both_options
2025-01-11T17:53:00Z,2025-01-11T17:55:00Z,2.5,0.03333333333333333,both_options
2025-01-11T17:55:00Z,2025-01-11T17:59:00Z,2.5,0.06666666666666667,both_options
2025-01-11T17:59:00Z,2025-01-11T18:14:00Z,4.0,0.25,both_options
2025-01-11T18:14:00Z,2025-01-11T18:23:00Z,4.0,0.15,both_options
2025-01-11T18:23:00Z,2025-01-11T18:39:00Z,4.0,0.26666666666666666,both_options
2025-01-11T18:39:00Z,2025-01-11T18:48:00Z,6.0,0.15,both_options
2025-01-11T18:48:00Z,2025-01-11T18:55:00Z,10.0,0.11666666666666667,both_options
2025-01-11T18:55:00Z,2025-01-11T19:55:00Z,10.0,1.0,both_options
2025-01-11T19:55:00Z,2025-01-11T20:55:00Z,10.0,1.0,both_options
2025-01-11T20:55:00Z,2025-01-11T21:16:00Z,10.0,0.35,both_options
2025-01-11T21:16:00Z,2025-01-11T21:23:00Z,6.0,0.11666666666666667,both_options
2025-01-11T21:23:00Z,2025-01-11T21:37:00Z,10.0,0.23333333333333334,both_options
2025-01-11T21:37:00Z,2025-01-11T21:45:00Z,10.0,0.13333333333333333,both_options
2025-01-11T21:45:00Z,2025-01-11T21:55:00Z,10.0,0.16666666666666666,both_options
2025-01-11T21:55:00Z,2025-01-11T22:19:00Z,10.0,0.4,both_options
2025-01-11T22:19:00Z,2025-01-11T22:28:00Z,10.0,0.15,both_options
2025-01-11T22:28:00Z,2025-01-11T22:55:00Z,10.0,0.45,both_options
2025-01-11T22:55:00Z,2025-01-11T23:47:00Z,10.0,0.8666666666666667,both_options
2025-01-11T23:47:00Z,2025-01-11T23:55:00Z,2.5,0.13333333333333333,both_options
2025-01-11T23:55:00Z,2025-01-12T00:11:00Z,4.0,0.26666666666666666,both_options
2025-01-12T00:11:00Z,2025-01-12T00:21:00Z,10.0,0.16666666666666666,both_options
2025-01-12T00:21:00Z,2025-01-12T00:34:00Z,2.5,0.21666666666666667,both_options
2025-01-12T00:34:00Z,2025-01-12T00:55:00Z,10.0,0.35,both_options
2025-01-12T00:55:00Z,2025-01-12T01:46:00Z,10.0,0.85,both_options
2025-01-12T01:46:00Z,2025-01-12T01:55:00Z,7.0,0.15,both_options
2025-01-12T01:55:00Z,2025-01-12T02:09:00Z,10.0,0.23333333333333334,both_options
2025-01-12T02:09:00Z,2025-01-12T02:55:00Z,10.0,0.7666666666666667,both_options
2025-01-12T02:55:00Z,2025-01-12T03:09:00Z,10.0,0.23333333333333334,both_options
2025-01-12T03:09:00Z,2025-01-12T03:35:00Z,4.0,0.43333333333333335,both_options
2025-01-12T03:35:00Z,2025-01-12T03:55:00Z,10.0,0.3333333333333333,both_options
2025-01-12T03:55:00Z,2025-01-12T04:22:00Z,10.0,0.45,both_options
2025-01-12T04:22:00Z,2025-01-12T04:55:00Z,6.0,0.55,both_options
2025-01-12T04:55:00Z,2025-01-12T05:12:00Z,2.5,0.2833333333333333,both_options
2025-01-12T05:12:00Z,2025-01-12T05:55:00Z,6.0,0.7166666666666667,both_options
2025-01-12T05:55:00Z,2025-01-12T06:08:00Z,6.0,0.21666666666666667,both_options
2025-01-12T06:08:00Z,2025-01-12T06:46:00Z,7.0,0.6333333333333333,both_options
2025-01-12T06:46:00Z,2025-01-12T06:53:00Z,2.5,0.11666666666666667,both_options
2025-01-12T06:53:00Z,2025-01-12T06:55:00Z,9.0,0.03333333333333333,both_options
2025-01-12T06:55:00Z,2025-01-12T07:03:00Z,10.0,0.13333333333333333,both_options
2025-01-12T07:03:00Z,2025-01-12T07:33:00Z,3.0,0.5,both_options
2025-01-12T07:33:00Z,2025-01-12T07:42:00Z,2.5,0.15,both_options
2025-01-12T07:42:00Z,2025-01-12T07:55:00Z,6.0,0.21666666666666667,both_options
2025-01-12T07:55:00Z,2025-01-12T08:20:00Z,10.0,0.4166666666666667,both_options
2025-01-12T08:20:00Z,2025-01-12T08:55:00Z,9.0,0.5833333333333334,both_options
2025-01-12T08:55:00Z,2025-01-12T09:55:00Z,5.0,1.0,both_options
2025-01-12T09:55:00Z,2025-01-12T10:05:00Z,4.0,0.16666666666666666,both_options
2025-01-12T10:05:00Z,2025-01-12T10:35:00Z,10.0,0.5,both_options
2025-01-12T10:35:00Z,2025-01-12T10:55:00Z,9.0,0.3333333333333333,both_options
2025-01-12T10:55:00Z,2025-01-12T11:32:00Z,10.0,0.6166666666666667,both_options
2025-01-12T11:32:00Z,2025-01-12T11:38:00Z,6.0,0.1,both_options
2025-01-12T11:38:00Z,2025-01-12T11:50:00Z,7.0,0.2,both_options
2025-01-12T11:50:00Z,2025-01-12T11:55:00Z,4.0,0.08333333333333333,both_options
2025-01-12T11:55:00Z,2025-01-12T12:08:00Z,3.0,0.21666666666666667,both_options
2025-01-12T12:08:00Z,2025-01-12T12:30:00Z,10.0,0.36666666666666664,both_options
2025-01-12T12:30:00Z,2025-01-12T12:55:00Z,9.0,0.4166666666666667,both_options
2025-01-12T12:55:00Z,2025-01-12T13:07:00Z,9.0,0.2,both_options
2025-01-12T13:07:00Z,2025-01-12T13:39:00Z,10.0,0.5333333333333333,both_options
2025-01-12T13:39:00Z,2025-01-12T13:55:00Z,9.0,0.26666666666666666,both_options
2025-01-12T13:55:00Z,2025-01-12T14:36:00Z,8.0,0.6833333333333333,both_options
2025-01-12T14:36:00Z,2025-01-12T14:55:00Z,9.0,0.31666666666666665,both_options
2025-01-12T14:55:00Z,2025-01-12T15:10:00Z,10.0,0.25,both_options
2025-01-12T15:10:00Z,2025-01-12T15:55:00Z,10.0,0.75,both_options
2025-01-12T15:55:00Z,2025-01-12T16:50:00Z,10.0,0.9166666666666666,both_options
2025-01-12T16:50:00Z,2025-01-12T16:55:00Z,10.0,0.08333333333333333,both_options
2025-01-12T16:55:00Z,2025-01-12T17:02:00Z,10.0,0.11666666666666667,both_options
2025-01-12T17:02:00Z,2025-01-12T17:55:00Z,10.0,0.8833333333333333,both_options
2025-01-12T17:55:00Z,2025-01-12T18:55:00Z,10.0,1.0,both_options
2025-01-12T18:55:00Z,2025-01-12T19:30:00Z,10.0,0.5833333333333334,both_options
2025-01-12T19:30:00Z,2025-01-12T19:55:00Z,10.0,0.4166666666666667,both_options
2025-01-12T19:55:00Z,2025-01-12T20:55:00Z,10.0,1.0,both_options
2025-01-12T20:55:00Z,2025-01-12T21:55:00Z,10.0,1.0,both_options
2025-01-12T21:55:00Z,2025-01-12T22:55:00Z,10.0,1.0,both_options
2025-01-12T22:55:00Z,2025-01-12T23:55:00Z,10.0,1.0,both_options
2025-01-12T23:55:00Z,2025-01-13T00:55:00Z,10.0,1.0,both_options
2025-01-13T00:55:00Z,2025-01-13T01:55:00Z,10.0,1.0,both_options
2025-01-13T01:55:00Z,2025-01-13T02:55:00Z,10.0,1.0,both_options
2025-01-13T02:55:00Z,2025-01-13T03:55:00Z,10.0,1.0,both_options
2025-01-13T03:55:00Z,2025-01-13T04:55:00Z,10.0,1.0,both_options
2025-01-13T04:55:00Z,2025-01-13T05:55:00Z,10.0,1.0,both_options
2025-01-13T05:55:00Z,2025-01-13T06:55:00Z,10.0,1.0,both_options
2025-01-13T06:55:00Z,2025-01-13T07:55:00Z,10.0,1.0,both_options
2025-01-13T07:55:00Z,2025-01-13T08:55:00Z,8.0,1.0,both_options
2025-01-13T08:55:00Z,2025-01-13T09:55:00Z,10.0,1.0,both_options
2025-01-13T09:55:00Z,2025-01-13T10:55:00Z,10.0,1.0,both_options
2025-01-13T10:55:00Z,2025-01-13T11:55:00Z,9.0,1.0,both_options
2025-01-13T11:55:00Z,2025-01-13T12:55:00Z,9.0,1.0,both_options
2025-01-13T12:55:00Z,2025-01-13T13:55:00Z,8.0,1.0,both_options
2025-01-13T13:55:00Z,2025-01-13T14:55:00Z,8.0,1.0,both_options
2025-01-13T14:55:00Z,2025-01-13T15:55:00Z,7.0,1.0,both_options
2025-01-13T15:55:00Z,2025-01-13T16:55:00Z,5.0,1.0,both_options
2025-01-13T16:55:00Z,2025-01-13T17:52:00Z,5.0,0.95,both_options
2025-01-13T17:52:00Z,2025-01-13T17:55:00Z,6.0,0.05,both_options
2025-01-13T17:55:00Z,2025-01-13T18:55:00Z,6.0,1.0,both_options
2025-01-13T18:55:00Z,2025-01-13T19:55:00Z,8.0,1.0,both_options
2025-01-13T19:55:00Z,2025-01-13T20:55:00Z,10.0,1.0,both_options
2025-01-13T20:55:00Z,2025-01-13T21:55:00Z,9.0,1.0,both_options
2025-01-13T21:55:00Z,2025-01-13T22:55:00Z,10.0,1.0,both_options
2025-01-13T22:55:00Z,2025-01-13T23:55:00Z,10.0,1.0,both_options
2025-01-13T23:55:00Z,2025-01-14T00:55:00Z,10.0,1.0,both_options
2025-01-14T00:55:00Z,2025-01-14T01:55:00Z,10.0,1.0,both_options
2025-01-14T01:55:00Z,2025-01-14T02:55:00Z,10.0,1.0,both_options
2025-01-14T02:55:00Z,2025-01-14T03:55:00Z,9.0,1.0,both_options
2025-01-14T03:55:00Z,2025-01-14T04:55:00Z,10.0,1.0,both_options
2025-01-14T04:55:00Z,2025-01-14T05:55:00Z,9.0,1.0,both_options
2025-01-14T05:55:00Z,2025-01-14T06:55:00Z,9.0,1.0,both_options
2025-01-14T06:55:00Z,2025-01-14T07:55:00Z,9.0,1.0,both_options
2025-01-14T07:55:00Z,2025-01-14T08:55:00Z,9.0,1.0,both_options
2025-01-14T08:55:00Z,2025-01-14T09:20:00Z,8.0,0.4166666666666667,both_options
2025-01-14T09:20:00Z,2025-01-14T09:55:00Z,7.0,0.5833333333333334,both_options
2025-01-14T09:55:00Z,2025-01-14T10:55:00Z,7.0,1.0,both_options
2025-01-14T10:55:00Z,2025-01-14T11:37:00Z,6.0,0.7,both_options
2025-01-14T11:37:00Z,2025-01-14T11:55:00Z,6.0,0.3,both_options
2025-01-14T11:55:00Z,2025-01-14T12:43:00Z,6.0,0.8,both_options
2025-01-14T12:43:00Z,2025-01-14T12:55:00Z,6.0,0.2,both_options
2025-01-14T12:55:00Z,2025-01-14T13:55:00Z,6.0,1.0,both_options
2025-01-14T13:55:00Z,2025-01-14T14:11:00Z,6.0,0.26666666666666666,both_options
2025-01-14T14:11:00Z,2025-01-14T14:55:00Z,6.0,0.7333333333333333,both_options
2025-01-14T14:55:00Z,2025-01-14T15:55:00Z,8.0,1.0,both_options
2025-01-14T15:55:00Z,2025-01-14T16:31:00Z,9.0,0.6,both_options
2025-01-14T16:31:00Z,2025-01-14T16:55:00Z,8.0,0.4,both_options
2025-01-14T16:55:00Z,2025-01-14T17:55:00Z,7.0,1.0,both_options
2025-01-14T17:55:00Z,2025-01-14T18:55:00Z,8.0,1.0,both_options
2025-01-14T18:55:00Z,2025-01-14T19:55:00Z,8.0,1.0,both_options
2025-01-14T19:55:00Z,2025-01-14T20:55:00Z,10.0,1.0,both_options
2025-01-14T20:55:00Z,2025-01-14T21:55:00Z,10.0,1.0,both_options
2025-01-14T21:55:00Z,2025-01-14T22:55:00Z,10.0,1.0,both_options
2025-01-14T22:55:00Z,2025-01-14T23:55:00Z,10.0,1.0,both_options
2025-01-14T23:55:00Z,2025-01-15T00:55:00Z,9.0,1.0,both_options
2025-01-15T00:55:00Z,2025-01-15T01:55:00Z,8.0,1.0,both_options
2025-01-15T01:55:00Z,2025-01-15T02:55:00Z,10.0,1.0,both_options
2025-01-15T02:55:00Z,2025-01-15T03:55:00Z,9.0,1.0,both_options
2025-01-15T03:55:00Z,2025-01-15T04:55:00Z,7.0,1.0,both_options
2025-01-15T04:55:00Z,2025-01-15T05:55:00Z,7.0,1.0,both_options
2025-01-15T05:55:00Z,2025-01-15T06:55:00Z,5.0,1.0,both_options
2025-01-15T06:55:00Z,2025-01-15T07:55:00Z,9.0,1.0,both_options
2025-01-15T07:55:00Z,2025-01-15T08:55:00Z,8.0,1.0,both_options
2025-01-15T08:55:00Z,2025-01-15T09:29:00Z,8.0,0.5666666666666667,both_options
2025-01-15T09:29:00Z,2025-01-15T09:55:00Z,8.0,0.43333333333333335,both_options
2025-01-15T09:55:00Z,2025-01-15T10:55:00Z,7.0,1.0,both_options
2025-01-15T10:55:00Z,2025-01-15T11:55:00Z,8.0,1.0,both_options
2025-01-15T11:55:00Z,2025-01-15T12:55:00Z,7.0,1.0,both_options
2025-01-15T12:55:00Z,2025-01-15T13:55:00Z,10.0,1.0,both_options
2025-01-15T13:55:00Z,2025-01-15T14:55:00Z,10.0,1.0,both_options
2025-01-15T14:55:00Z,2025-01-15T15:55:00Z,10.0,1.0,both_options
2025-01-15T15:55:00Z,2025-01-15T16:55:00Z,9.0,1.0,both_options
2025-01-15T16:55:00Z,2025-01-15T17:55:00Z,9.0,1.0,both_options
2025-01-15T17:55:00Z,2025-01-15T18:55:00Z,10.0,1.0,both_options
2025-01-15T18:55:00Z,2025-01-15T19:55:00Z,10.0,1.0,both_options
2025-01-15T19:55:00Z,2025-01-15T20:55:00Z,10.0,1.0,both_options
2025-01-15T20:55:00Z,2025-01-15T21:55:00Z,10.0,1.0,both_options
2025-01-15T21:55:00Z,2025-01-15T22:55:00Z,10.0,1.0,both_options
2025-01-15T22:55:00Z,2025-01-15T23:55:00Z,10.0,1.0,both_options
2025-01-15T23:55:00Z,2025-01-16T00:55:00Z,10.0,1.0,both_options
2025-01-16T00:55:00Z,2025-01-16T01:55:00Z,10.0,1.0,both_options
2025-01-16T01:55:00Z,2025-01-16T02:55:00Z,10.0,1.0,both_options
2025-01-16T02:55:00Z,2025-01-16T03:55:00Z,8.0,1.0,both_options
2025-01-16T03:55:00Z,2025-01-16T04:55:00Z,6.0,1.0,both_options
2025-01-16T04:55:00Z,2025-01-16T05:55:00Z,8.0,1.0,both_options
2025-01-16T05:55:00Z,2025-01-16T06:05:00Z,5.0,0.16666666666666666,both_options
2025-01-16T06:05:00Z,2025-01-16T06:10:00Z,5.0,0.08333333333333333,both_options
2025-01-16T06:10:00Z,2025-01-16T06:17:00Z,3.0,0.11666666666666667,both_options
2025-01-16T06:17:00Z,2025-01-16T06:27:00Z,1.75,0.16666666666666666,both_options
2025-01-16T06:27:00Z,2025-01-16T06:55:00Z,0.75,0.4666666666666667,lower_only
2025-01-16T06:55:00Z,2025-01-16T07:31:00Z,0.75,0.6,lower_only
2025-01-16T07:31:00Z,2025-01-16T07:35:00Z,1.25,0.06666666666666667,both_options
2025-01-16T07:35:00Z,2025-01-16T07:55:00Z,0.75,0.3333333333333333,lower_only
2025-01-16T07:55:00Z,2025-01-16T07:59:00Z,1.5,0.06666666666666667,both_options
2025-01-16T07:59:00Z,2025-01-16T08:18:00Z,3.0,0.31666666666666665,both_options
2025-01-16T08:18:00Z,2025-01-16T08:25:00Z,3.0,0.11666666666666667,both_options
2025-01-16T08:25:00Z,2025-01-16T08:27:00Z,1.5,0.03333333333333333,both_options
2025-01-16T08:27:00Z,2025-01-16T08:55:00Z,0.75,0.4666666666666667,lower_only
2025-01-16T08:55:00Z,2025-01-16T09:09:00Z,1.0,0.23333333333333334,both_options
2025-01-16T09:09:00Z,2025-01-16T09:16:00Z,2.0,0.11666666666666667,both_options
2025-01-16T09:16:00Z,2025-01-16T09:32:00Z,4.0,0.26666666666666666,both_options
2025-01-16T09:32:00Z,2025-01-16T09:43:00Z,1.75,0.18333333333333332,both_options
2025-01-16T09:43:00Z,2025-01-16T09:50:00Z,1.0,0.11666666666666667,both_options
2025-01-16T09:50:00Z,2025-01-16T09:55:00Z,0.75,0.08333333333333333,lower_only
2025-01-16T09:55:00Z,2025-01-16T09:57:00Z,0.5,0.03333333333333333,neither_option
2025-01-16T09:57:00Z,2025-01-16T10:08:00Z,0.5,0.18333333333333332,neither_option
2025-01-16T10:08:00Z,2025-01-16T10:16:00Z,0.25,0.13333333333333333,neither_option
2025-01-16T10:16:00Z,2025-01-16T10:20:00Z,0.25,0.06666666666666667,neither_option
2025-01-16T10:20:00Z,2025-01-16T10:37:00Z,0.5,0.2833333333333333,neither_option
2025-01-16T10:37:00Z,2025-01-16T10:47:00Z,1.0,0.16666666666666666,both_options
2025-01-16T10:47:00Z,2025-01-16T10:55:00Z,1.0,0.13333333333333333,both_options
2025-01-16T10:55:00Z,2025-01-16T11:09:00Z,1.75,0.23333333333333334,both_options
2025-01-16T11:09:00Z,2025-01-16T11:22:00Z,1.0,0.21666666666666667,both_options
2025-01-16T11:22:00Z,2025-01-16T11:30:00Z,2.0,0.13333333333333333,both_options
2025-01-16T11:30:00Z,2025-01-16T11:39:00Z,4.0,0.15,both_options
2025-01-16T11:39:00Z,2025-01-16T11:55:00Z,3.0,0.26666666666666666,both_options
2025-01-16T11:55:00Z,2025-01-16T12:55:00Z,4.0,1.0,both_options
2025-01-16T12:55:00Z,2025-01-16T13:52:00Z,5.0,0.95,both_options
2025-01-16T13:52:00Z,2025-01-16T13:55:00Z,6.0,0.05,both_options
2025-01-16T13:55:00Z,2025-01-16T14:55:00Z,5.0,1.0,both_options
2025-01-16T14:55:00Z,2025-01-16T15:55:00Z,6.0,1.0,both_options
2025-01-16T15:55:00Z,2025-01-16T16:16:00Z,6.0,0.35,both_options
2025-01-16T16:16:00Z,2025-01-16T16:37:00Z,6.0,0.35,both_options
2025-01-16T16:37:00Z,2025-01-16T16:55:00Z,6.0,0.3,both_options
2025-01-16T16:55:00Z,2025-01-16T17:39:00Z,6.0,0.7333333333333333,both_options
2025-01-16T17:39:00Z,2025-01-16T17:55:00Z,6.0,0.26666666666666666,both_options
2025-01-16T17:55:00Z,2025-01-16T18:42:00Z,7.0,0.7833333333333333,both_options
2025-01-16T18:42:00Z,2025-01-16T18:55:00Z,9.0,0.21666666666666667,both_options
2025-01-16T18:55:00Z,2025-01-16T19:02:00Z,5.0,0.11666666666666667,both_options
2025-01-16T19:02:00Z,2025-01-16T19:10:00Z,2.5,0.13333333333333333,both_options
2025-01-16T19:10:00Z,2025-01-16T19:28:00Z,1.75,0.3,both_options
2025-01-16T19:28:00Z,2025-01-16T19:34:00Z,1.25,0.1,both_options
2025-01-16T19:34:00Z,2025-01-16T19:55:00Z,1.5,0.35,both_options
2025-01-16T19:55:00Z,2025-01-16T20:15:00Z,2.0,0.3333333333333333,both_options
2025-01-16T20:15:00Z,2025-01-16T20:22:00Z,7.0,0.11666666666666667,both_options
2025-01-16T20:22:00Z,2025-01-16T20:30:00Z,10.0,0.13333333333333333,both_options
2025-01-16T20:30:00Z,2025-01-16T20:55:00Z,10.0,0.4166666666666667,both_options
2025-01-16T20:55:00Z,2025-01-16T21:13:00Z,10.0,0.3,both_options
2025-01-16T21:13:00Z,2025-01-16T21:52:00Z,4.0,0.65,both_options
2025-01-16T21:52:00Z,2025-01-16T21:55:00Z,10.0,0.05,both_options
2025-01-16T21:55:00Z,2025-01-16T22:55:00Z,10.0,1.0,both_options
2025-01-16T22:55:00Z,2025-01-16T23:55:00Z,10.0,1.0,both_options
2025-01-16T23:55:00Z,2025-01-17T00:55:00Z,9.0,1.0,both_options
2025-01-17T00:55:00Z,2025-01-17T01:55:00Z,10.0,1.0,both_options
2025-01-17T01:55:00Z,2025-01-17T02:55:00Z,10.0,1.0,both_options
2025-01-17T02:55:00Z,2025-01-17T03:55:00Z,10.0,1.0,both_options
2025-01-17T03:55:00Z,2025-01-17T04:55:00Z,10.0,1.0,both_options
2025-01-17T04:55:00Z,2025-01-17T05:55:00Z,10.0,1.0,both_options
2025-01-17T05:55:00Z,2025-01-17T06:55:00Z,10.0,1.0,both_options
2025-01-17T06:55:00Z,2025-01-17T07:55:00Z,10.0,1.0,both_options
2025-01-17T07:55:00Z,2025-01-17T08:55:00Z,9.0,1.0,both_options
2025-01-17T08:55:00Z,2025-01-17T09:55:00Z,8.0,1.0,both_options
2025-01-17T09:55:00Z,2025-01-17T10:55:00Z,8.0,1.0,both_options
2025-01-17T10:55:00Z,2025-01-17T11:55:00Z,8.0,1.0,both_options
2025-01-17T11:55:00Z,2025-01-17T12:22:00Z,10.0,0.45,both_options
2025-01-17T12:22:00Z,2025-01-17T12:55:00Z,7.0,0.55,both_options
2025-01-17T12:55:00Z,2025-01-17T13:55:00Z,9.0,1.0,both_options
2025-01-17T13:55:00Z,2025-01-17T14:10:00Z,8.0,0.25,both_options
2025-01-17T14:10:00Z,2025-01-17T14:12:00Z,3.0,0.03333333333333333,both_options
2025-01-17T14:12:00Z,2025-01-17T14:16:00Z,2.0,0.06666666666666667,both_options
2025-01-17T14:16:00Z,2025-01-17T14:27:00Z,1.25,0.18333333333333332,both_options
2025-01-17T14:27:00Z,2025-01-17T14:31:00Z,1.5,0.06666666666666667,both_options
2025-01-17T14:31:00Z,2025-01-17T14:38:00Z,1.0,0.11666666666666667,both_options
2025-01-17T14:38:00Z,2025-01-17T14:50:00Z,0.5,0.2,neither_option
2025-01-17T14:50:00Z,2025-01-17T14:55:00Z,0.25,0.08333333333333333,neither_option
2025-01-17T14:55:00Z,2025-01-17T15:55:00Z,0.25,1.0,neither_option
2025-01-17T15:55:00Z,2025-01-17T16:16:00Z,0.25,0.35,neither_option
2025-01-17T16:16:00Z,2025-01-17T16:55:00Z,0.25,0.65,neither_option
2025-01-17T16:55:00Z,2025-01-17T17:44:00Z,0.25,0.8166666666666667,neither_option
2025-01-17T17:44:00Z,2025-01-17T17:55:00Z,0.25,0.18333333333333332,neither_option
2025-01-17T17:55:00Z,2025-01-17T18:55:00Z,0.25,1.0,neither_option
2025-01-17T18:55:00Z,2025-01-17T19:55:00Z,0.25,1.0,neither_option
2025-01-17T19:55:00Z,2025-01-17T20:04:00Z,0.25,0.15,neither_option
2025-01-17T20:04:00Z,2025-01-17T20:09:00Z,1.0,0.08333333333333333,both_options
2025-01-17T20:09:00Z,2025-01-17T20:27:00Z,3.0,0.3,both_options
2025-01-17T20:27:00Z,2025-01-17T20:55:00Z,8.0,0.4666666666666667,both_options
2025-01-17T20:55:00Z,2025-01-17T21:55:00Z,6.0,1.0,both_options
2025-01-17T21:55:00Z,2025-01-17T22:55:00Z,9.0,1.0,both_options
2025-01-17T22:55:00Z,2025-01-17T23:55:00Z,10.0,1.0,both_options
2025-01-17T23:55:00Z,2025-01-18T00:55:00Z,10.0,1.0,both_options
2025-01-18T00:55:00Z,2025-01-18T01:55:00Z,9.0,1.0,both_options
2025-01-18T01:55:00Z,2025-01-18T02:55:00Z,10.0,1.0,both_options
2025-01-18T02:55:00Z,2025-01-18T03:55:00Z,10.0,1.0,both_options
2025-01-18T03:55:00Z,2025-01-18T04:55:00Z,10.0,1.0,both_options
2025-01-18T04:55:00Z,2025-01-18T05:55:00Z,10.0,1.0,both_options
2025-01-18T05:55:00Z,2025-01-18T06:55:00Z,10.0,1.0,both_options
2025-01-18T06:55:00Z,2025-01-18T07:55:00Z,9.0,1.0,both_options
2025-01-18T07:55:00Z,2025-01-18T08:55:00Z,9.0,1.0,both_options
2025-01-18T08:55:00Z,2025-01-18T09:55:00Z,10.0,1.0,both_options
2025-01-18T09:55:00Z,2025-01-18T10:55:00Z,10.0,1.0,both_options
2025-01-18T10:55:00Z,2025-01-18T11:55:00Z,10.0,1.0,both_options
2025-01-18T11:55:00Z,2025-01-18T12:55:00Z,10.0,1.0,both_options
2025-01-18T12:55:00Z,2025-01-18T13:33:00Z,10.0,0.6333333333333333,both_options
2025-01-18T13:33:00Z,2025-01-18T13:36:00Z,1.75,0.05,both_options
2025-01-18T13:36:00Z,2025-01-18T13:44:00Z,1.25,0.13333333333333333,both_options
2025-01-18T13:44:00Z,2025-01-18T13:52:00Z,2.0,0.13333333333333333,both_options
2025-01-18T13:52:00Z,2025-01-18T13:55:00Z,4.0,0.05,both_options
2025-01-18T13:55:00Z,2025-01-18T14:55:00Z,4.0,1.0,both_options
2025-01-18T14:55:00Z,2025-01-18T15:55:00Z,7.0,1.0,both_options
2025-01-18T15:55:00Z,2025-01-18T16:55:00Z,10.0,1.0,both_options
2025-01-18T16:55:00Z,2025-01-18T17:55:00Z,8.0,1.0,both_options
2025-01-18T17:55:00Z,2025-01-18T18:55:00Z,9.0,1.0,both_options
2025-01-18T18:55:00Z,2025-01-18T19:55:00Z,10.0,1.0,both_options
2025-01-18T19:55:00Z,2025-01-18T20:55:00Z,10.0,1.0,both_options
2025-01-18T20:55:00Z,2025-01-18T21:55:00Z,10.0,1.0,both_options
2025-01-18T21:55:00Z,2025-01-18T22:55:00Z,10.0,1.0,both_options
2025-01-18T22:55:00Z,2025-01-18T23:55:00Z,10.0,1.0,both_options
2025-01-18T23:55:00Z,2025-01-19T00:55:00Z,10.0,1.0,both_options
2025-01-19T00:55:00Z,2025-01-19T01:55:00Z,10.0,1.0,both_options
2025-01-19T01:55:00Z,2025-01-19T02:55:00Z,10.0,1.0,both_options
2025-01-19T02:55:00Z,2025-01-19T03:55:00Z,10.0,1.0,both_options
2025-01-19T03:55:00Z,2025-01-19T04:55:00Z,10.0,1.0,both_options
2025-01-19T04:55:00Z,2025-01-19T05:55:00Z,10.0,1.0,both_options
2025-01-19T05:55:00Z,2025-01-19T06:55:00Z,10.0,1.0,both_options
2025-01-19T06:55:00Z,2025-01-19T07:55:00Z,10.0,1.0,both_options
2025-01-19T07:55:00Z,2025-01-19T08:55:00Z,10.0,1.0,both_options
2025-01-19T08:55:00Z,2025-01-19T09:55:00Z,10.0,1.0,both_options
2025-01-19T09:55:00Z,2025-01-19T10:55:00Z,10.0,1.0,both_options
2025-01-19T10:55:00Z,2025-01-19T11:55:00Z,9.0,1.0,both_options
2025-01-19T11:55:00Z,2025-01-19T12:55:00Z,10.0,1.0,both_options
2025-01-19T12:55:00Z,2025-01-19T13:55:00Z,10.0,1.0,both_options
2025-01-19T13:55:00Z,2025-01-19T14:09:00Z,10.0,0.23333333333333334,both_options
2025-01-19T14:09:00Z,2025-01-19T14:18:00Z,10.0,0.15,both_options
2025-01-19T14:18:00Z,2025-01-19T14:43:00Z,10.0,0.4166666666666667,both_options
2025-01-19T14:43:00Z,2025-01-19T14:55:00Z,10.0,0.2,both_options
2025-01-19T14:55:00Z,2025-01-19T15:03:00Z,10.0,0.13333333333333333,both_options
2025-01-19T15:03:00Z,2025-01-19T15:29:00Z,10.0,0.43333333333333335,both_options
2025-01-19T15:29:00Z,2025-01-19T15:32:00Z,1.5,0.05,both_options
2025-01-19T15:32:00Z,2025-01-19T15:55:00Z,0.75,0.38333333333333336,lower_only
2025-01-19T15:55:00Z,2025-01-19T16:02:00Z,0.5,0.11666666666666667,neither_option
2025-01-19T16:02:00Z,2025-01-19T16:20:00Z,0.25,0.3,neither_option
2025-01-19T16:20:00Z,2025-01-19T16:22:00Z,1.0,0.03333333333333333,both_options
2025-01-19T16:22:00Z,2025-01-19T16:29:00Z,2.5,0.11666666666666667,both_options
2025-01-19T16:29:00Z,2025-01-19T16:55:00Z,5.0,0.43333333333333335,both_options
2025-01-19T16:55:00Z,2025-01-19T17:55:00Z,7.0,1.0,both_options
2025-01-19T17:55:00Z,2025-01-19T18:55:00Z,7.0,1.0,both_options
2025-01-19T18:55:00Z,2025-01-19T19:55:00Z,10.0,1.0,both_options
2025-01-19T19:55:00Z,2025-01-19T20:55:00Z,10.0,1.0,both_options
2025-01-19T20:55:00Z,2025-01-19T21:55:00Z,10.0,1.0,both_options
2025-01-19T21:55:00Z,2025-01-19T22:55:00Z,10.0,1.0,both_options
2025-01-19T22:55:00Z,2025-01-19T23:55:00Z,10.0,1.0,both_options
2025-01-19T23:55:00Z,2025-01-20T00:55:00Z,10.0,1.0,both_options
2025-01-20T00:55:00Z,2025-01-20T01:55:00Z,10.0,1.0,both_options
2025-01-20T01:55:00Z,2025-01-20T02:55:00Z,10.0,1.0,both_options
2025-01-20T02:55:00Z,2025-01-20T03:55:00Z,10.0,1.0,both_options
2025-01-20T03:55:00Z,2025-01-20T04:55:00Z,10.0,1.0,both_options
2025-01-20T04:55:00Z,2025-01-20T05:55:00Z,10.0,1.0,both_options
2025-01-20T05:55:00Z,2025-01-20T06:55:00Z,10.0,1.0,both_options
2025-01-20T06:55:00Z,2025-01-20T07:55:00Z,10.0,1.0,both_options
2025-01-20T07:55:00Z,2025-01-20T08:55:00Z,10.0,1.0,both_options
2025-01-20T08:55:00Z,2025-01-20T09:55:00Z,10.0,1.0,both_options
2025-01-20T09:55:00Z,2025-01-20T10:55:00Z,10.0,1.0,both_options
2025-01-20T10:55:00Z,2025-01-20T11:55:00Z,10.0,1.0,both_options
2025-01-20T11:55:00Z,2025-01-20T12:55:00Z,10.0,1.0,both_options
2025-01-20T12:55:00Z,2025-01-20T13:55:00Z,10.0,1.0,both_options
2025-01-20T13:55:00Z,2025-01-20T14:55:00Z,10.0,1.0,both_options
2025-01-20T14:55:00Z,2025-01-20T15:55:00Z,10.0,1.0,both_options
2025-01-20T15:55:00Z,2025-01-20T16:55:00Z,10.0,1.0,both_options
2025-01-20T16:55:00Z,2025-01-20T17:55:00Z,10.0,1.0,both_options
2025-01-20T17:55:00Z,2025-01-20T18:55:00Z,10.0,1.0,both_options
2025-01-20T18:55:00Z,2025-01-20T19:55:00Z,10.0,1.0,both_options
2025-01-20T19:55:00Z,2025-01-20T20:55:00Z,10.0,1.0,both_options
2025-01-20T20:55:00Z,2025-01-20T21:55:00Z,10.0,1.0,both_options
2025-01-20T21:55:00Z,2025-01-20T22:55:00Z,10.0,1.0,both_options
2025-01-20T22:55:00Z,2025-01-20T23:55:00Z,10.0,1.0,both_options
2025-01-20T23:55:00Z,2025-01-21T00:55:00Z,10.0,1.0,both_options
2025-01-21T00:55:00Z,2025-01-21T01:55:00Z,10.0,1.0,both_options
2025-01-21T01:55:00Z,2025-01-21T02:55:00Z,10.0,1.0,both_options
2025-01-21T02:55:00Z,2025-01-21T03:55:00Z,10.0,1.0,both_options
2025-01-21T03:55:00Z,2025-01-21T04:55:00Z,10.0,1.0,both_options
2025-01-21T04:55:00Z,2025-01-21T05:55:00Z,10.0,1.0,both_options
2025-01-21T05:55:00Z,2025-01-21T06:55:00Z,10.0,1.0,both_options
2025-01-21T06:55:00Z,2025-01-21T07:55:00Z,10.0,1.0,both_options
2025-01-21T07:55:00Z,2025-01-21T08:55:00Z,10.0,1.0,both_options
2025-01-21T08:55:00Z,2025-01-21T09:55:00Z,10.0,1.0,both_options
2025-01-21T09:55:00Z,2025-01-21T10:55:00Z,10.0,1.0,both_options
2025-01-21T10:55:00Z,2025-01-21T11:55:00Z,10.0,1.0,both_options
2025-01-21T11:55:00Z,2025-01-21T12:55:00Z,10.0,1.0,both_options
2025-01-21T12:55:00Z,2025-01-21T13:55:00Z,10.0,1.0,both_options
2025-01-21T13:55:00Z,2025-01-21T14:55:00Z,10.0,1.0,both_options
2025-01-21T14:55:00Z,2025-01-21T15:55:00Z,10.0,1.0,both_options
2025-01-21T15:55:00Z,2025-01-21T16:55:00Z,10.0,1.0,both_options
2025-01-21T16:55:00Z,2025-01-21T17:55:00Z,6.0,1.0,both_options
2025-01-21T17:55:00Z,2025-01-21T18:55:00Z,6.0,1.0,both_options
2025-01-21T18:55:00Z,2025-01-21T19:55:00Z,10.0,1.0,both_options
2025-01-21T19:55:00Z,2025-01-21T20:55:00Z,10.0,1.0,both_options
2025-01-21T20:55:00Z,2025-01-21T21:55:00Z,10.0,1.0,both_options
2025-01-21T21:55:00Z,2025-01-21T22:55:00Z,10.0,1.0,both_options
2025-01-21T22:55:00Z,2025-01-21T23:55:00Z,10.0,1.0,both_options
2025-01-21T23:55:00Z,2025-01-22T00:55:00Z,10.0,1.0,both_options
2025-01-22T00:55:00Z,2025-01-22T01:55:00Z,10.0,1.0,both_options
2025-01-22T01:55:00Z,2025-01-22T02:55:00Z,10.0,1.0,both_options
2025-01-22T02:55:00Z,2025-01-22T03:55:00Z,10.0,1.0,both_options
2025-01-22T03:55:00Z,2025-01-22T04:55:00Z,9.0,1.0,both_options
2025-01-22T04:55:00Z,2025-01-22T05:55:00Z,9.0,1.0,both_options
2025-01-22T05:55:00Z,2025-01-22T06:55:00Z,9.0,1.0,both_options
2025-01-22T06:55:00Z,2025-01-22T07:55:00Z,10.0,1.0,both_options
2025-01-22T07:55:00Z,2025-01-22T08:55:00Z,10.0,1.0,both_options
2025-01-22T08:55:00Z,2025-01-22T09:55:00Z,9.0,1.0,both_options
2025-01-22T09:55:00Z,2025-01-22T10:55:00Z,10.0,1.0,both_options
2025-01-22T10:55:00Z,2025-01-22T11:55:00Z,9.0,1.0,both_options
2025-01-22T11:55:00Z,2025-01-22T12:55:00Z,10.0,1.0,both_options
2025-01-22T12:55:00Z,2025-01-22T13:55:00Z,10.0,1.0,both_options
2025-01-22T13:55:00Z,2025-01-22T14:55:00Z,10.0,1.0,both_options
2025-01-22T14:55:00Z,2025-01-22T15:55:00Z,10.0,1.0,both_options
2025-01-22T15:55:00Z,2025-01-22T16:55:00Z,9.0,1.0,both_options
2025-01-22T16:55:00Z,2025-01-22T17:55:00Z,9.0,1.0,both_options
2025-01-22T17:55:00Z,2025-01-22T18:55:00Z,10.0,1.0,both_options
2025-01-22T18:55:00Z,2025-01-22T19:55:00Z,10.0,1.0,both_options
2025-01-22T19:55:00Z,2025-01-22T20:55:00Z,10.0,1.0,both_options
2025-01-22T20:55:00Z,2025-01-22T21:55:00Z,10.0,1.0,both_options
2025-01-22T21:55:00Z,2025-01-22T22:55:00Z,10.0,1.0,both_options
2025-01-22T22:55:00Z,2025-01-22T23:55:00Z,10.0,1.0,both_options
2025-01-22T23:55:00Z,2025-01-23T00:55:00Z,10.0,1.0,both_options
2025-01-23T00:55:00Z,2025-01-23T01:55:00Z,10.0,1.0,both_options
2025-01-23T01:55:00Z,2025-01-23T02:55:00Z,10.0,1.0,both_options
2025-01-23T02:55:00Z,2025-01-23T03:55:00Z,10.0,1.0,both_options
2025-01-23T03:55:00Z,2025-01-23T04:55:00Z,10.0,1.0,both_options
2025-01-23T04:55:00Z,2025-01-23T05:55:00Z,10.0,1.0,both_options
2025-01-23T05:55:00Z,2025-01-23T06:55:00Z,10.0,1.0,both_options
2025-01-23T06:55:00Z,2025-01-23T07:55:00Z,10.0,1.0,both_options
2025-01-23T07:55:00Z,2025-01-23T08:55:00Z,10.0,1.0,both_options
2025-01-23T08:55:00Z,2025-01-23T09:55:00Z,10.0,1.0,both_options
2025-01-23T09:55:00Z,2025-01-23T10:55:00Z,10.0,1.0,both_options
2025-01-23T10:55:00Z,2025-01-23T11:55:00Z,10.0,1.0,both_options
2025-01-23T11:55:00Z,2025-01-23T12:55:00Z,10.0,1.0,both_options
2025-01-23T12:55:00Z,2025-01-23T13:55:00Z,10.0,1.0,both_options
2025-01-23T13:55:00Z,2025-01-23T14:55:00Z,10.0,1.0,both_options
2025-01-23T14:55:00Z,2025-01-23T15:55:00Z,10.0,1.0,both_options
2025-01-23T15:55:00Z,2025-01-23T16:55:00Z,10.0,1.0,both_options
2025-01-23T16:55:00Z,2025-01-23T17:55:00Z,10.0,1.0,both_options
2025-01-23T17:55:00Z,2025-01-23T18:55:00Z,10.0,1.0,both_options
2025-01-23T18:55:00Z,2025-01-23T19:55:00Z,10.0,1.0,both_options
2025-01-23T19:55:00Z,2025-01-23T20:55:00Z,10.0,1.0,both_options
2025-01-23T20:55:00Z,2025-01-23T21:55:00Z,10.0,1.0,both_options
2025-01-23T21:55:00Z,2025-01-23T22:55:00Z,10.0,1.0,both_options
2025-01-23T22:55:00Z,2025-01-23T23:55:00Z,10.0,1.0,both_options
2025-01-23T23:55:00Z,2025-01-24T00:55:00Z,10.0,1.0,both_options
2025-01-24T00:55:00Z,2025-01-24T01:02:00Z,10.0,0.11666666666666667,both_options
2025-01-24T01:02:00Z,2025-01-24T01:55:00Z,10.0,0.8833333333333333,both_options
2025-01-24T01:55:00Z,2025-01-24T02:19:00Z,10.0,0.4,both_options
2025-01-24T02:19:00Z,2025-01-24T02:55:00Z,10.0,0.6,both_options
2025-01-24T02:55:00Z,2025-01-24T03:37:00Z,10.0,0.7,both_options
2025-01-24T03:37:00Z,2025-01-24T03:55:00Z,10.0,0.3,both_options
2025-01-24T03:55:00Z,2025-01-24T04:55:00Z,10.0,1.0,both_options
2025-01-24T04:55:00Z,2025-01-24T05:02:00Z,10.0,0.11666666666666667,both_options
2025-01-24T05:02:00Z,2025-01-24T05:26:00Z,9.0,0.4,both_options
2025-01-24T05:26:00Z,2025-01-24T05:34:00Z,8.0,0.13333333333333333,both_options
2025-01-24T05:34:00Z,2025-01-24T05:42:00Z,9.0,0.13333333333333333,both_options
2025-01-24T05:42:00Z,2025-01-24T05:55:00Z,10.0,0.21666666666666667,both_options
2025-01-24T05:55:00Z,2025-01-24T06:40:00Z,10.0,0.75,both_options
2025-01-24T06:40:00Z,2025-01-24T06:53:00Z,10.0,0.21666666666666667,both_options
2025-01-24T06:53:00Z,2025-01-24T06:55:00Z,8.0,0.03333333333333333,both_options
2025-01-24T06:55:00Z,2025-01-24T07:25:00Z,8.0,0.5,both_options
2025-01-24T07:25:00Z,2025-01-24T07:55:00Z,5.0,0.5,both_options
2025-01-24T07:55:00Z,2025-01-24T08:32:00Z,6.0,0.6166666666666667,both_options
2025-01-24T08:32:00Z,2025-01-24T08:41:00Z,4.0,0.15,both_options
2025-01-24T08:41:00Z,2025-01-24T08:52:00Z,4.0,0.18333333333333332,both_options
2025-01-24T08:52:00Z,2025-01-24T08:55:00Z,5.0,0.05,both_options
2025-01-24T08:55:00Z,2025-01-24T09:31:00Z,5.0,0.6,both_options
2025-01-24T09:31:00Z,2025-01-24T09:55:00Z,6.0,0.4,both_options
2025-01-24T09:55:00Z,2025-01-24T10:28:00Z,6.0,0.55,both_options
2025-01-24T10:28:00Z,2025-01-24T10:36:00Z,2.5,0.13333333333333333,both_options
2025-01-24T10:36:00Z,2025-01-24T10:38:00Z,1.25,0.03333333333333333,both_options
2025-01-24T10:38:00Z,2025-01-24T10:55:00Z,0.75,0.2833333333333333,lower_only
2025-01-24T10:55:00Z,2025-01-24T10:58:00Z,0.75,0.05,lower_only
2025-01-24T10:58:00Z,2025-01-24T11:02:00Z,1.25,0.06666666666666667,both_options
2025-01-24T11:02:00Z,2025-01-24T11:13:00Z,2.0,0.18333333333333332,both_options
2025-01-24T11:13:00Z,2025-01-24T11:19:00Z,10.0,0.1,both_options
2025-01-24T11:19:00Z,2025-01-24T11:26:00Z,1.0,0.11666666666666667,both_options
2025-01-24T11:26:00Z,2025-01-24T11:30:00Z,0.5,0.06666666666666667,neither_option
2025-01-24T11:30:00Z,2025-01-24T11:32:00Z,1.5,0.03333333333333333,both_options
2025-01-24T11:32:00Z,2025-01-24T11:55:00Z,3.0,0.38333333333333336,both_options
2025-01-24T11:55:00Z,2025-01-24T12:17:00Z,5.0,0.36666666666666664,both_options
2025-01-24T12:17:00Z,2025-01-24T12:19:00Z,1.5,0.03333333333333333,both_options
2025-01-24T12:19:00Z,2025-01-24T12:22:00Z,1.0,0.05,both_options
2025-01-24T12:22:00Z,2025-01-24T12:31:00Z,0.5,0.15,neither_option
2025-01-24T12:31:00Z,2025-01-24T12:35:00Z,1.5,0.06666666666666667,both_options
2025-01-24T12:35:00Z,2025-01-24T12:55:00Z,3.0,0.3333333333333333,both_options
2025-01-24T12:55:00Z,2025-01-24T13:55:00Z,8.0,1.0,both_options
2025-01-24T13:55:00Z,2025-01-24T14:55:00Z,9.0,1.0,both_options
2025-01-24T14:55:00Z,2025-01-24T15:55:00Z,9.0,1.0,both_options
2025-01-24T15:55:00Z,2025-01-24T16:55:00Z,8.0,1.0,both_options
2025-01-24T16:55:00Z,2025-01-24T17:55:00Z,10.0,1.0,both_options
2025-01-24T17:55:00Z,2025-01-24T18:55:00Z,10.0,1.0,both_options
2025-01-24T18:55:00Z,2025-01-24T19:55:00Z,10.0,1.0,both_options
2025-01-24T19:55:00Z,2025-01-24T20:55:00Z,10.0,1.0,both_options
2025-01-24T20:55:00Z,2025-01-24T21:55:00Z,10.0,1.0,both_options
2025-01-24T21:55:00Z,2025-01-24T22:55:00Z,10.0,1.0,both_options
2025-01-24T22:55:00Z,2025-01-24T23:55:00Z,10.0,1.0,both_options
2025-01-24T23:55:00Z,2025-01-25T00:55:00Z,10.0,1.0,both_options
2025-01-25T00:55:00Z,2025-01-25T01:55:00Z,10.0,1.0,both_options
2025-01-25T01:55:00Z,2025-01-25T02:55:00Z,10.0,1.0,both_options
2025-01-25T02:55:00Z,2025-01-25T03:55:00Z,10.0,1.0,both_options
2025-01-25T03:55:00Z,2025-01-25T04:55:00Z,10.0,1.0,both_options
2025-01-25T04:55:00Z,2025-01-25T05:55:00Z,10.0,1.0,both_options
2025-01-25T05:55:00Z,2025-01-25T06:55:00Z,10.0,1.0,both_options
2025-01-25T06:55:00Z,2025-01-25T07:55:00Z,10.0,1.0,both_options
2025-01-25T07:55:00Z,2025-01-25T08:55:00Z,10.0,1.0,both_options
2025-01-25T08:55:00Z,2025-01-25T09:55:00Z,10.0,1.0,both_options
2025-01-25T09:55:00Z,2025-01-25T10:55:00Z,10.0,1.0,both_options
2025-01-25T10:55:00Z,2025-01-25T11:55:00Z,10.0,1.0,both_options
2025-01-25T11:55:00Z,2025-01-25T12:55:00Z,10.0,1.0,both_options
2025-01-25T12:55:00Z,2025-01-25T13:55:00Z,10.0,1.0,both_options
2025-01-25T13:55:00Z,2025-01-25T14:55:00Z,10.0,1.0,both_options
2025-01-25T14:55:00Z,2025-01-25T15:55:00Z,10.0,1.0,both_options
2025-01-25T15:55:00Z,2025-01-25T16:55:00Z,9.0,1.0,both_options
2025-01-25T16:55:00Z,2025-01-25T17:55:00Z,9.0,1.0,both_options
2025-01-25T17:55:00Z,2025-01-25T18:55:00Z,10.0,1.0,both_options
2025-01-25T18:55:00Z,2025-01-25T19:55:00Z,10.0,1.0,both_options
2025-01-25T19:55:00Z,2025-01-25T20:55:00Z,10.0,1.0,both_options
2025-01-25T20:55:00Z,2025-01-25T21:55:00Z,10.0,1.0,both_options
2025-01-25T21:55:00Z,2025-01-25T22:55:00Z,10.0,1.0,both_options
2025-01-25T22:55:00Z,2025-01-25T23:55:00Z,10.0,1.0,both_options
2025-01-25T23:55:00Z,2025-01-26T00:55:00Z,10.0,1.0,both_options
2025-01-26T00:55:00Z,2025-01-26T01:55:00Z,10.0,1.0,both_options
2025-01-26T01:55:00Z,2025-01-26T02:55:00Z,10.0,1.0,both_options
2025-01-26T02:55:00Z,2025-01-26T03:55:00Z,10.0,1.0,both_options
2025-01-26T03:55:00Z,2025-01-26T04:55:00Z,10.0,1.0,both_options
2025-01-26T04:55:00Z,2025-01-26T05:55:00Z,10.0,1.0,both_options
2025-01-26T05:55:00Z,2025-01-26T06:55:00Z,10.0,1.0,both_options
2025-01-26T06:55:00Z,2025-01-26T07:55:00Z,10.0,1.0,both_options
2025-01-26T07:55:00Z,2025-01-26T08:55:00Z,10.0,1.0,both_options
2025-01-26T08:55:00Z,2025-01-26T09:55:00Z,10.0,1.0,both_options
2025-01-26T09:55:00Z,2025-01-26T10:55:00Z,10.0,1.0,both_options
2025-01-26T10:55:00Z,2025-01-26T11:55:00Z,10.0,1.0,both_options
2025-01-26T11:55:00Z,2025-01-26T12:55:00Z,10.0,1.0,both_options
2025-01-26T12:55:00Z,2025-01-26T13:55:00Z,10.0,1.0,both_options
2025-01-26T13:55:00Z,2025-01-26T14:55:00Z,10.0,1.0,both_options
2025-01-26T14:55:00Z,2025-01-26T15:55:00Z,10.0,1.0,both_options
2025-01-26T15:55:00Z,2025-01-26T16:55:00Z,10.0,1.0,both_options
2025-01-26T16:55:00Z,2025-01-26T17:55:00Z,10.0,1.0,both_options
2025-01-26T17:55:00Z,2025-01-26T18:55:00Z,10.0,1.0,both_options
2025-01-26T18:55:00Z,2025-01-26T19:55:00Z,10.0,1.0,both_options
2025-01-26T19:55:00Z,2025-01-26T20:55:00Z,10.0,1.0,both_options
2025-01-26T20:55:00Z,2025-01-26T21:55:00Z,10.0,1.0,both_options
2025-01-26T21:55:00Z,2025-01-26T22:55:00Z,10.0,1.0,both_options
2025-01-26T22:55:00Z,2025-01-26T23:55:00Z,10.0,1.0,both_options
2025-01-26T23:55:00Z,2025-01-27T00:55:00Z,10.0,1.0,both_options
2025-01-27T00:55:00Z,2025-01-27T01:55:00Z,10.0,1.0,both_options
2025-01-27T01:55:00Z,2025-01-27T02:55:00Z,10.0,1.0,both_options
2025-01-27T02:55:00Z,2025-01-27T03:55:00Z,10.0,1.0,both_options
2025-01-27T03:55:00Z,2025-01-27T04:55:00Z,10.0,1.0,both_options
2025-01-27T04:55:00Z,2025-01-27T05:55:00Z,10.0,1.0,both_options
2025-01-27T05:55:00Z,2025-01-27T06:55:00Z,10.0,1.0,both_options
2025-01-27T06:55:00Z,2025-01-27T07:55:00Z,10.0,1.0,both_options
2025-01-27T07:55:00Z,2025-01-27T08:55:00Z,10.0,1.0,both_options
2025-01-27T08:55:00Z,2025-01-27T09:55:00Z,10.0,1.0,both_options
2025-01-27T09:55:00Z,2025-01-27T10:55:00Z,10.0,1.0,both_options
2025-01-27T10:55:00Z,2025-01-27T11:55:00Z,10.0,1.0,both_options
2025-01-27T11:55:00Z,2025-01-27T12:55:00Z,10.0,1.0,both_options
2025-01-27T12:55:00Z,2025-01-27T13:55:00Z,10.0,1.0,both_options
2025-01-27T13:55:00Z,2025-01-27T14:55:00Z,10.0,1.0,both_options
2025-01-27T14:55:00Z,2025-01-27T15:55:00Z,10.0,1.0,both_options
2025-01-27T15:55:00Z,2025-01-27T16:55:00Z,10.0,1.0,both_options
2025-01-27T16:55:00Z,2025-01-27T17:55:00Z,10.0,1.0,both_options
2025-01-27T17:55:00Z,2025-01-27T18:55:00Z,10.0,1.0,both_options
2025-01-27T18:55:00Z,2025-01-27T19:55:00Z,10.0,1.0,both_options
2025-01-27T19:55:00Z,2025-01-27T20:55:00Z,10.0,1.0,both_options
2025-01-27T20:55:00Z,2025-01-27T21:55:00Z,10.0,1.0,both_options
2025-01-27T21:55:00Z,2025-01-27T22:55:00Z,10.0,1.0,both_options
2025-01-27T22:55:00Z,2025-01-27T23:55:00Z,10.0,1.0,both_options
2025-01-27T23:55:00Z,2025-01-28T00:55:00Z,10.0,1.0,both_options
2025-01-28T00:55:00Z,2025-01-28T01:55:00Z,10.0,1.0,both_options
2025-01-28T01:55:00Z,2025-01-28T02:55:00Z,10.0,1.0,both_options
2025-01-28T02:55:00Z,2025-01-28T03:55:00Z,10.0,1.0,both_options
2025-01-28T03:55:00Z,2025-01-28T04:55:00Z,10.0,1.0,both_options
2025-01-28T04:55:00Z,2025-01-28T05:55:00Z,10.0,1.0,both_options
2025-01-28T05:55:00Z,2025-01-28T06:55:00Z,10.0,1.0,both_options
2025-01-28T06:55:00Z,2025-01-28T07:55:00Z,10.0,1.0,both_options
2025-01-28T07:55:00Z,2025-01-28T08:55:00Z,10.0,1.0,both_options
2025-01-28T08:55:00Z,2025-01-28T09:55:00Z,10.0,1.0,both_options
2025-01-28T09:55:00Z,2025-01-28T10:55:00Z,10.0,1.0,both_options
2025-01-28T10:55:00Z,2025-01-28T11:55:00Z,10.0,1.0,both_options
2025-01-28T11:55:00Z,2025-01-28T12:55:00Z,10.0,1.0,both_options
2025-01-28T12:55:00Z,2025-01-28T13:55:00Z,10.0,1.0,both_options
2025-01-28T13:55:00Z,2025-01-28T14:55:00Z,10.0,1.0,both_options
2025-01-28T14:55:00Z,2025-01-28T15:55:00Z,10.0,1.0,both_options
2025-01-28T15:55:00Z,2025-01-28T16:55:00Z,9.0,1.0,both_options
2025-01-28T16:55:00Z,2025-01-28T17:55:00Z,10.0,1.0,both_options
2025-01-28T17:55:00Z,2025-01-28T18:55:00Z,10.0,1.0,both_options
2025-01-28T18:55:00Z,2025-01-28T19:55:00Z,10.0,1.0,both_options
2025-01-28T19:55:00Z,2025-01-28T20:55:00Z,10.0,1.0,both_options
2025-01-28T20:55:00Z,2025-01-28T21:55:00Z,10.0,1.0,both_options
2025-01-28T21:55:00Z,2025-01-28T22:55:00Z,10.0,1.0,both_options
2025-01-28T22:55:00Z,2025-01-28T23:55:00Z,10.0,1.0,both_options
2025-01-28T23:55:00Z,2025-01-29T00:55:00Z,10.0,1.0,both_options
2025-01-29T00:55:00Z,2025-01-29T01:55:00Z,10.0,1.0,both_options
2025-01-29T01:55:00Z,2025-01-29T02:55:00Z,10.0,1.0,both_options
2025-01-29T02:55:00Z,2025-01-29T03:55:00Z,10.0,1.0,both_options
2025-01-29T03:55:00Z,2025-01-29T04:55:00Z,10.0,1.0,both_options
2025-01-29T04:55:00Z,2025-01-29T05:55:00Z,10.0,1.0,both_options
2025-01-29T05:55:00Z,2025-01-29T06:55:00Z,10.0,1.0,both_options
2025-01-29T06:55:00Z,2025-01-29T07:55:00Z,9.0,1.0,both_options
2025-01-29T07:55:00Z,2025-01-29T08:55:00Z,9.0,1.0,both_options
2025-01-29T08:55:00Z,2025-01-29T09:55:00Z,9.0,1.0,both_options
2025-01-29T09:55:00Z,2025-01-29T10:55:00Z,10.0,1.0,both_options
2025-01-29T10:55:00Z,2025-01-29T11:55:00Z,10.0,1.0,both_options
2025-01-29T11:55:00Z,2025-01-29T12:55:00Z,10.0,1.0,both_options
2025-01-29T12:55:00Z,2025-01-29T13:55:00Z,9.0,1.0,both_options
2025-01-29T13:55:00Z,2025-01-29T14:55:00Z,10.0,1.0,both_options
2025-01-29T14:55:00Z,2025-01-29T15:55:00Z,10.0,1.0,both_options
2025-01-29T15:55:00Z,2025-01-29T16:09:00Z,9.0,0.23333333333333334,both_options
2025-01-29T16:09:00Z,2025-01-29T16:18:00Z,9.0,0.15,both_options
2025-01-29T16:18:00Z,2025-01-29T16:55:00Z,5.0,0.6166666666666667,both_options
2025-01-29T16:55:00Z,2025-01-29T17:08:00Z,9.0,0.21666666666666667,both_options
2025-01-29T17:08:00Z,2025-01-29T17:55:00Z,9.0,0.7833333333333333,both_options
2025-01-29T17:55:00Z,2025-01-29T18:55:00Z,10.0,1.0,both_options
2025-01-29T18:55:00Z,2025-01-29T19:55:00Z,8.0,1.0,both_options
2025-01-29T19:55:00Z,2025-01-29T20:55:00Z,10.0,1.0,both_options
2025-01-29T20:55:00Z,2025-01-29T21:55:00Z,9.0,1.0,both_options
2025-01-29T21:55:00Z,2025-01-29T22:55:00Z,10.0,1.0,both_options
2025-01-29T22:55:00Z,2025-01-29T23:03:00Z,10.0,0.13333333333333333,both_options
2025-01-29T23:03:00Z,2025-01-29T23:55:00Z,10.0,0.8666666666666667,both_options
2025-01-29T23:55:00Z,2025-01-30T00:55:00Z,10.0,1.0,both_options
2025-01-30T00:55:00Z,2025-01-30T01:55:00Z,10.0,1.0,both_options
2025-01-30T01:55:00Z,2025-01-30T02:34:00Z,10.0,0.65,both_options
2025-01-30T02:34:00Z,2025-01-30T02:55:00Z,10.0,0.35,both_options
2025-01-30T02:55:00Z,2025-01-30T03:55:00Z,10.0,1.0,both_options
2025-01-30T03:55:00Z,2025-01-30T04:55:00Z,10.0,1.0,both_options
2025-01-30T04:55:00Z,2025-01-30T05:55:00Z,10.0,1.0,both_options
2025-01-30T05:55:00Z,2025-01-30T06:55:00Z,10.0,1.0,both_options
2025-01-30T06:55:00Z,2025-01-30T07:55:00Z,10.0,1.0,both_options
2025-01-30T07:55:00Z,2025-01-30T08:55:00Z,10.0,1.0,both_options
2025-01-30T08:55:00Z,2025-01-30T09:55:00Z,10.0,1.0,both_options
2025-01-30T09:55:00Z,2025-01-30T10:55:00Z,10.0,1.0,both_options
2025-01-30T10:55:00Z,2025-01-30T11:55:00Z,10.0,1.0,both_options
2025-01-30T11:55:00Z,2025-01-30T12:55:00Z,10.0,1.0,both_options
2025-01-30T12:55:00Z,2025-01-30T13:55:00Z,10.0,1.0,both_options
2025-01-30T13:55:00Z,2025-01-30T14:55:00Z,10.0,1.0,both_options
2025-01-30T14:55:00Z,2025-01-30T15:55:00Z,10.0,1.0,both_options
2025-01-30T15:55:00Z,2025-01-30T16:55:00Z,10.0,1.0,both_options
2025-01-30T16:55:00Z,2025-01-30T17:55:00Z,10.0,1.0,both_options
2025-01-30T17:55:00Z,2025-01-30T18:24:00Z,9.0,0.48333333333333334,both_options
2025-01-30T18:24:00Z,2025-01-30T18:55:00Z,7.0,0.5166666666666667,both_options
2025-01-30T18:55:00Z,2025-01-30T19:21:00Z,5.0,0.43333333333333335,both_options
2025-01-30T19:21:00Z,2025-01-30T19:26:00Z,3.0,0.08333333333333333,both_options
2025-01-30T19:26:00Z,2025-01-30T19:55:00Z,2.5,0.48333333333333334,both_options
2025-01-30T19:55:00Z,2025-01-30T20:30:00Z,2.0,0.5833333333333334,both_options
2025-01-30T20:30:00Z,2025-01-30T20:37:00Z,1.75,0.11666666666666667,both_options
2025-01-30T20:37:00Z,2025-01-30T20:43:00Z,2.5,0.1,both_options
2025-01-30T20:43:00Z,2025-01-30T20:55:00Z,1.75,0.2,both_options
2025-01-30T20:55:00Z,2025-01-30T21:09:00Z,1.5,0.23333333333333334,both_options
2025-01-30T21:09:00Z,2025-01-30T21:27:00Z,2.5,0.3,both_options
2025-01-30T21:27:00Z,2025-01-30T21:36:00Z,1.75,0.15,both_options
2025-01-30T21:36:00Z,2025-01-30T21:45:00Z,3.0,0.15,both_options
2025-01-30T21:45:00Z,2025-01-30T21:53:00Z,2.0,0.13333333333333333,both_options
2025-01-30T21:53:00Z,2025-01-30T21:55:00Z,1.75,0.03333333333333333,both_options
2025-01-30T21:55:00Z,2025-01-30T22:25:00Z,2.0,0.5,both_options
2025-01-30T22:25:00Z,2025-01-30T22:46:00Z,3.0,0.35,both_options
2025-01-30T22:46:00Z,2025-01-30T22:55:00Z,2.0,0.15,both_options
2025-01-30T22:55:00Z,2025-01-30T23:03:00Z,1.75,0.13333333333333333,both_options
2025-01-30T23:03:00Z,2025-01-30T23:16:00Z,2.5,0.21666666666666667,both_options
2025-01-30T23:16:00Z,2025-01-30T23:27:00Z,3.0,0.18333333333333332,both_options
2025-01-30T23:27:00Z,2025-01-30T23:55:00Z,2.0,0.4666666666666667,both_options
2025-01-30T23:55:00Z,2025-01-31T00:23:00Z,1.75,0.4666666666666667,both_options
2025-01-31T00:23:00Z,2025-01-31T00:51:00Z,2.5,0.4666666666666667,both_options
2025-01-31T00:51:00Z,2025-01-31T00:55:00Z,4.0,0.06666666666666667,both_options
2025-01-31T00:55:00Z,2025-01-31T01:45:00Z,3.0,0.8333333333333334,both_options
2025-01-31T01:45:00Z,2025-01-31T01:55:00Z,4.0,0.16666666666666666,both_options
2025-01-31T01:55:00Z,2025-01-31T02:55:00Z,7.0,1.0,both_options
2025-01-31T02:55:00Z,2025-01-31T03:03:00Z,8.0,0.13333333333333333,both_options
2025-01-31T03:03:00Z,2025-01-31T03:55:00Z,9.0,0.8666666666666667,both_options
2025-01-31T03:55:00Z,2025-01-31T04:55:00Z,8.0,1.0,both_options
2025-01-31T04:55:00Z,2025-01-31T05:55:00Z,8.0,1.0,both_options
2025-01-31T05:55:00Z,2025-01-31T06:55:00Z,9.0,1.0,both_options
2025-01-31T06:55:00Z,2025-01-31T07:55:00Z,7.0,1.0,both_options
2025-01-31T07:55:00Z,2025-01-31T08:55:00Z,7.0,1.0,both_options
2025-01-31T08:55:00Z,2025-01-31T09:55:00Z,6.0,1.0,both_options
2025-01-31T09:55:00Z,2025-01-31T10:55:00Z,6.0,1.0,both_options
2025-01-31T10:55:00Z,2025-01-31T11:55:00Z,7.0,1.0,both_options
2025-01-31T11:55:00Z,2025-01-31T12:19:00Z,4.0,0.4,both_options
2025-01-31T12:19:00Z,2025-01-31T12:43:00Z,2.5,0.4,both_options
2025-01-31T12:43:00Z,2025-01-31T12:55:00Z,3.0,0.2,both_options
2025-01-31T12:55:00Z,2025-01-31T13:30:00Z,3.0,0.5833333333333334,both_options
2025-01-31T13:30:00Z,2025-01-31T13:55:00Z,2.5,0.4166666666666667,both_options
2025-01-31T13:55:00Z,2025-01-31T14:52:00Z,3.0,0.95,both_options
2025-01-31T14:52:00Z,2025-01-31T14:55:00Z,5.0,0.05,both_options
2025-01-31T14:55:00Z,2025-01-31T15:55:00Z,5.0,1.0,both_options
2025-01-31T15:55:00Z,2025-01-31T16:14:00Z,5.0,0.31666666666666665,both_options
2025-01-31T16:14:00Z,2025-01-31T16:21:00Z,2.5,0.11666666666666667,both_options
2025-01-31T16:21:00Z,2025-01-31T16:35:00Z,2.5,0.23333333333333334,both_options
2025-01-31T16:35:00Z,2025-01-31T16:43:00Z,2.0,0.13333333333333333,both_options
2025-01-31T16:43:00Z,2025-01-31T16:55:00Z,2.5,0.2,both_options
2025-01-31T16:55:00Z,2025-01-31T17:42:00Z,2.0,0.7833333333333333,both_options
2025-01-31T17:42:00Z,2025-01-31T17:55:00Z,3.0,0.21666666666666667,both_options
2025-01-31T17:55:00Z,2025-01-31T17:57:00Z,4.0,0.03333333333333333,both_options
2025-01-31T17:57:00Z,2025-01-31T18:12:00Z,2.5,0.25,both_options
2025-01-31T18:12:00Z,2025-01-31T18:26:00Z,1.75,0.23333333333333334,both_options
2025-01-31T18:26:00Z,2025-01-31T18:38:00Z,2.0,0.2,both_options
2025-01-31T18:38:00Z,2025-01-31T18:55:00Z,2.0,0.2833333333333333,both_options
2025-01-31T18:55:00Z,2025-01-31T19:05:00Z,3.0,0.16666666666666666,both_options
2025-01-31T19:05:00Z,2025-01-31T19:27:00Z,4.0,0.36666666666666664,both_options
2025-01-31T19:27:00Z,2025-01-31T19:44:00Z,4.0,0.2833333333333333,both_options
2025-01-31T19:44:00Z,2025-01-31T19:55:00Z,3.0,0.18333333333333332,both_options
2025-01-31T19:55:00Z,2025-01-31T20:15:00Z,5.0,0.3333333333333333,both_options
2025-01-31T20:15:00Z,2025-01-31T20:37:00Z,5.0,0.36666666666666664,both_options
2025-01-31T20:37:00Z,2025-01-31T20:45:00Z,2.5,0.13333333333333333,both_options
2025-01-31T20:45:00Z,2025-01-31T20:55:00Z,4.0,0.16666666666666666,both_options
2025-01-31T20:55:00Z,2025-01-31T21:11:00Z,2.5,0.26666666666666666,both_options
2025-01-31T21:11:00Z,2025-01-31T21:23:00Z,1.5,0.2,both_options
2025-01-31T21:23:00Z,2025-01-31T21:33:00Z,2.0,0.16666666666666666,both_options
2025-01-31T21:33:00Z,2025-01-31T21:38:00Z,2.5,0.08333333333333333,both_options
2025-01-31T21:38:00Z,2025-01-31T21:55:00Z,4.0,0.2833333333333333,both_options
2025-01-31T21:55:00Z,2025-01-31T22:22:00Z,4.0,0.45,both_options
2025-01-31T22:22:00Z,2025-01-31T22:48:00Z,1.75,0.43333333333333335,both_options
2025-01-31T22:48:00Z,2025-01-31T22:55:00Z,1.5,0.11666666666666667,both_options
2025-01-31T22:55:00Z,2025-01-31T23:02:00Z,2.5,0.11666666666666667,both_options
2025-01-31T23:02:00Z,2025-01-31T23:27:00Z,3.0,0.4166666666666667,both_options
2025-01-31T23:27:00Z,2025-01-31T23:55:00Z,10.0,0.4666666666666667,both_options
2025-01-31T23:55:00Z,2025-02-01T00:15:00Z,8.0,0.3333333333333333,both_options
2025-02-01T00:15:00Z,2025-02-01T00:18:00Z,3.0,0.05,both_options
2025-02-01T00:18:00Z,2025-02-01T00:33:00Z,3.0,0.25,both_options
2025-02-01T00:33:00Z,2025-02-01T00:40:00Z,1.75,0.11666666666666667,both_options
2025-02-01T00:40:00Z,2025-02-01T00:55:00Z,3.0,0.25,both_options
2025-02-01T00:55:00Z,2025-02-01T01:30:00Z,7.0,0.5833333333333334,both_options
2025-02-01T01:30:00Z,2025-02-01T01:34:00Z,4.0,0.06666666666666667,both_options
2025-02-01T01:34:00Z,2025-02-01T01:41:00Z,2.5,0.11666666666666667,both_options
2025-02-01T01:41:00Z,2025-02-01T01:48:00Z,2.5,0.11666666666666667,both_options
2025-02-01T01:48:00Z,2025-02-01T01:55:00Z,5.0,0.11666666666666667,both_options
2025-02-01T01:55:00Z,2025-02-01T02:14:00Z,9.0,0.31666666666666665,both_options
2025-02-01T02:14:00Z,2025-02-01T02:25:00Z,8.0,0.18333333333333332,both_options
2025-02-01T02:25:00Z,2025-02-01T02:42:00Z,9.0,0.2833333333333333,both_options
2025-02-01T02:42:00Z,2025-02-01T02:55:00Z,9.0,0.21666666666666667,both_options
2025-02-01T02:55:00Z,2025-02-01T03:15:00Z,10.0,0.3333333333333333,both_options
2025-02-01T03:15:00Z,2025-02-01T03:31:00Z,9.0,0.26666666666666666,both_options
2025-02-01T03:31:00Z,2025-02-01T03:55:00Z,4.0,0.4,both_options
2025-02-01T03:55:00Z,2025-02-01T04:35:00Z,6.0,0.6666666666666666,both_options
2025-02-01T04:35:00Z,2025-02-01T04:55:00Z,10.0,0.3333333333333333,both_options
2025-02-01T04:55:00Z,2025-02-01T05:55:00Z,10.0,1.0,both_options
2025-02-01T05:55:00Z,2025-02-01T06:55:00Z,10.0,1.0,both_options
2025-02-01T06:55:00Z,2025-02-01T07:55:00Z,10.0,1.0,both_options
2025-02-01T07:55:00Z,2025-02-01T08:55:00Z,10.0,1.0,both_options
2025-02-01T08:55:00Z,2025-02-01T09:55:00Z,10.0,1.0,both_options
2025-02-01T09:55:00Z,2025-02-01T10:55:00Z,10.0,1.0,both_options
2025-02-01T10:55:00Z,2025-02-01T11:55:00Z,10.0,1.0,both_options
2025-02-01T11:55:00Z,2025-02-01T12:55:00Z,4.0,1.0,both_options
2025-02-01T12:55:00Z,2025-02-01T13:55:00Z,10.0,1.0,both_options
2025-02-01T13:55:00Z,2025-02-01T14:55:00Z,10.0,1.0,both_options
2025-02-01T14:55:00Z,2025-02-01T15:44:00Z,4.0,0.8166666666666667,both_options
2025-02-01T15:44:00Z,2025-02-01T15:55:00Z,10.0,0.18333333333333332,both_options
2025-02-01T15:55:00Z,2025-02-01T16:55:00Z,10.0,1.0,both_options
2025-02-01T16:55:00Z,2025-02-01T17:55:00Z,10.0,1.0,both_options
2025-02-01T17:55:00Z,2025-02-01T18:43:00Z,10.0,0.8,both_options
2025-02-01T18:43:00Z,2025-02-01T18:52:00Z,4.0,0.15,both_options
2025-02-01T18:52:00Z,2025-02-01T18:55:00Z,10.0,0.05,both_options
2025-02-01T18:55:00Z,2025-02-01T19:55:00Z,10.0,1.0,both_options
2025-02-01T19:55:00Z,2025-02-01T20:12:00Z,10.0,0.2833333333333333,both_options
2025-02-01T20:12:00Z,2025-02-01T20:55:00Z,10.0,0.7166666666666667,both_options
2025-02-01T20:55:00Z,2025-02-01T21:55:00Z,10.0,1.0,both_options
2025-02-01T21:55:00Z,2025-02-01T22:27:00Z,4.0,0.5333333333333333,both_options
2025-02-01T22:27:00Z,2025-02-01T22:55:00Z,10.0,0.4666666666666667,both_options
2025-02-01T22:55:00Z,2025-02-01T23:55:00Z,10.0,1.0,both_options
2025-02-01T23:55:00Z,2025-02-02T00:55:00Z,10.0,1.0,both_options
2025-02-02T00:55:00Z,2025-02-02T01:07:00Z,10.0,0.2,both_options
2025-02-02T01:07:00Z,2025-02-02T01:16:00Z,10.0,0.15,both_options
2025-02-02T01:16:00Z,2025-02-02T01:25:00Z,4.0,0.15,both_options
2025-02-02T01:25:00Z,2025-02-02T01:55:00Z,10.0,0.5,both_options
2025-02-02T01:55:00Z,2025-02-02T02:55:00Z,10.0,1.0,both_options
2025-02-02T02:55:00Z,2025-02-02T03:55:00Z,8.0,1.0,both_options
2025-02-02T03:55:00Z,2025-02-02T04:47:00Z,10.0,0.8666666666666667,both_options
2025-02-02T04:47:00Z,2025-02-02T04:55:00Z,4.0,0.13333333333333333,both_options
2025-02-02T04:55:00Z,2025-02-02T05:55:00Z,10.0,1.0,both_options
2025-02-02T05:55:00Z,2025-02-02T06:55:00Z,10.0,1.0,both_options
2025-02-02T06:55:00Z,2025-02-02T07:55:00Z,10.0,1.0,both_options
2025-02-02T07:55:00Z,2025-02-02T08:55:00Z,10.0,1.0,both_options
2025-02-02T08:55:00Z,2025-02-02T09:55:00Z,10.0,1.0,both_options
2025-02-02T09:55:00Z,2025-02-02T10:55:00Z,10.0,1.0,both_options
2025-02-02T10:55:00Z,2025-02-02T11:55:00Z,10.0,1.0,both_options
2025-02-02T11:55:00Z,2025-02-02T12:55:00Z,10.0,1.0,both_options
2025-02-02T12:55:00Z,2025-02-02T13:55:00Z,10.0,1.0,both_options
2025-02-02T13:55:00Z,2025-02-02T14:26:00Z,10.0,0.5166666666666667,both_options
2025-02-02T14:26:00Z,2025-02-02T14:50:00Z,10.0,0.4,both_options
2025-02-02T14:50:00Z,2025-02-02T14:55:00Z,9.0,0.08333333333333333,both_options
2025-02-02T14:55:00Z,2025-02-02T15:55:00Z,10.0,1.0,both_options
2025-02-02T15:55:00Z,2025-02-02T16:02:00Z,10.0,0.11666666666666667,both_options
2025-02-02T16:02:00Z,2025-02-02T16:16:00Z,10.0,0.23333333333333334,both_options
2025-02-02T16:16:00Z,2025-02-02T16:24:00Z,9.0,0.13333333333333333,both_options
2025-02-02T16:24:00Z,2025-02-02T16:26:00Z,2.5,0.03333333333333333,both_options
2025-02-02T16:26:00Z,2025-02-02T16:33:00Z,1.75,0.11666666666666667,both_options
2025-02-02T16:33:00Z,2025-02-02T16:38:00Z,2.0,0.08333333333333333,both_options
2025-02-02T16:38:00Z,2025-02-02T16:55:00Z,6.0,0.2833333333333333,both_options
2025-02-02T16:55:00Z,2025-02-02T17:16:00Z,6.0,0.35,both_options
2025-02-02T17:16:00Z,2025-02-02T17:55:00Z,10.0,0.65,both_options
2025-02-02T17:55:00Z,2025-02-02T18:28:00Z,10.0,0.55,both_options
2025-02-02T18:28:00Z,2025-02-02T18:45:00Z,2.5,0.2833333333333333,both_options
2025-02-02T18:45:00Z,2025-02-02T18:55:00Z,9.0,0.16666666666666666,both_options
2025-02-02T18:55:00Z,2025-02-02T19:55:00Z,10.0,1.0,both_options
2025-02-02T19:55:00Z,2025-02-02T20:55:00Z,10.0,1.0,both_options
2025-02-02T20:55:00Z,2025-02-02T21:21:00Z,10.0,0.43333333333333335,both_options
2025-02-02T21:21:00Z,2025-02-02T21:26:00Z,2.5,0.08333333333333333,both_options
2025-02-02T21:26:00Z,2025-02-02T21:34:00Z,1.25,0.13333333333333333,both_options
2025-02-02T21:34:00Z,2025-02-02T21:40:00Z,1.0,0.1,both_options
2025-02-02T21:40:00Z,2025-02-02T21:42:00Z,2.0,0.03333333333333333,both_options
2025-02-02T21:42:00Z,2025-02-02T21:55:00Z,5.0,0.21666666666666667,both_options
2025-02-02T21:55:00Z,2025-02-02T22:55:00Z,10.0,1.0,both_options
2025-02-02T22:55:00Z,2025-02-02T23:55:00Z,10.0,1.0,both_options
2025-02-02T23:55:00Z,2025-02-03T00:55:00Z,10.0,1.0,both_options
2025-02-03T00:55:00Z,2025-02-03T01:12:00Z,7.0,0.2833333333333333,both_options
2025-02-03T01:12:00Z,2025-02-03T01:22:00Z,4.0,0.16666666666666666,both_options
2025-02-03T01:22:00Z,2025-02-03T01:55:00Z,10.0,0.55,both_options
2025-02-03T01:55:00Z,2025-02-03T02:55:00Z,9.0,1.0,both_options
2025-02-03T02:55:00Z,2025-02-03T03:55:00Z,10.0,1.0,both_options
2025-02-03T03:55:00Z,2025-02-03T04:55:00Z,10.0,1.0,both_options
2025-02-03T04:55:00Z,2025-02-03T05:55:00Z,10.0,1.0,both_options
2025-02-03T05:55:00Z,2025-02-03T06:55:00Z,10.0,1.0,both_options
2025-02-03T06:55:00Z,2025-02-03T07:55:00Z,10.0,1.0,both_options
2025-02-03T07:55:00Z,2025-02-03T08:35:00Z,10.0,0.6666666666666666,both_options
2025-02-03T08:35:00Z,2025-02-03T08:44:00Z,2.5,0.15,both_options
2025-02-03T08:44:00Z,2025-02-03T08:55:00Z,4.0,0.18333333333333332,both_options
2025-02-03T08:55:00Z,2025-02-03T09:50:00Z,10.0,0.9166666666666666,both_options
2025-02-03T09:50:00Z,2025-02-03T09:55:00Z,6.0,0.08333333333333333,both_options
2025-02-03T09:55:00Z,2025-02-03T10:11:00Z,6.0,0.26666666666666666,both_options
2025-02-03T10:11:00Z,2025-02-03T10:19:00Z,8.0,0.13333333333333333,both_options
2025-02-03T10:19:00Z,2025-02-03T10:55:00Z,9.0,0.6,both_options
2025-02-03T10:55:00Z,2025-02-03T11:35:00Z,10.0,0.6666666666666666,both_options
2025-02-03T11:35:00Z,2025-02-03T11:38:00Z,2.5,0.05,both_options
2025-02-03T11:38:00Z,2025-02-03T11:45:00Z,1.75,0.11666666666666667,both_options
2025-02-03T11:45:00Z,2025-02-03T11:52:00Z,2.5,0.11666666666666667,both_options
2025-02-03T11:52:00Z,2025-02-03T11:55:00Z,8.0,0.05,both_options
2025-02-03T11:55:00Z,2025-02-03T12:37:00Z,9.0,0.7,both_options
2025-02-03T12:37:00Z,2025-02-03T12:55:00Z,10.0,0.3,both_options
2025-02-03T12:55:00Z,2025-02-03T13:41:00Z,10.0,0.7666666666666667,both_options
2025-02-03T13:41:00Z,2025-02-03T13:55:00Z,9.0,0.23333333333333334,both_options
2025-02-03T13:55:00Z,2025-02-03T14:02:00Z,10.0,0.11666666666666667,both_options
2025-02-03T14:02:00Z,2025-02-03T14:55:00Z,10.0,0.8833333333333333,both_options
2025-02-03T14:55:00Z,2025-02-03T15:40:00Z,10.0,0.75,both_options
2025-02-03T15:40:00Z,2025-02-03T15:55:00Z,7.0,0.25,both_options
2025-02-03T15:55:00Z,2025-02-03T16:11:00Z,10.0,0.26666666666666666,both_options
2025-02-03T16:11:00Z,2025-02-03T16:55:00Z,10.0,0.7333333333333333,both_options
2025-02-03T16:55:00Z,2025-02-03T17:55:00Z,10.0,1.0,both_options
2025-02-03T17:55:00Z,2025-02-03T18:55:00Z,10.0,1.0,both_options
2025-02-03T18:55:00Z,2025-02-03T19:55:00Z,10.0,1.0,both_options
2025-02-03T19:55:00Z,2025-02-03T19:59:00Z,3.0,0.06666666666666667,both_options
2025-02-03T19:59:00Z,2025-02-03T20:02:00Z,1.75,0.05,both_options
2025-02-03T20:02:00Z,2025-02-03T20:16:00Z,1.25,0.23333333333333334,both_options
2025-02-03T20:16:00Z,2025-02-03T20:20:00Z,2.0,0.06666666666666667,both_options
2025-02-03T20:20:00Z,2025-02-03T20:48:00Z,3.0,0.4666666666666667,both_options
2025-02-03T20:48:00Z,2025-02-03T20:55:00Z,10.0,0.11666666666666667,both_options
2025-02-03T20:55:00Z,2025-02-03T21:55:00Z,9.0,1.0,both_options
2025-02-03T21:55:00Z,2025-02-03T22:41:00Z,10.0,0.7666666666666667,both_options
2025-02-03T22:41:00Z,2025-02-03T22:55:00Z,10.0,0.23333333333333334,both_options
2025-02-03T22:55:00Z,2025-02-03T23:15:00Z,10.0,0.3333333333333333,both_options
2025-02-03T23:15:00Z,2025-02-03T23:25:00Z,6.0,0.16666666666666666,both_options
2025-02-03T23:25:00Z,2025-02-03T23:55:00Z,9.0,0.5,both_options
2025-02-03T23:55:00Z,2025-02-04T00:21:00Z,10.0,0.43333333333333335,both_options
2025-02-04T00:21:00Z,2025-02-04T00:55:00Z,6.0,0.5666666666666667,both_options
2025-02-04T00:55:00Z,2025-02-04T01:20:00Z,10.0,0.4166666666666667,both_options
2025-02-04T01:20:00Z,2025-02-04T01:55:00Z,10.0,0.5833333333333334,both_options
2025-02-04T01:55:00Z,2025-02-04T02:28:00Z,10.0,0.55,both_options
2025-02-04T02:28:00Z,2025-02-04T02:38:00Z,2.5,0.16666666666666666,both_options
2025-02-04T02:38:00Z,2025-02-04T02:55:00Z,4.0,0.2833333333333333,both_options
2025-02-04T02:55:00Z,2025-02-04T03:55:00Z,10.0,1.0,both_options
2025-02-04T03:55:00Z,2025-02-04T04:55:00Z,10.0,1.0,both_options
2025-02-04T04:55:00Z,2025-02-04T05:55:00Z,10.0,1.0,both_options
2025-02-04T05:55:00Z,2025-02-04T06:55:00Z,10.0,1.0,both_options
2025-02-04T06:55:00Z,2025-02-04T07:55:00Z,8.0,1.0,both_options
2025-02-04T07:55:00Z,2025-02-04T08:55:00Z,9.0,1.0,both_options
2025-02-04T08:55:00Z,2025-02-04T09:55:00Z,10.0,1.0,both_options
2025-02-04T09:55:00Z,2025-02-04T10:29:00Z,10.0,0.5666666666666667,both_options
2025-02-04T10:29:00Z,2025-02-04T10:36:00Z,2.5,0.11666666666666667,both_options
2025-02-04T10:36:00Z,2025-02-04T10:55:00Z,8.0,0.31666666666666665,both_options
2025-02-04T10:55:00Z,2025-02-04T11:16:00Z,10.0,0.35,both_options
2025-02-04T11:16:00Z,2025-02-04T11:32:00Z,3.0,0.26666666666666666,both_options
2025-02-04T11:32:00Z,2025-02-04T11:37:00Z,2.5,0.08333333333333333,both_options
2025-02-04T11:37:00Z,2025-02-04T11:48:00Z,1.75,0.18333333333333332,both_options
2025-02-04T11:48:00Z,2025-02-04T11:55:00Z,2.0,0.11666666666666667,both_options
2025-02-04T11:55:00Z,2025-02-04T12:02:00Z,2.5,0.11666666666666667,both_options
2025-02-04T12:02:00Z,2025-02-04T12:11:00Z,5.0,0.15,both_options
2025-02-04T12:11:00Z,2025-02-04T12:20:00Z,6.0,0.15,both_options
2025-02-04T12:20:00Z,2025-02-04T12:28:00Z,1.75,0.13333333333333333,both_options
2025-02-04T12:28:00Z,2025-02-04T12:45:00Z,1.25,0.2833333333333333,both_options
2025-02-04T12:45:00Z,2025-02-04T12:51:00Z,1.25,0.1,both_options
2025-02-04T12:51:00Z,2025-02-04T12:52:00Z,2.0,0.016666666666666666,both_options
2025-02-04T12:52:00Z,2025-02-04T12:55:00Z,2.0,0.05,both_options
2025-02-04T12:55:00Z,2025-02-04T13:10:00Z,3.0,0.25,both_options
2025-02-04T13:10:00Z,2025-02-04T13:23:00Z,2.5,0.21666666666666667,both_options
2025-02-04T13:23:00Z,2025-02-04T13:30:00Z,3.0,0.11666666666666667,both_options
2025-02-04T13:30:00Z,2025-02-04T13:50:00Z,4.0,0.3333333333333333,both_options
2025-02-04T13:50:00Z,2025-02-04T13:55:00Z,8.0,0.08333333333333333,both_options
2025-02-04T13:55:00Z,2025-02-04T14:40:00Z,9.0,0.75,both_options
2025-02-04T14:40:00Z,2025-02-04T14:55:00Z,10.0,0.25,both_options
2025-02-04T14:55:00Z,2025-02-04T15:55:00Z,10.0,1.0,both_options
2025-02-04T15:55:00Z,2025-02-04T16:55:00Z,10.0,1.0,both_options
2025-02-04T16:55:00Z,2025-02-04T17:55:00Z,3.0,1.0,both_options
2025-02-04T17:55:00Z,2025-02-04T18:55:00Z,10.0,1.0,both_options
2025-02-04T18:55:00Z,2025-02-04T19:55:00Z,10.0,1.0,both_options
2025-02-04T19:55:00Z,2025-02-04T20:38:00Z,10.0,0.7166666666666667,both_options
2025-02-04T20:38:00Z,2025-02-04T20:45:00Z,10.0,0.11666666666666667,both_options
2025-02-04T20:45:00Z,2025-02-04T20:55:00Z,10.0,0.16666666666666666,both_options
2025-02-04T20:55:00Z,2025-02-04T21:55:00Z,10.0,1.0,both_options
2025-02-04T21:55:00Z,2025-02-04T22:19:00Z,10.0,0.4,both_options
2025-02-04T22:19:00Z,2025-02-04T22:50:00Z,7.0,0.5166666666666667,both_options
2025-02-04T22:50:00Z,2025-02-04T22:55:00Z,10.0,0.08333333333333333,both_options
2025-02-04T22:55:00Z,2025-02-04T23:55:00Z,10.0,1.0,both_options
2025-02-04T23:55:00Z,2025-02-05T00:07:00Z,8.0,0.2,both_options
2025-02-05T00:07:00Z,2025-02-05T00:18:00Z,10.0,0.18333333333333332,both_options
2025-02-05T00:18:00Z,2025-02-05T00:29:00Z,9.0,0.18333333333333332,both_options
2025-02-05T00:29:00Z,2025-02-05T00:55:00Z,6.0,0.43333333333333335,both_options
2025-02-05T00:55:00Z,2025-02-05T01:55:00Z,10.0,1.0,both_options
2025-02-05T01:55:00Z,2025-02-05T02:43:00Z,10.0,0.8,both_options
2025-02-05T02:43:00Z,2025-02-05T02:45:00Z,2.0,0.03333333333333333,both_options
2025-02-05T02:45:00Z,2025-02-05T02:50:00Z,1.5,0.08333333333333333,both_options
2025-02-05T02:50:00Z,2025-02-05T02:55:00Z,0.75,0.08333333333333333,lower_only
2025-02-05T02:55:00Z,2025-02-05T02:57:00Z,0.75,0.03333333333333333,lower_only
2025-02-05T02:57:00Z,2025-02-05T03:01:00Z,1.25,0.06666666666666667,both_options
2025-02-05T03:01:00Z,2025-02-05T03:16:00Z,2.0,0.25,both_options
2025-02-05T03:16:00Z,2025-02-05T03:55:00Z,6.0,0.65,both_options
2025-02-05T03:55:00Z,2025-02-05T04:55:00Z,10.0,1.0,both_options
2025-02-05T04:55:00Z,2025-02-05T05:46:00Z,10.0,0.85,both_options
2025-02-05T05:46:00Z,2025-02-05T05:55:00Z,1.75,0.15,both_options
2025-02-05T05:55:00Z,2025-02-05T06:03:00Z,2.5,0.13333333333333333,both_options
2025-02-05T06:03:00Z,2025-02-05T06:12:00Z,8.0,0.15,both_options
2025-02-05T06:12:00Z,2025-02-05T06:17:00Z,1.75,0.08333333333333333,both_options
2025-02-05T06:17:00Z,2025-02-05T06:23:00Z,0.75,0.1,lower_only
2025-02-05T06:23:00Z,2025-02-05T06:26:00Z,1.5,0.05,both_options
2025-02-05T06:26:00Z,2025-02-05T06:55:00Z,4.0,0.48333333333333334,both_options
2025-02-05T06:55:00Z,2025-02-05T07:55:00Z,10.0,1.0,both_options
2025-02-05T07:55:00Z,2025-02-05T08:55:00Z,10.0,1.0,both_options
2025-02-05T08:55:00Z,2025-02-05T09:55:00Z,9.0,1.0,both_options
2025-02-05T09:55:00Z,2025-02-05T10:55:00Z,9.0,1.0,both_options
2025-02-05T10:55:00Z,2025-02-05T11:31:00Z,9.0,0.6,both_options
2025-02-05T11:31:00Z,2025-02-05T11:42:00Z,10.0,0.18333333333333332,both_options
2025-02-05T11:42:00Z,2025-02-05T11:51:00Z,10.0,0.15,both_options
2025-02-05T11:51:00Z,2025-02-05T11:55:00Z,5.0,0.06666666666666667,both_options
2025-02-05T11:55:00Z,2025-02-05T12:19:00Z,3.0,0.4,both_options
2025-02-05T12:19:00Z,2025-02-05T12:32:00Z,2.0,0.21666666666666667,both_options
2025-02-05T12:32:00Z,2025-02-05T12:55:00Z,4.0,0.38333333333333336,both_options
2025-02-05T12:55:00Z,2025-02-05T13:22:00Z,3.0,0.45,both_options
2025-02-05T13:22:00Z,2025-02-05T13:55:00Z,10.0,0.55,both_options
2025-02-05T13:55:00Z,2025-02-05T14:55:00Z,10.0,1.0,both_options
2025-02-05T14:55:00Z,2025-02-05T15:55:00Z,10.0,1.0,both_options
2025-02-05T15:55:00Z,2025-02-05T16:22:00Z,10.0,0.45,both_options
2025-02-05T16:22:00Z,2025-02-05T16:55:00Z,6.0,0.55,both_options
2025-02-05T16:55:00Z,2025-02-05T17:06:00Z,7.0,0.18333333333333332,both_options
2025-02-05T17:06:00Z,2025-02-05T17:15:00Z,1.75,0.15,both_options
2025-02-05T17:15:00Z,2025-02-05T17:24:00Z,1.0,0.15,both_options
2025-02-05T17:24:00Z,2025-02-05T17:30:00Z,1.25,0.1,both_options
2025-02-05T17:30:00Z,2025-02-05T17:55:00Z,2.0,0.4166666666666667,both_options
2025-02-05T17:55:00Z,2025-02-05T18:09:00Z,4.0,0.23333333333333334,both_options
2025-02-05T18:09:00Z,2025-02-05T18:34:00Z,10.0,0.4166666666666667,both_options
2025-02-05T18:34:00Z,2025-02-05T18:55:00Z,7.0,0.35,both_options
2025-02-05T18:55:00Z,2025-02-05T19:02:00Z,10.0,0.11666666666666667,both_options
2025-02-05T19:02:00Z,2025-02-05T19:55:00Z,10.0,0.8833333333333333,both_options
2025-02-05T19:55:00Z,2025-02-05T20:55:00Z,10.0,1.0,both_options
2025-02-05T20:55:00Z,2025-02-05T21:24:00Z,10.0,0.48333333333333334,both_options
2025-02-05T21:24:00Z,2025-02-05T21:39:00Z,8.0,0.25,both_options
2025-02-05T21:39:00Z,2025-02-05T21:55:00Z,8.0,0.26666666666666666,both_options
2025-02-05T21:55:00Z,2025-02-05T22:51:00Z,7.0,0.9333333333333333,both_options
2025-02-05T22:51:00Z,2025-02-05T22:55:00Z,3.0,0.06666666666666667,both_options
2025-02-05T22:55:00Z,2025-02-05T23:12:00Z,5.0,0.2833333333333333,both_options
2025-02-05T23:12:00Z,2025-02-05T23:26:00Z,2.5,0.23333333333333334,both_options
2025-02-05T23:26:00Z,2025-02-05T23:55:00Z,10.0,0.48333333333333334,both_options
2025-02-05T23:55:00Z,2025-02-06T00:55:00Z,9.0,1.0,both_options
2025-02-06T00:55:00Z,2025-02-06T01:55:00Z,10.0,1.0,both_options
2025-02-06T01:55:00Z,2025-02-06T02:55:00Z,10.0,1.0,both_options
2025-02-06T02:55:00Z,2025-02-06T03:13:00Z,10.0,0.3,both_options
2025-02-06T03:13:00Z,2025-02-06T03:20:00Z,10.0,0.11666666666666667,both_options
2025-02-06T03:20:00Z,2025-02-06T03:32:00Z,10.0,0.2,both_options
2025-02-06T03:32:00Z,2025-02-06T03:52:00Z,9.0,0.3333333333333333,both_options
2025-02-06T03:52:00Z,2025-02-06T03:55:00Z,10.0,0.05,both_options
2025-02-06T03:55:00Z,2025-02-06T04:13:00Z,10.0,0.3,both_options
2025-02-06T04:13:00Z,2025-02-06T04:24:00Z,10.0,0.18333333333333332,both_options
2025-02-06T04:24:00Z,2025-02-06T04:55:00Z,10.0,0.5166666666666667,both_options
2025-02-06T04:55:00Z,2025-02-06T05:55:00Z,10.0,1.0,both_options
2025-02-06T05:55:00Z,2025-02-06T06:55:00Z,10.0,1.0,both_options
2025-02-06T06:55:00Z,2025-02-06T07:55:00Z,10.0,1.0,both_options
2025-02-06T07:55:00Z,2025-02-06T08:55:00Z,10.0,1.0,both_options
2025-02-06T08:55:00Z,2025-02-06T09:55:00Z,10.0,1.0,both_options
2025-02-06T09:55:00Z,2025-02-06T10:55:00Z,10.0,1.0,both_options
2025-02-06T10:55:00Z,2025-02-06T11:55:00Z,10.0,1.0,both_options
2025-02-06T11:55:00Z,2025-02-06T12:55:00Z,10.0,1.0,both_options
2025-02-06T12:55:00Z,2025-02-06T13:38:00Z,10.0,0.7166666666666667,both_options
2025-02-06T13:38:00Z,2025-02-06T13:55:00Z,6.0,0.2833333333333333,both_options
2025-02-06T13:55:00Z,2025-02-06T14:13:00Z,7.0,0.3,both_options
2025-02-06T14:13:00Z,2025-02-06T14:55:00Z,9.0,0.7,both_options
2025-02-06T14:55:00Z,2025-02-06T15:55:00Z,10.0,1.0,both_options
2025-02-06T15:55:00Z,2025-02-06T16:55:00Z,10.0,1.0,both_options
2025-02-06T16:55:00Z,2025-02-06T17:55:00Z,10.0,1.0,both_options
2025-02-06T17:55:00Z,2025-02-06T18:55:00Z,10.0,1.0,both_options
2025-02-06T18:55:00Z,2025-02-06T19:55:00Z,10.0,1.0,both_options
2025-02-06T19:55:00Z,2025-02-06T20:55:00Z,,1.0,unknown
2025-02-06T20:55:00Z,2025-02-06T21:55:00Z,10.0,1.0,both_options
2025-02-06T21:55:00Z,2025-02-06T22:55:00Z,10.0,1.0,both_options
2025-02-06T22:55:00Z,2025-02-06T23:55:00Z,10.0,1.0,both_options
2025-02-06T23:55:00Z,2025-02-07T00:55:00Z,10.0,1.0,both_options
2025-02-07T00:55:00Z,2025-02-07T01:55:00Z,10.0,1.0,both_options
2025-02-07T01:55:00Z,2025-02-07T02:55:00Z,10.0,1.0,both_options
2025-02-07T02:55:00Z,2025-02-07T03:55:00Z,10.0,1.0,both_options
2025-02-07T03:55:00Z,2025-02-07T04:55:00Z,10.0,1.0,both_options
2025-02-07T04:55:00Z,2025-02-07T05:55:00Z,10.0,1.0,both_options
2025-02-07T05:55:00Z,2025-02-07T06:55:00Z,10.0,1.0,both_options
2025-02-07T06:55:00Z,2025-02-07T07:55:00Z,10.0,1.0,both_options
2025-02-07T07:55:00Z,2025-02-07T08:55:00Z,10.0,1.0,both_options
2025-02-07T08:55:00Z,2025-02-07T09:55:00Z,10.0,1.0,both_options
2025-02-07T09:55:00Z,2025-02-07T10:55:00Z,10.0,1.0,both_options
2025-02-07T10:55:00Z,2025-02-07T11:55:00Z,10.0,1.0,both_options
2025-02-07T11:55:00Z,2025-02-07T12:55:00Z,10.0,1.0,both_options
2025-02-07T12:55:00Z,2025-02-07T13:55:00Z,10.0,1.0,both_options
2025-02-07T13:55:00Z,2025-02-07T14:55:00Z,10.0,1.0,both_options
2025-02-07T14:55:00Z,2025-02-07T15:55:00Z,10.0,1.0,both_options
2025-02-07T15:55:00Z,2025-02-07T16:55:00Z,10.0,1.0,both_options
2025-02-07T16:55:00Z,2025-02-07T17:55:00Z,10.0,1.0,both_options
2025-02-07T17:55:00Z,2025-02-07T18:55:00Z,10.0,1.0,both_options
2025-02-07T18:55:00Z,2025-02-07T19:55:00Z,10.0,1.0,both_options
2025-02-07T19:55:00Z,2025-02-07T20:55:00Z,10.0,1.0,both_options
2025-02-07T20:55:00Z,2025-02-07T21:55:00Z,10.0,1.0,both_options
2025-02-07T21:55:00Z,2025-02-07T22:32:00Z,10.0,0.6166666666666667,both_options
2025-02-07T22:32:00Z,2025-02-07T22:41:00Z,2.0,0.15,both_options
2025-02-07T22:41:00Z,2025-02-07T22:55:00Z,10.0,0.23333333333333334,both_options
2025-02-07T22:55:00Z,2025-02-07T23:55:00Z,10.0,1.0,both_options
2025-02-07T23:55:00Z,2025-02-08T00:55:00Z,9.0,1.0,both_options
2025-02-08T00:55:00Z,2025-02-08T01:55:00Z,10.0,1.0,both_options
2025-02-08T01:55:00Z,2025-02-08T02:37:00Z,10.0,0.7,both_options
2025-02-08T02:37:00Z,2025-02-08T02:55:00Z,10.0,0.3,both_options
2025-02-08T02:55:00Z,2025-02-08T03:55:00Z,10.0,1.0,both_options
2025-02-08T03:55:00Z,2025-02-08T04:08:00Z,7.0,0.21666666666666667,both_options
2025-02-08T04:08:00Z,2025-02-08T04:31:00Z,10.0,0.38333333333333336,both_options
2025-02-08T04:31:00Z,2025-02-08T04:50:00Z,10.0,0.31666666666666665,both_options
2025-02-08T04:50:00Z,2025-02-08T04:55:00Z,10.0,0.08333333333333333,both_options
2025-02-08T04:55:00Z,2025-02-08T05:55:00Z,10.0,1.0,both_options
2025-02-08T05:55:00Z,2025-02-08T06:40:00Z,5.0,0.75,both_options
2025-02-08T06:40:00Z,2025-02-08T06:55:00Z,9.0,0.25,both_options
2025-02-08T06:55:00Z,2025-02-08T07:20:00Z,10.0,0.4166666666666667,both_options
2025-02-08T07:20:00Z,2025-02-08T07:55:00Z,10.0,0.5833333333333334,both_options
2025-02-08T07:55:00Z,2025-02-08T08:55:00Z,6.0,1.0,both_options
2025-02-08T08:55:00Z,2025-02-08T09:55:00Z,5.0,1.0,both_options
2025-02-08T09:55:00Z,2025-02-08T10:13:00Z,6.0,0.3,both_options
2025-02-08T10:13:00Z,2025-02-08T10:29:00Z,9.0,0.26666666666666666,both_options
2025-02-08T10:29:00Z,2025-02-08T10:55:00Z,10.0,0.43333333333333335,both_options
2025-02-08T10:55:00Z,2025-02-08T11:15:00Z,10.0,0.3333333333333333,both_options
2025-02-08T11:15:00Z,2025-02-08T11:23:00Z,10.0,0.13333333333333333,both_options
2025-02-08T11:23:00Z,2025-02-08T11:55:00Z,10.0,0.5333333333333333,both_options
2025-02-08T11:55:00Z,2025-02-08T12:55:00Z,10.0,1.0,both_options
2025-02-08T12:55:00Z,2025-02-08T13:22:00Z,10.0,0.45,both_options
2025-02-08T13:22:00Z,2025-02-08T13:55:00Z,10.0,0.55,both_options
2025-02-08T13:55:00Z,2025-02-08T14:04:00Z,9.0,0.15,both_options
2025-02-08T14:04:00Z,2025-02-08T14:55:00Z,9.0,0.85,both_options
2025-02-08T14:55:00Z,2025-02-08T15:55:00Z,5.0,1.0,both_options
2025-02-08T15:55:00Z,2025-02-08T16:03:00Z,2.5,0.13333333333333333,both_options
2025-02-08T16:03:00Z,2025-02-08T16:12:00Z,5.0,0.15,both_options
2025-02-08T16:12:00Z,2025-02-08T16:55:00Z,5.0,0.7166666666666667,both_options
2025-02-08T16:55:00Z,2025-02-08T17:37:00Z,8.0,0.7,both_options
2025-02-08T17:37:00Z,2025-02-08T17:55:00Z,9.0,0.3,both_options
2025-02-08T17:55:00Z,2025-02-08T18:19:00Z,10.0,0.4,both_options
2025-02-08T18:19:00Z,2025-02-08T18:46:00Z,10.0,0.45,both_options
2025-02-08T18:46:00Z,2025-02-08T18:55:00Z,10.0,0.15,both_options
2025-02-08T18:55:00Z,2025-02-08T19:09:00Z,10.0,0.23333333333333334,both_options
2025-02-08T19:09:00Z,2025-02-08T19:52:00Z,10.0,0.7166666666666667,both_options
2025-02-08T19:52:00Z,2025-02-08T19:55:00Z,10.0,0.05,both_options
2025-02-08T19:55:00Z,2025-02-08T20:55:00Z,10.0,1.0,both_options
2025-02-08T20:55:00Z,2025-02-08T21:55:00Z,10.0,1.0,both_options
2025-02-08T21:55:00Z,2025-02-08T22:07:00Z,10.0,0.2,both_options
2025-02-08T22:07:00Z,2025-02-08T22:55:00Z,10.0,0.8,both_options
2025-02-08T22:55:00Z,2025-02-08T23:55:00Z,10.0,1.0,both_options
2025-02-08T23:55:00Z,2025-02-09T00:12:00Z,10.0,0.2833333333333333,both_options
2025-02-09T00:12:00Z,2025-02-09T00:55:00Z,10.0,0.7166666666666667,both_options
2025-02-09T00:55:00Z,2025-02-09T01:51:00Z,10.0,0.9333333333333333,both_options
2025-02-09T01:51:00Z,2025-02-09T01:55:00Z,10.0,0.06666666666666667,both_options
2025-02-09T01:55:00Z,2025-02-09T02:23:00Z,10.0,0.4666666666666667,both_options
2025-02-09T02:23:00Z,2025-02-09T02:55:00Z,10.0,0.5333333333333333,both_options
2025-02-09T02:55:00Z,2025-02-09T03:55:00Z,10.0,1.0,both_options
2025-02-09T03:55:00Z,2025-02-09T04:55:00Z,10.0,1.0,both_options
2025-02-09T04:55:00Z,2025-02-09T05:31:00Z,10.0,0.6,both_options
2025-02-09T05:31:00Z,2025-02-09T05:55:00Z,10.0,0.4,both_options
2025-02-09T05:55:00Z,2025-02-09T06:55:00Z,10.0,1.0,both_options
2025-02-09T06:55:00Z,2025-02-09T07:55:00Z,8.0,1.0,both_options
2025-02-09T07:55:00Z,2025-02-09T08:55:00Z,10.0,1.0,both_options
2025-02-09T08:55:00Z,2025-02-09T09:55:00Z,10.0,1.0,both_options
2025-02-09T09:55:00Z,2025-02-09T10:55:00Z,10.0,1.0,both_options
2025-02-09T10:55:00Z,2025-02-09T11:55:00Z,10.0,1.0,both_options
2025-02-09T11:55:00Z,2025-02-09T12:55:00Z,10.0,1.0,both_options
2025-02-09T12:55:00Z,2025-02-09T13:55:00Z,10.0,1.0,both_options
2025-02-09T13:55:00Z,2025-02-09T14:55:00Z,10.0,1.0,both_options
2025-02-09T14:55:00Z,2025-02-09T15:55:00Z,10.0,1.0,both_options
2025-02-09T15:55:00Z,2025-02-09T16:55:00Z,10.0,1.0,both_options
2025-02-09T16:55:00Z,2025-02-09T17:55:00Z,10.0,1.0,both_options
2025-02-09T17:55:00Z,2025-02-09T18:55:00Z,10.0,1.0,both_options
2025-02-09T18:55:00Z,2025-02-09T19:55:00Z,10.0,1.0,both_options
2025-02-09T19:55:00Z,2025-02-09T20:55:00Z,10.0,1.0,both_options
2025-02-09T20:55:00Z,2025-02-09T21:55:00Z,10.0,1.0,both_options
2025-02-09T21:55:00Z,2025-02-09T22:55:00Z,10.0,1.0,both_options
2025-02-09T22:55:00Z,2025-02-09T23:55:00Z,10.0,1.0,both_options
2025-02-09T23:55:00Z,2025-02-10T00:55:00Z,10.0,1.0,both_options
2025-02-10T00:55:00Z,2025-02-10T01:55:00Z,10.0,1.0,both_options
2025-02-10T01:55:00Z,2025-02-10T02:55:00Z,10.0,1.0,both_options
2025-02-10T02:55:00Z,2025-02-10T03:55:00Z,10.0,1.0,both_options
2025-02-10T03:55:00Z,2025-02-10T04:55:00Z,10.0,1.0,both_options
2025-02-10T04:55:00Z,2025-02-10T05:55:00Z,10.0,1.0,both_options
2025-02-10T05:55:00Z,2025-02-10T06:55:00Z,10.0,1.0,both_options
2025-02-10T06:55:00Z,2025-02-10T07:55:00Z,10.0,1.0,both_options
2025-02-10T07:55:00Z,2025-02-10T08:55:00Z,10.0,1.0,both_options
2025-02-10T08:55:00Z,2025-02-10T09:55:00Z,10.0,1.0,both_options
2025-02-10T09:55:00Z,2025-02-10T10:55:00Z,10.0,1.0,both_options
2025-02-10T10:55:00Z,2025-02-10T11:55:00Z,10.0,1.0,both_options
2025-02-10T11:55:00Z,2025-02-10T11:59:00Z,2.5,0.06666666666666667,both_options
2025-02-10T11:59:00Z,2025-02-10T12:30:00Z,1.25,0.5166666666666667,both_options
2025-02-10T12:30:00Z,2025-02-10T12:40:00Z,0.75,0.16666666666666666,lower_only
2025-02-10T12:40:00Z,2025-02-10T12:44:00Z,1.25,0.06666666666666667,both_options
2025-02-10T12:44:00Z,2025-02-10T12:51:00Z,2.5,0.11666666666666667,both_options
2025-02-10T12:51:00Z,2025-02-10T12:55:00Z,8.0,0.06666666666666667,both_options
2025-02-10T12:55:00Z,2025-02-10T13:38:00Z,8.0,0.7166666666666667,both_options
2025-02-10T13:38:00Z,2025-02-10T13:41:00Z,5.0,0.05,both_options
2025-02-10T13:41:00Z,2025-02-10T13:47:00Z,1.25,0.1,both_options
2025-02-10T13:47:00Z,2025-02-10T13:55:00Z,0.25,0.13333333333333333,neither_option
2025-02-10T13:55:00Z,2025-02-10T14:55:00Z,0.25,1.0,neither_option
2025-02-10T14:55:00Z,2025-02-10T15:55:00Z,0.25,1.0,neither_option
2025-02-10T15:55:00Z,2025-02-10T16:40:00Z,0.25,0.75,neither_option
2025-02-10T16:40:00Z,2025-02-10T16:55:00Z,0.25,0.25,neither_option
2025-02-10T16:55:00Z,2025-02-10T17:26:00Z,0.25,0.5166666666666667,neither_option
2025-02-10T17:26:00Z,2025-02-10T17:55:00Z,0.25,0.48333333333333334,neither_option
2025-02-10T17:55:00Z,2025-02-10T18:02:00Z,0.25,0.11666666666666667,neither_option
2025-02-10T18:02:00Z,2025-02-10T18:06:00Z,1.0,0.06666666666666667,both_options
2025-02-10T18:06:00Z,2025-02-10T18:13:00Z,2.5,0.11666666666666667,both_options
2025-02-10T18:13:00Z,2025-02-10T18:55:00Z,8.0,0.7,both_options
2025-02-10T18:55:00Z,2025-02-10T19:55:00Z,10.0,1.0,both_options
2025-02-10T19:55:00Z,2025-02-10T20:55:00Z,10.0,1.0,both_options
2025-02-10T20:55:00Z,2025-02-10T21:55:00Z,10.0,1.0,both_options
2025-02-10T21:55:00Z,2025-02-10T22:55:00Z,10.0,1.0,both_options
2025-02-10T22:55:00Z,2025-02-10T23:55:00Z,10.0,1.0,both_options
2025-02-10T23:55:00Z,2025-02-11T00:55:00Z,10.0,1.0,both_options
2025-02-11T00:55:00Z,2025-02-11T01:55:00Z,10.0,1.0,both_options
2025-02-11T01:55:00Z,2025-02-11T02:55:00Z,10.0,1.0,both_options
2025-02-11T02:55:00Z,2025-02-11T03:55:00Z,10.0,1.0,both_options
2025-02-11T03:55:00Z,2025-02-11T04:55:00Z,10.0,1.0,both_options
2025-02-11T04:55:00Z,2025-02-11T05:55:00Z,10.0,1.0,both_options
2025-02-11T05:55:00Z,2025-02-11T06:55:00Z,10.0,1.0,both_options
2025-02-11T06:55:00Z,2025-02-11T07:55:00Z,10.0,1.0,both_options
2025-02-11T07:55:00Z,2025-02-11T08:55:00Z,10.0,1.0,both_options
2025-02-11T08:55:00Z,2025-02-11T09:55:00Z,10.0,1.0,both_options
2025-02-11T09:55:00Z,2025-02-11T10:55:00Z,10.0,1.0,both_options
2025-02-11T10:55:00Z,2025-02-11T11:55:00Z,10.0,1.0,both_options
2025-02-11T11:55:00Z,2025-02-11T12:55:00Z,10.0,1.0,both_options
2025-02-11T12:55:00Z,2025-02-11T13:55:00Z,10.0,1.0,both_options
2025-02-11T13:55:00Z,2025-02-11T14:55:00Z,10.0,1.0,both_options
2025-02-11T14:55:00Z,2025-02-11T15:55:00Z,10.0,1.0,both_options
2025-02-11T15:55:00Z,2025-02-11T16:55:00Z,10.0,1.0,both_options
2025-02-11T16:55:00Z,2025-02-11T17:55:00Z,10.0,1.0,both_options
2025-02-11T17:55:00Z,2025-02-11T18:55:00Z,10.0,1.0,both_options
2025-02-11T18:55:00Z,2025-02-11T19:55:00Z,10.0,1.0,both_options
2025-02-11T19:55:00Z,2025-02-11T20:55:00Z,10.0,1.0,both_options
2025-02-11T20:55:00Z,2025-02-11T21:55:00Z,10.0,1.0,both_options
2025-02-11T21:55:00Z,2025-02-11T22:55:00Z,10.0,1.0,both_options
2025-02-11T22:55:00Z,2025-02-11T23:55:00Z,10.0,1.0,both_options
2025-02-11T23:55:00Z,2025-02-12T00:55:00Z,10.0,1.0,both_options
2025-02-12T00:55:00Z,2025-02-12T01:55:00Z,10.0,1.0,both_options
2025-02-12T01:55:00Z,2025-02-12T02:55:00Z,10.0,1.0,both_options
2025-02-12T02:55:00Z,2025-02-12T03:55:00Z,10.0,1.0,both_options
2025-02-12T03:55:00Z,2025-02-12T04:55:00Z,10.0,1.0,both_options
2025-02-12T04:55:00Z,2025-02-12T05:55:00Z,10.0,1.0,both_options
2025-02-12T05:55:00Z,2025-02-12T06:55:00Z,10.0,1.0,both_options
2025-02-12T06:55:00Z,2025-02-12T07:55:00Z,10.0,1.0,both_options
2025-02-12T07:55:00Z,2025-02-12T08:55:00Z,10.0,1.0,both_options
2025-02-12T08:55:00Z,2025-02-12T09:55:00Z,10.0,1.0,both_options
2025-02-12T09:55:00Z,2025-02-12T10:55:00Z,10.0,1.0,both_options
2025-02-12T10:55:00Z,2025-02-12T11:55:00Z,10.0,1.0,both_options
2025-02-12T11:55:00Z,2025-02-12T12:55:00Z,10.0,1.0,both_options
2025-02-12T12:55:00Z,2025-02-12T13:55:00Z,10.0,1.0,both_options
2025-02-12T13:55:00Z,2025-02-12T14:55:00Z,10.0,1.0,both_options
2025-02-12T14:55:00Z,2025-02-12T15:55:00Z,10.0,1.0,both_options
2025-02-12T15:55:00Z,2025-02-12T16:55:00Z,10.0,1.0,both_options
2025-02-12T16:55:00Z,2025-02-12T17:55:00Z,10.0,1.0,both_options
2025-02-12T17:55:00Z,2025-02-12T18:55:00Z,10.0,1.0,both_options
2025-02-12T18:55:00Z,2025-02-12T19:55:00Z,10.0,1.0,both_options
2025-02-12T19:55:00Z,2025-02-12T20:55:00Z,10.0,1.0,both_options
2025-02-12T20:55:00Z,2025-02-12T21:55:00Z,10.0,1.0,both_options
2025-02-12T21:55:00Z,2025-02-12T22:55:00Z,10.0,1.0,both_options
2025-02-12T22:55:00Z,2025-02-12T23:55:00Z,10.0,1.0,both_options
2025-02-12T23:55:00Z,2025-02-13T00:55:00Z,10.0,1.0,both_options
2025-02-13T00:55:00Z,2025-02-13T01:55:00Z,10.0,1.0,both_options
2025-02-13T01:55:00Z,2025-02-13T02:55:00Z,10.0,1.0,both_options
2025-02-13T02:55:00Z,2025-02-13T03:55:00Z,10.0,1.0,both_options
2025-02-13T03:55:00Z,2025-02-13T04:55:00Z,10.0,1.0,both_options
2025-02-13T04:55:00Z,2025-02-13T05:55:00Z,10.0,1.0,both_options
2025-02-13T05:55:00Z,2025-02-13T06:55:00Z,10.0,1.0,both_options
2025-02-13T06:55:00Z,2025-02-13T07:55:00Z,10.0,1.0,both_options
2025-02-13T07:55:00Z,2025-02-13T08:55:00Z,10.0,1.0,both_options
2025-02-13T08:55:00Z,2025-02-13T09:55:00Z,10.0,1.0,both_options
2025-02-13T09:55:00Z,2025-02-13T10:55:00Z,10.0,1.0,both_options
2025-02-13T10:55:00Z,2025-02-13T11:55:00Z,10.0,1.0,both_options
2025-02-13T11:55:00Z,2025-02-13T12:55:00Z,10.0,1.0,both_options
2025-02-13T12:55:00Z,2025-02-13T13:55:00Z,10.0,1.0,both_options
2025-02-13T13:55:00Z,2025-02-13T14:55:00Z,10.0,1.0,both_options
2025-02-13T14:55:00Z,2025-02-13T15:55:00Z,10.0,1.0,both_options
2025-02-13T15:55:00Z,2025-02-13T16:40:00Z,10.0,0.75,both_options
2025-02-13T16:40:00Z,2025-02-13T16:47:00Z,2.5,0.11666666666666667,both_options
2025-02-13T16:47:00Z,2025-02-13T16:55:00Z,4.0,0.13333333333333333,both_options
2025-02-13T16:55:00Z,2025-02-13T17:06:00Z,3.0,0.18333333333333332,both_options
2025-02-13T17:06:00Z,2025-02-13T17:16:00Z,2.5,0.16666666666666666,both_options
2025-02-13T17:16:00Z,2025-02-13T17:41:00Z,4.0,0.4166666666666667,both_options
2025-02-13T17:41:00Z,2025-02-13T17:51:00Z,1.75,0.16666666666666666,both_options
2025-02-13T17:51:00Z,2025-02-13T17:55:00Z,1.0,0.06666666666666667,both_options
2025-02-13T17:55:00Z,2025-02-13T18:15:00Z,0.75,0.3333333333333333,lower_only
2025-02-13T18:15:00Z,2025-02-13T18:28:00Z,0.5,0.21666666666666667,neither_option
2025-02-13T18:28:00Z,2025-02-13T18:39:00Z,0.75,0.18333333333333332,lower_only
2025-02-13T18:39:00Z,2025-02-13T18:47:00Z,0.75,0.13333333333333333,lower_only
2025-02-13T18:47:00Z,2025-02-13T18:55:00Z,0.5,0.13333333333333333,neither_option
2025-02-13T18:55:00Z,2025-02-13T19:17:00Z,0.5,0.36666666666666664,neither_option
2025-02-13T19:17:00Z,2025-02-13T19:30:00Z,0.5,0.21666666666666667,neither_option
2025-02-13T19:30:00Z,2025-02-13T19:40:00Z,1.0,0.16666666666666666,both_options
2025-02-13T19:40:00Z,2025-02-13T19:43:00Z,2.0,0.05,both_options
2025-02-13T19:43:00Z,2025-02-13T19:55:00Z,2.0,0.2,both_options
2025-02-13T19:55:00Z,2025-02-13T19:58:00Z,1.5,0.05,both_options
2025-02-13T19:58:00Z,2025-02-13T20:08:00Z,1.25,0.16666666666666666,both_options
2025-02-13T20:08:00Z,2025-02-13T20:16:00Z,1.75,0.13333333333333333,both_options
2025-02-13T20:16:00Z,2025-02-13T20:29:00Z,2.5,0.21666666666666667,both_options
2025-02-13T20:29:00Z,2025-02-13T20:55:00Z,1.5,0.43333333333333335,both_options
2025-02-13T20:55:00Z,2025-02-13T21:03:00Z,1.25,0.13333333333333333,both_options
2025-02-13T21:03:00Z,2025-02-13T21:12:00Z,2.0,0.15,both_options
2025-02-13T21:12:00Z,2025-02-13T21:26:00Z,5.0,0.23333333333333334,both_options
2025-02-13T21:26:00Z,2025-02-13T21:36:00Z,5.0,0.16666666666666666,both_options
2025-02-13T21:36:00Z,2025-02-13T21:55:00Z,5.0,0.31666666666666665,both_options
2025-02-13T21:55:00Z,2025-02-13T22:09:00Z,8.0,0.23333333333333334,both_options
2025-02-13T22:09:00Z,2025-02-13T22:55:00Z,10.0,0.7666666666666667,both_options
2025-02-13T22:55:00Z,2025-02-13T23:55:00Z,10.0,1.0,both_options
2025-02-13T23:55:00Z,2025-02-14T00:03:00Z,10.0,0.13333333333333333,both_options
2025-02-14T00:03:00Z,2025-02-14T00:13:00Z,10.0,0.16666666666666666,both_options
2025-02-14T00:13:00Z,2025-02-14T00:55:00Z,10.0,0.7,both_options
2025-02-14T00:55:00Z,2025-02-14T01:55:00Z,10.0,1.0,both_options
2025-02-14T01:55:00Z,2025-02-14T02:55:00Z,10.0,1.0,both_options
2025-02-14T02:55:00Z,2025-02-14T03:52:00Z,10.0,0.95,both_options
2025-02-14T03:52:00Z,2025-02-14T03:55:00Z,5.0,0.05,both_options
2025-02-14T03:55:00Z,2025-02-14T04:51:00Z,5.0,0.9333333333333333,both_options
2025-02-14T04:51:00Z,2025-02-14T04:55:00Z,10.0,0.06666666666666667,both_options
2025-02-14T04:55:00Z,2025-02-14T05:55:00Z,10.0,1.0,both_options
2025-02-14T05:55:00Z,2025-02-14T06:23:00Z,7.0,0.4666666666666667,both_options
2025-02-14T06:23:00Z,2025-02-14T06:55:00Z,10.0,0.5333333333333333,both_options
2025-02-14T06:55:00Z,2025-02-14T07:55:00Z,10.0,1.0,both_options
2025-02-14T07:55:00Z,2025-02-14T08:37:00Z,5.0,0.7,both_options
2025-02-14T08:37:00Z,2025-02-14T08:50:00Z,2.5,0.21666666666666667,both_options
2025-02-14T08:50:00Z,2025-02-14T08:55:00Z,2.5,0.08333333333333333,both_options
2025-02-14T08:55:00Z,2025-02-14T09:10:00Z,2.5,0.25,both_options
2025-02-14T09:10:00Z,2025-02-14T09:17:00Z,2.0,0.11666666666666667,both_options
2025-02-14T09:17:00Z,2025-02-14T09:25:00Z,2.5,0.13333333333333333,both_options
2025-02-14T09:25:00Z,2025-02-14T09:34:00Z,3.0,0.15,both_options
2025-02-14T09:34:00Z,2025-02-14T09:44:00Z,2.5,0.16666666666666666,both_options
2025-02-14T09:44:00Z,2025-02-14T09:55:00Z,4.0,0.18333333333333332,both_options
2025-02-14T09:55:00Z,2025-02-14T10:09:00Z,3.0,0.23333333333333334,both_options
2025-02-14T10:09:00Z,2025-02-14T10:18:00Z,3.0,0.15,both_options
2025-02-14T10:18:00Z,2025-02-14T10:26:00Z,2.0,0.13333333333333333,both_options
2025-02-14T10:26:00Z,2025-02-14T10:55:00Z,3.0,0.48333333333333334,both_options
2025-02-14T10:55:00Z,2025-02-14T11:27:00Z,6.0,0.5333333333333333,both_options
2025-02-14T11:27:00Z,2025-02-14T11:37:00Z,5.0,0.16666666666666666,both_options
2025-02-14T11:37:00Z,2025-02-14T11:55:00Z,6.0,0.3,both_options
2025-02-14T11:55:00Z,2025-02-14T12:21:00Z,10.0,0.43333333333333335,both_options
2025-02-14T12:21:00Z,2025-02-14T12:39:00Z,10.0,0.3,both_options
2025-02-14T12:39:00Z,2025-02-14T12:47:00Z,10.0,0.13333333333333333,both_options
2025-02-14T12:47:00Z,2025-02-14T12:55:00Z,10.0,0.13333333333333333,both_options
2025-02-14T12:55:00Z,2025-02-14T13:04:00Z,10.0,0.15,both_options
2025-02-14T13:04:00Z,2025-02-14T13:17:00Z,10.0,0.21666666666666667,both_options
2025-02-14T13:17:00Z,2025-02-14T13:26:00Z,10.0,0.15,both_options
2025-02-14T13:26:00Z,2025-02-14T13:55:00Z,10.0,0.48333333333333334,both_options
2025-02-14T13:55:00Z,2025-02-14T14:18:00Z,10.0,0.38333333333333336,both_options
2025-02-14T14:18:00Z,2025-02-14T14:55:00Z,10.0,0.6166666666666667,both_options
2025-02-14T14:55:00Z,2025-02-14T15:55:00Z,10.0,1.0,both_options
2025-02-14T15:55:00Z,2025-02-14T16:55:00Z,5.0,1.0,both_options
2025-02-14T16:55:00Z,2025-02-14T17:55:00Z,6.0,1.0,both_options
2025-02-14T17:55:00Z,2025-02-14T18:55:00Z,10.0,1.0,both_options
2025-02-14T18:55:00Z,2025-02-14T19:30:00Z,10.0,0.5833333333333334,both_options
2025-02-14T19:30:00Z,2025-02-14T19:55:00Z,9.0,0.4166666666666667,both_options
2025-02-14T19:55:00Z,2025-02-14T20:11:00Z,10.0,0.26666666666666666,both_options
2025-02-14T20:11:00Z,2025-02-14T20:55:00Z,10.0,0.7333333333333333,both_options
2025-02-14T20:55:00Z,2025-02-14T21:55:00Z,10.0,1.0,both_options
2025-02-14T21:55:00Z,2025-02-14T22:55:00Z,10.0,1.0,both_options
2025-02-14T22:55:00Z,2025-02-14T23:55:00Z,6.0,1.0,both_options
2025-02-14T23:55:00Z,2025-02-15T00:55:00Z,9.0,1.0,both_options
2025-02-15T00:55:00Z,2025-02-15T01:55:00Z,10.0,1.0,both_options
2025-02-15T01:55:00Z,2025-02-15T02:51:00Z,10.0,0.9333333333333333,both_options
2025-02-15T02:51:00Z,2025-02-15T02:55:00Z,9.0,0.06666666666666667,both_options
2025-02-15T02:55:00Z,2025-02-15T03:02:00Z,7.0,0.11666666666666667,both_options
2025-02-15T03:02:00Z,2025-02-15T03:10:00Z,7.0,0.13333333333333333,both_options
2025-02-15T03:10:00Z,2025-02-15T03:21:00Z,10.0,0.18333333333333332,both_options
2025-02-15T03:21:00Z,2025-02-15T03:28:00Z,10.0,0.11666666666666667,both_options
2025-02-15T03:28:00Z,2025-02-15T03:39:00Z,10.0,0.18333333333333332,both_options
2025-02-15T03:39:00Z,2025-02-15T03:55:00Z,10.0,0.26666666666666666,both_options
2025-02-15T03:55:00Z,2025-02-15T04:55:00Z,10.0,1.0,both_options
2025-02-15T04:55:00Z,2025-02-15T05:17:00Z,10.0,0.36666666666666664,both_options
2025-02-15T05:17:00Z,2025-02-15T05:35:00Z,10.0,0.3,both_options
2025-02-15T05:35:00Z,2025-02-15T05:55:00Z,10.0,0.3333333333333333,both_options
2025-02-15T05:55:00Z,2025-02-15T06:27:00Z,10.0,0.5333333333333333,both_options
2025-02-15T06:27:00Z,2025-02-15T06:55:00Z,7.0,0.4666666666666667,both_options
2025-02-15T06:55:00Z,2025-02-15T07:12:00Z,7.0,0.2833333333333333,both_options
2025-02-15T07:12:00Z,2025-02-15T07:36:00Z,8.0,0.4,both_options
2025-02-15T07:36:00Z,2025-02-15T07:55:00Z,5.0,0.31666666666666665,both_options
2025-02-15T07:55:00Z,2025-02-15T08:55:00Z,7.0,1.0,both_options
2025-02-15T08:55:00Z,2025-02-15T09:55:00Z,7.0,1.0,both_options
2025-02-15T09:55:00Z,2025-02-15T10:37:00Z,7.0,0.7,both_options
2025-02-15T10:37:00Z,2025-02-15T10:55:00Z,7.0,0.3,both_options
2025-02-15T10:55:00Z,2025-02-15T11:55:00Z,7.0,1.0,both_options
2025-02-15T11:55:00Z,2025-02-15T12:55:00Z,7.0,1.0,both_options
2025-02-15T12:55:00Z,2025-02-15T13:55:00Z,8.0,1.0,both_options
2025-02-15T13:55:00Z,2025-02-15T14:55:00Z,8.0,1.0,both_options
2025-02-15T14:55:00Z,2025-02-15T15:55:00Z,8.0,1.0,both_options
2025-02-15T15:55:00Z,2025-02-15T16:55:00Z,7.0,1.0,both_options
2025-02-15T16:55:00Z,2025-02-15T17:55:00Z,5.0,1.0,both_options
2025-02-15T17:55:00Z,2025-02-15T18:55:00Z,5.0,1.0,both_options
2025-02-15T18:55:00Z,2025-02-15T19:55:00Z,10.0,1.0,both_options
2025-02-15T19:55:00Z,2025-02-15T20:55:00Z,10.0,1.0,both_options
2025-02-15T20:55:00Z,2025-02-15T21:55:00Z,10.0,1.0,both_options
2025-02-15T21:55:00Z,2025-02-15T22:55:00Z,10.0,1.0,both_options
2025-02-15T22:55:00Z,2025-02-15T23:55:00Z,10.0,1.0,both_options
2025-02-15T23:55:00Z,2025-02-16T00:55:00Z,10.0,1.0,both_options
2025-02-16T00:55:00Z,2025-02-16T01:55:00Z,10.0,1.0,both_options
2025-02-16T01:55:00Z,2025-02-16T02:17:00Z,7.0,0.36666666666666664,both_options
2025-02-16T02:17:00Z,2025-02-16T02:55:00Z,5.0,0.6333333333333333,both_options
2025-02-16T02:55:00Z,2025-02-16T03:55:00Z,6.0,1.0,both_options
2025-02-16T03:55:00Z,2025-02-16T04:55:00Z,6.0,1.0,both_options
2025-02-16T04:55:00Z,2025-02-16T05:55:00Z,10.0,1.0,both_options
2025-02-16T05:55:00Z,2025-02-16T06:50:00Z,6.0,0.9166666666666666,both_options
2025-02-16T06:50:00Z,2025-02-16T06:55:00Z,7.0,0.08333333333333333,both_options
2025-02-16T06:55:00Z,2025-02-16T07:25:00Z,7.0,0.5,both_options
2025-02-16T07:25:00Z,2025-02-16T07:40:00Z,4.0,0.25,both_options
2025-02-16T07:40:00Z,2025-02-16T07:55:00Z,4.0,0.25,both_options
2025-02-16T07:55:00Z,2025-02-16T08:55:00Z,7.0,1.0,both_options
2025-02-16T08:55:00Z,2025-02-16T09:05:00Z,4.0,0.16666666666666666,both_options
2025-02-16T09:05:00Z,2025-02-16T09:55:00Z,4.0,0.8333333333333334,both_options
2025-02-16T09:55:00Z,2025-02-16T10:08:00Z,4.0,0.21666666666666667,both_options
2025-02-16T10:08:00Z,2025-02-16T10:44:00Z,5.0,0.6,both_options
2025-02-16T10:44:00Z,2025-02-16T10:51:00Z,2.5,0.11666666666666667,both_options
2025-02-16T10:51:00Z,2025-02-16T10:55:00Z,3.0,0.06666666666666667,both_options
2025-02-16T10:55:00Z,2025-02-16T11:13:00Z,3.0,0.3,both_options
2025-02-16T11:13:00Z,2025-02-16T11:15:00Z,2.0,0.03333333333333333,both_options
2025-02-16T11:15:00Z,2025-02-16T11:31:00Z,1.75,0.26666666666666666,both_options
2025-02-16T11:31:00Z,2025-02-16T11:41:00Z,2.0,0.16666666666666666,both_options
2025-02-16T11:41:00Z,2025-02-16T11:55:00Z,1.5,0.23333333333333334,both_options
2025-02-16T11:55:00Z,2025-02-16T12:14:00Z,2.0,0.31666666666666665,both_options
2025-02-16T12:14:00Z,2025-02-16T12:36:00Z,8.0,0.36666666666666664,both_options
2025-02-16T12:36:00Z,2025-02-16T12:55:00Z,7.0,0.31666666666666665,both_options
2025-02-16T12:55:00Z,2025-02-16T13:14:00Z,7.0,0.31666666666666665,both_options
2025-02-16T13:14:00Z,2025-02-16T13:20:00Z,4.0,0.1,both_options
2025-02-16T13:20:00Z,2025-02-16T13:22:00Z,2.5,0.03333333333333333,both_options
2025-02-16T13:22:00Z,2025-02-16T13:29:00Z,3.0,0.11666666666666667,both_options
2025-02-16T13:29:00Z,2025-02-16T13:32:00Z,5.0,0.05,both_options
2025-02-16T13:32:00Z,2025-02-16T13:42:00Z,5.0,0.16666666666666666,both_options
2025-02-16T13:42:00Z,2025-02-16T13:55:00Z,8.0,0.21666666666666667,both_options
2025-02-16T13:55:00Z,2025-02-16T14:10:00Z,5.0,0.25,both_options
2025-02-16T14:10:00Z,2025-02-16T14:55:00Z,3.0,0.75,both_options
2025-02-16T14:55:00Z,2025-02-16T15:55:00Z,9.0,1.0,both_options
2025-02-16T15:55:00Z,2025-02-16T16:55:00Z,5.0,1.0,both_options
2025-02-16T16:55:00Z,2025-02-16T17:55:00Z,8.0,1.0,both_options
2025-02-16T17:55:00Z,2025-02-16T18:48:00Z,6.0,0.8833333333333333,both_options
2025-02-16T18:48:00Z,2025-02-16T18:55:00Z,7.0,0.11666666666666667,both_options
2025-02-16T18:55:00Z,2025-02-16T19:48:00Z,7.0,0.8833333333333333,both_options
2025-02-16T19:48:00Z,2025-02-16T19:55:00Z,8.0,0.11666666666666667,both_options
2025-02-16T19:55:00Z,2025-02-16T20:08:00Z,7.0,0.21666666666666667,both_options
2025-02-16T20:08:00Z,2025-02-16T20:55:00Z,8.0,0.7833333333333333,both_options
2025-02-16T20:55:00Z,2025-02-16T21:31:00Z,8.0,0.6,both_options
2025-02-16T21:31:00Z,2025-02-16T21:55:00Z,9.0,0.4,both_options
2025-02-16T21:55:00Z,2025-02-16T22:45:00Z,8.0,0.8333333333333334,both_options
2025-02-16T22:45:00Z,2025-02-16T22:55:00Z,5.0,0.16666666666666666,both_options
2025-02-16T22:55:00Z,2025-02-16T23:05:00Z,6.0,0.16666666666666666,both_options
2025-02-16T23:05:00Z,2025-02-16T23:55:00Z,6.0,0.8333333333333334,both_options
2025-02-16T23:55:00Z,2025-02-16T23:58:00Z,3.0,0.05,both_options
2025-02-16T23:58:00Z,2025-02-17T00:06:00Z,2.5,0.13333333333333333,both_options
2025-02-17T00:06:00Z,2025-02-17T00:13:00Z,2.5,0.11666666666666667,both_options
2025-02-17T00:13:00Z,2025-02-17T00:34:00Z,5.0,0.35,both_options
2025-02-17T00:34:00Z,2025-02-17T00:55:00Z,4.0,0.35,both_options
2025-02-17T00:55:00Z,2025-02-17T01:52:00Z,3.0,0.95,both_options
2025-02-17T01:52:00Z,2025-02-17T01:55:00Z,7.0,0.05,both_options
2025-02-17T01:55:00Z,2025-02-17T02:11:00Z,6.0,0.26666666666666666,both_options
2025-02-17T02:11:00Z,2025-02-17T02:27:00Z,5.0,0.26666666666666666,both_options
2025-02-17T02:27:00Z,2025-02-17T02:38:00Z,5.0,0.18333333333333332,both_options
2025-02-17T02:38:00Z,2025-02-17T02:48:00Z,5.0,0.16666666666666666,both_options
2025-02-17T02:48:00Z,2025-02-17T02:55:00Z,6.0,0.11666666666666667,both_options
2025-02-17T02:55:00Z,2025-02-17T03:00:00Z,5.0,0.08333333333333333,both_options
2025-02-17T03:00:00Z,2025-02-17T03:17:00Z,5.0,0.2833333333333333,both_options
2025-02-17T03:17:00Z,2025-02-17T03:27:00Z,6.0,0.16666666666666666,both_options
2025-02-17T03:27:00Z,2025-02-17T03:36:00Z,6.0,0.15,both_options
2025-02-17T03:36:00Z,2025-02-17T03:55:00Z,6.0,0.31666666666666665,both_options
2025-02-17T03:55:00Z,2025-02-17T04:24:00Z,6.0,0.48333333333333334,both_options
2025-02-17T04:24:00Z,2025-02-17T04:48:00Z,6.0,0.4,both_options
2025-02-17T04:48:00Z,2025-02-17T04:52:00Z,1.75,0.06666666666666667,both_options
2025-02-17T04:52:00Z,2025-02-17T04:55:00Z,2.0,0.05,both_options
2025-02-17T04:55:00Z,2025-02-17T05:05:00Z,2.0,0.16666666666666666,both_options
2025-02-17T05:05:00Z,2025-02-17T05:23:00Z,4.0,0.3,both_options
2025-02-17T05:23:00Z,2025-02-17T05:35:00Z,5.0,0.2,both_options
2025-02-17T05:35:00Z,2025-02-17T05:47:00Z,2.5,0.2,both_options
2025-02-17T05:47:00Z,2025-02-17T05:53:00Z,2.5,0.1,both_options
2025-02-17T05:53:00Z,2025-02-17T05:55:00Z,3.0,0.03333333333333333,both_options
2025-02-17T05:55:00Z,2025-02-17T06:28:00Z,4.0,0.55,both_options
2025-02-17T06:28:00Z,2025-02-17T06:44:00Z,7.0,0.26666666666666666,both_options
2025-02-17T06:44:00Z,2025-02-17T06:55:00Z,6.0,0.18333333333333332,both_options
2025-02-17T06:55:00Z,2025-02-17T07:02:00Z,6.0,0.11666666666666667,both_options
2025-02-17T07:02:00Z,2025-02-17T07:45:00Z,6.0,0.7166666666666667,both_options
2025-02-17T07:45:00Z,2025-02-17T07:55:00Z,6.0,0.16666666666666666,both_options
2025-02-17T07:55:00Z,2025-02-17T08:14:00Z,6.0,0.31666666666666665,both_options
2025-02-17T08:14:00Z,2025-02-17T08:19:00Z,3.0,0.08333333333333333,both_options
2025-02-17T08:19:00Z,2025-02-17T08:26:00Z,2.5,0.11666666666666667,both_options
2025-02-17T08:26:00Z,2025-02-17T08:35:00Z,1.75,0.15,both_options
2025-02-17T08:35:00Z,2025-02-17T08:39:00Z,2.0,0.06666666666666667,both_options
2025-02-17T08:39:00Z,2025-02-17T08:55:00Z,3.0,0.26666666666666666,both_options
2025-02-17T08:55:00Z,2025-02-17T09:21:00Z,6.0,0.43333333333333335,both_options
2025-02-17T09:21:00Z,2025-02-17T09:28:00Z,7.0,0.11666666666666667,both_options
2025-02-17T09:28:00Z,2025-02-17T09:55:00Z,7.0,0.45,both_options
2025-02-17T09:55:00Z,2025-02-17T10:12:00Z,3.0,0.2833333333333333,both_options
2025-02-17T10:12:00Z,2025-02-17T10:41:00Z,5.0,0.48333333333333334,both_options
2025-02-17T10:41:00Z,2025-02-17T10:55:00Z,4.0,0.23333333333333334,both_options
2025-02-17T10:55:00Z,2025-02-17T11:04:00Z,5.0,0.15,both_options
2025-02-17T11:04:00Z,2025-02-17T11:44:00Z,6.0,0.6666666666666666,both_options
2025-02-17T11:44:00Z,2025-02-17T11:55:00Z,5.0,0.18333333333333332,both_options
2025-02-17T11:55:00Z,2025-02-17T12:13:00Z,3.0,0.3,both_options
2025-02-17T12:13:00Z,2025-02-17T12:37:00Z,4.0,0.4,both_options
2025-02-17T12:37:00Z,2025-02-17T12:55:00Z,4.0,0.3,both_options
2025-02-17T12:55:00Z,2025-02-17T13:11:00Z,6.0,0.26666666666666666,both_options
2025-02-17T13:11:00Z,2025-02-17T13:25:00Z,2.0,0.23333333333333334,both_options
2025-02-17T13:25:00Z,2025-02-17T13:55:00Z,4.0,0.5,both_options
2025-02-17T13:55:00Z,2025-02-17T14:55:00Z,7.0,1.0,both_options
2025-02-17T14:55:00Z,2025-02-17T15:55:00Z,6.0,1.0,both_options
2025-02-17T15:55:00Z,2025-02-17T16:55:00Z,3.0,1.0,both_options
2025-02-17T16:55:00Z,2025-02-17T17:28:00Z,7.0,0.55,both_options
2025-02-17T17:28:00Z,2025-02-17T17:44:00Z,2.0,0.26666666666666666,both_options
2025-02-17T17:44:00Z,2025-02-17T17:55:00Z,4.0,0.18333333333333332,both_options
2025-02-17T17:55:00Z,2025-02-17T18:36:00Z,4.0,0.6833333333333333,both_options
2025-02-17T18:36:00Z,2025-02-17T18:42:00Z,1.75,0.1,both_options
2025-02-17T18:42:00Z,2025-02-17T18:55:00Z,3.0,0.21666666666666667,both_options
2025-02-17T18:55:00Z,2025-02-17T19:55:00Z,5.0,1.0,both_options
2025-02-17T19:55:00Z,2025-02-17T20:10:00Z,3.0,0.25,both_options
2025-02-17T20:10:00Z,2025-02-17T20:23:00Z,1.75,0.21666666666666667,both_options
2025-02-17T20:23:00Z,2025-02-17T20:55:00Z,3.0,0.5333333333333333,both_options
2025-02-17T20:55:00Z,2025-02-17T21:06:00Z,2.5,0.18333333333333332,both_options
2025-02-17T21:06:00Z,2025-02-17T21:30:00Z,9.0,0.4,both_options
2025-02-17T21:30:00Z,2025-02-17T21:39:00Z,1.75,0.15,both_options
2025-02-17T21:39:00Z,2025-02-17T21:45:00Z,1.0,0.1,both_options
2025-02-17T21:45:00Z,2025-02-17T21:52:00Z,2.5,0.11666666666666667,both_options
2025-02-17T21:52:00Z,2025-02-17T21:55:00Z,3.0,0.05,both_options
2025-02-17T21:55:00Z,2025-02-17T22:55:00Z,3.0,1.0,both_options
2025-02-17T22:55:00Z,2025-02-17T23:55:00Z,8.0,1.0,both_options
2025-02-17T23:55:00Z,2025-02-18T00:11:00Z,6.0,0.26666666666666666,both_options
2025-02-18T00:11:00Z,2025-02-18T00:19:00Z,1.75,0.13333333333333333,both_options
2025-02-18T00:19:00Z,2025-02-18T00:26:00Z,1.25,0.11666666666666667,both_options
2025-02-18T00:26:00Z,2025-02-18T00:37:00Z,1.75,0.18333333333333332,both_options
2025-02-18T00:37:00Z,2025-02-18T00:55:00Z,3.0,0.3,both_options
2025-02-18T00:55:00Z,2025-02-18T01:55:00Z,4.0,1.0,both_options
2025-02-18T01:55:00Z,2025-02-18T02:55:00Z,8.0,1.0,both_options
2025-02-18T02:55:00Z,2025-02-18T03:11:00Z,6.0,0.26666666666666666,both_options
2025-02-18T03:11:00Z,2025-02-18T03:23:00Z,2.0,0.2,both_options
2025-02-18T03:23:00Z,2025-02-18T03:55:00Z,7.0,0.5333333333333333,both_options
2025-02-18T03:55:00Z,2025-02-18T04:55:00Z,8.0,1.0,both_options
2025-02-18T04:55:00Z,2025-02-18T05:18:00Z,2.5,0.38333333333333336,both_options
2025-02-18T05:18:00Z,2025-02-18T05:44:00Z,5.0,0.43333333333333335,both_options
2025-02-18T05:44:00Z,2025-02-18T05:55:00Z,1.75,0.18333333333333332,both_options
2025-02-18T05:55:00Z,2025-02-18T06:17:00Z,2.0,0.36666666666666664,both_options
2025-02-18T06:17:00Z,2025-02-18T06:35:00Z,7.0,0.3,both_options
2025-02-18T06:35:00Z,2025-02-18T06:55:00Z,2.0,0.3333333333333333,both_options
2025-02-18T06:55:00Z,2025-02-18T07:33:00Z,5.0,0.6333333333333333,both_options
2025-02-18T07:33:00Z,2025-02-18T07:53:00Z,1.75,0.3333333333333333,both_options
2025-02-18T07:53:00Z,2025-02-18T07:54:00Z,3.0,0.016666666666666666,both_options
2025-02-18T07:54:00Z,2025-02-18T08:03:00Z,3.0,0.15,both_options
2025-02-18T08:03:00Z,2025-02-18T08:11:00Z,2.5,0.13333333333333333,both_options
2025-02-18T08:11:00Z,2025-02-18T08:32:00Z,4.0,0.35,both_options
2025-02-18T08:32:00Z,2025-02-18T08:40:00Z,6.0,0.13333333333333333,both_options
2025-02-18T08:40:00Z,2025-02-18T08:50:00Z,4.0,0.16666666666666666,both_options
2025-02-18T08:50:00Z,2025-02-18T08:55:00Z,2.0,0.08333333333333333,both_options
2025-02-18T08:55:00Z,2025-02-18T09:55:00Z,3.0,1.0,both_options
2025-02-18T09:55:00Z,2025-02-18T10:34:00Z,8.0,0.65,both_options
2025-02-18T10:34:00Z,2025-02-18T10:42:00Z,2.5,0.13333333333333333,both_options
2025-02-18T10:42:00Z,2025-02-18T10:55:00Z,5.0,0.21666666666666667,both_options
2025-02-18T10:55:00Z,2025-02-18T11:04:00Z,10.0,0.15,both_options
2025-02-18T11:04:00Z,2025-02-18T11:31:00Z,10.0,0.45,both_options
2025-02-18T11:31:00Z,2025-02-18T11:38:00Z,2.5,0.11666666666666667,both_options
2025-02-18T11:38:00Z,2025-02-18T11:55:00Z,5.0,0.2833333333333333,both_options
2025-02-18T11:55:00Z,2025-02-18T12:20:00Z,5.0,0.4166666666666667,both_options
2025-02-18T12:20:00Z,2025-02-18T12:55:00Z,10.0,0.5833333333333334,both_options
2025-02-18T12:55:00Z,2025-02-18T13:12:00Z,10.0,0.2833333333333333,both_options
2025-02-18T13:12:00Z,2025-02-18T13:55:00Z,10.0,0.7166666666666667,both_options
2025-02-18T13:55:00Z,2025-02-18T14:55:00Z,10.0,1.0,both_options
2025-02-18T14:55:00Z,2025-02-18T15:55:00Z,10.0,1.0,both_options
2025-02-18T15:55:00Z,2025-02-18T16:55:00Z,10.0,1.0,both_options
2025-02-18T16:55:00Z,2025-02-18T17:55:00Z,8.0,1.0,both_options
2025-02-18T17:55:00Z,2025-02-18T18:55:00Z,10.0,1.0,both_options
2025-02-18T18:55:00Z,2025-02-18T19:55:00Z,10.0,1.0,both_options
2025-02-18T19:55:00Z,2025-02-18T20:41:00Z,10.0,0.7666666666666667,both_options
2025-02-18T20:41:00Z,2025-02-18T20:55:00Z,10.0,0.23333333333333334,both_options
2025-02-18T20:55:00Z,2025-02-18T21:55:00Z,10.0,1.0,both_options
2025-02-18T21:55:00Z,2025-02-18T22:55:00Z,10.0,1.0,both_options
2025-02-18T22:55:00Z,2025-02-18T23:55:00Z,10.0,1.0,both_options
2025-02-18T23:55:00Z,2025-02-19T00:42:00Z,10.0,0.7833333333333333,both_options
2025-02-19T00:42:00Z,2025-02-19T00:55:00Z,10.0,0.21666666666666667,both_options
2025-02-19T00:55:00Z,2025-02-19T01:55:00Z,10.0,1.0,both_options
2025-02-19T01:55:00Z,2025-02-19T02:55:00Z,10.0,1.0,both_options
2025-02-19T02:55:00Z,2025-02-19T03:55:00Z,9.0,1.0,both_options
2025-02-19T03:55:00Z,2025-02-19T04:55:00Z,10.0,1.0,both_options
2025-02-19T04:55:00Z,2025-02-19T05:55:00Z,8.0,1.0,both_options
2025-02-19T05:55:00Z,2025-02-19T06:55:00Z,9.0,1.0,both_options
2025-02-19T06:55:00Z,2025-02-19T07:55:00Z,8.0,1.0,both_options
2025-02-19T07:55:00Z,2025-02-19T08:55:00Z,8.0,1.0,both_options
2025-02-19T08:55:00Z,2025-02-19T09:55:00Z,10.0,1.0,both_options
2025-02-19T09:55:00Z,2025-02-19T10:55:00Z,10.0,1.0,both_options
2025-02-19T10:55:00Z,2025-02-19T11:55:00Z,7.0,1.0,both_options
2025-02-19T11:55:00Z,2025-02-19T12:51:00Z,10.0,0.9333333333333333,both_options
2025-02-19T12:51:00Z,2025-02-19T12:55:00Z,10.0,0.06666666666666667,both_options
2025-02-19T12:55:00Z,2025-02-19T13:55:00Z,9.0,1.0,both_options
2025-02-19T13:55:00Z,2025-02-19T14:55:00Z,6.0,1.0,both_options
2025-02-19T14:55:00Z,2025-02-19T15:03:00Z,4.0,0.13333333333333333,both_options
2025-02-19T15:03:00Z,2025-02-19T15:11:00Z,4.0,0.13333333333333333,both_options
2025-02-19T15:11:00Z,2025-02-19T15:30:00Z,5.0,0.31666666666666665,both_options
2025-02-19T15:30:00Z,2025-02-19T15:37:00Z,3.0,0.11666666666666667,both_options
2025-02-19T15:37:00Z,2025-02-19T15:48:00Z,2.5,0.18333333333333332,both_options
2025-02-19T15:48:00Z,2025-02-19T15:55:00Z,4.0,0.11666666666666667,both_options
2025-02-19T15:55:00Z,2025-02-19T16:06:00Z,5.0,0.18333333333333332,both_options
2025-02-19T16:06:00Z,2025-02-19T16:55:00Z,6.0,0.8166666666666667,both_options
2025-02-19T16:55:00Z,2025-02-19T17:13:00Z,7.0,0.3,both_options
2025-02-19T17:13:00Z,2025-02-19T17:26:00Z,7.0,0.21666666666666667,both_options
2025-02-19T17:26:00Z,2025-02-19T17:55:00Z,7.0,0.48333333333333334,both_options
2025-02-19T17:55:00Z,2025-02-19T18:34:00Z,4.0,0.65,both_options
2025-02-19T18:34:00Z,2025-02-19T18:55:00Z,4.0,0.35,both_options
2025-02-19T18:55:00Z,2025-02-19T19:08:00Z,6.0,0.21666666666666667,both_options
2025-02-19T19:08:00Z,2025-02-19T19:55:00Z,6.0,0.7833333333333333,both_options
2025-02-19T19:55:00Z,2025-02-19T20:02:00Z,5.0,0.11666666666666667,both_options
2025-02-19T20:02:00Z,2025-02-19T20:10:00Z,6.0,0.13333333333333333,both_options
2025-02-19T20:10:00Z,2025-02-19T20:20:00Z,6.0,0.16666666666666666,both_options
2025-02-19T20:20:00Z,2025-02-19T20:35:00Z,6.0,0.25,both_options
2025-02-19T20:35:00Z,2025-02-19T20:55:00Z,6.0,0.3333333333333333,both_options
2025-02-19T20:55:00Z,2025-02-19T21:12:00Z,6.0,0.2833333333333333,both_options
2025-02-19T21:12:00Z,2025-02-19T21:23:00Z,2.0,0.18333333333333332,both_options
2025-02-19T21:23:00Z,2025-02-19T21:55:00Z,7.0,0.5333333333333333,both_options
2025-02-19T21:55:00Z,2025-02-19T22:10:00Z,8.0,0.25,both_options
2025-02-19T22:10:00Z,2025-02-19T22:32:00Z,6.0,0.36666666666666664,both_options
2025-02-19T22:32:00Z,2025-02-19T22:55:00Z,8.0,0.38333333333333336,both_options
2025-02-19T22:55:00Z,2025-02-19T23:55:00Z,8.0,1.0,both_options
2025-02-19T23:55:00Z,2025-02-20T00:55:00Z,4.0,1.0,both_options
2025-02-20T00:55:00Z,2025-02-20T01:41:00Z,4.0,0.7666666666666667,both_options
2025-02-20T01:41:00Z,2025-02-20T01:55:00Z,8.0,0.23333333333333334,both_options
2025-02-20T01:55:00Z,2025-02-20T02:34:00Z,9.0,0.65,both_options
2025-02-20T02:34:00Z,2025-02-20T02:55:00Z,9.0,0.35,both_options
2025-02-20T02:55:00Z,2025-02-20T03:55:00Z,9.0,1.0,both_options
2025-02-20T03:55:00Z,2025-02-20T04:27:00Z,10.0,0.5333333333333333,both_options
2025-02-20T04:27:00Z,2025-02-20T04:55:00Z,10.0,0.4666666666666667,both_options
2025-02-20T04:55:00Z,2025-02-20T05:55:00Z,10.0,1.0,both_options
2025-02-20T05:55:00Z,2025-02-20T06:55:00Z,9.0,1.0,both_options
2025-02-20T06:55:00Z,2025-02-20T07:55:00Z,9.0,1.0,both_options
2025-02-20T07:55:00Z,2025-02-20T08:55:00Z,9.0,1.0,both_options
2025-02-20T08:55:00Z,2025-02-20T09:16:00Z,9.0,0.35,both_options
2025-02-20T09:16:00Z,2025-02-20T09:37:00Z,9.0,0.35,both_options
2025-02-20T09:37:00Z,2025-02-20T09:55:00Z,9.0,0.3,both_options
2025-02-20T09:55:00Z,2025-02-20T10:55:00Z,10.0,1.0,both_options
2025-02-20T10:55:00Z,2025-02-20T11:08:00Z,9.0,0.21666666666666667,both_options
2025-02-20T11:08:00Z,2025-02-20T11:38:00Z,7.0,0.5,both_options
2025-02-20T11:38:00Z,2025-02-20T11:55:00Z,10.0,0.2833333333333333,both_options
2025-02-20T11:55:00Z,2025-02-20T12:12:00Z,10.0,0.2833333333333333,both_options
2025-02-20T12:12:00Z,2025-02-20T12:16:00Z,4.0,0.06666666666666667,both_options
2025-02-20T12:16:00Z,2025-02-20T12:29:00Z,2.5,0.21666666666666667,both_options
2025-02-20T12:29:00Z,2025-02-20T12:44:00Z,3.0,0.25,both_options
2025-02-20T12:44:00Z,2025-02-20T12:51:00Z,2.5,0.11666666666666667,both_options
2025-02-20T12:51:00Z,2025-02-20T12:55:00Z,5.0,0.06666666666666667,both_options
2025-02-20T12:55:00Z,2025-02-20T13:32:00Z,7.0,0.6166666666666667,both_options
2025-02-20T13:32:00Z,2025-02-20T13:55:00Z,6.0,0.38333333333333336,both_options
2025-02-20T13:55:00Z,2025-02-20T14:19:00Z,10.0,0.4,both_options
2025-02-20T14:19:00Z,2025-02-20T14:55:00Z,10.0,0.6,both_options
2025-02-20T14:55:00Z,2025-02-20T15:41:00Z,10.0,0.7666666666666667,both_options
2025-02-20T15:41:00Z,2025-02-20T15:55:00Z,10.0,0.23333333333333334,both_options
2025-02-20T15:55:00Z,2025-02-20T16:55:00Z,10.0,1.0,both_options
2025-02-20T16:55:00Z,2025-02-20T17:14:00Z,10.0,0.31666666666666665,both_options
2025-02-20T17:14:00Z,2025-02-20T17:51:00Z,10.0,0.6166666666666667,both_options
2025-02-20T17:51:00Z,2025-02-20T17:55:00Z,10.0,0.06666666666666667,both_options
2025-02-20T17:55:00Z,2025-02-20T18:21:00Z,10.0,0.43333333333333335,both_options
2025-02-20T18:21:00Z,2025-02-20T18:55:00Z,10.0,0.5666666666666667,both_options
2025-02-20T18:55:00Z,2025-02-20T19:40:00Z,10.0,0.75,both_options
2025-02-20T19:40:00Z,2025-02-20T19:51:00Z,10.0,0.18333333333333332,both_options
2025-02-20T19:51:00Z,2025-02-20T19:55:00Z,0.25,0.06666666666666667,neither_option
2025-02-20T19:55:00Z,2025-02-20T20:07:00Z,0.25,0.2,neither_option
2025-02-20T20:07:00Z,2025-02-20T20:28:00Z,,0.35,unknown
2025-02-20T20:28:00Z,2025-02-20T20:45:00Z,,0.2833333333333333,unknown
2025-02-20T20:45:00Z,2025-02-20T20:55:00Z,10.0,0.16666666666666666,both_options
2025-02-20T20:55:00Z,2025-02-20T21:40:00Z,10.0,0.75,both_options
2025-02-20T21:40:00Z,2025-02-20T21:55:00Z,10.0,0.25,both_options
2025-02-20T21:55:00Z,2025-02-20T22:55:00Z,10.0,1.0,both_options
2025-02-20T22:55:00Z,2025-02-20T23:55:00Z,10.0,1.0,both_options
2025-02-20T23:55:00Z,2025-02-21T00:04:00Z,10.0,0.15,both_options
2025-02-21T00:04:00Z,2025-02-21T00:23:00Z,10.0,0.31666666666666665,both_options
2025-02-21T00:23:00Z,2025-02-21T00:55:00Z,10.0,0.5333333333333333,both_options
2025-02-21T00:55:00Z,2025-02-21T01:20:00Z,10.0,0.4166666666666667,both_options
2025-02-21T01:20:00Z,2025-02-21T01:55:00Z,10.0,0.5833333333333334,both_options
2025-02-21T01:55:00Z,2025-02-21T02:55:00Z,10.0,1.0,both_options
2025-02-21T02:55:00Z,2025-02-21T03:55:00Z,10.0,1.0,both_options
2025-02-21T03:55:00Z,2025-02-21T04:55:00Z,10.0,1.0,both_options
2025-02-21T04:55:00Z,2025-02-21T05:55:00Z,10.0,1.0,both_options
2025-02-21T05:55:00Z,2025-02-21T06:55:00Z,9.0,1.0,both_options
2025-02-21T06:55:00Z,2025-02-21T07:55:00Z,10.0,1.0,both_options
2025-02-21T07:55:00Z,2025-02-21T08:55:00Z,10.0,1.0,both_options
2025-02-21T08:55:00Z,2025-02-21T09:55:00Z,10.0,1.0,both_options
2025-02-21T09:55:00Z,2025-02-21T10:55:00Z,10.0,1.0,both_options
2025-02-21T10:55:00Z,2025-02-21T11:55:00Z,10.0,1.0,both_options
2025-02-21T11:55:00Z,2025-02-21T12:55:00Z,10.0,1.0,both_options
2025-02-21T12:55:00Z,2025-02-21T13:55:00Z,10.0,1.0,both_options
2025-02-21T13:55:00Z,2025-02-21T14:55:00Z,10.0,1.0,both_options
2025-02-21T14:55:00Z,2025-02-21T15:55:00Z,10.0,1.0,both_options
2025-02-21T15:55:00Z,2025-02-21T16:55:00Z,10.0,1.0,both_options
2025-02-21T16:55:00Z,2025-02-21T17:55:00Z,10.0,1.0,both_options
2025-02-21T17:55:00Z,2025-02-21T18:55:00Z,10.0,1.0,both_options
2025-02-21T18:55:00Z,2025-02-21T19:55:00Z,10.0,1.0,both_options
2025-02-21T19:55:00Z,2025-02-21T20:55:00Z,10.0,1.0,both_options
2025-02-21T20:55:00Z,2025-02-21T21:55:00Z,10.0,1.0,both_options
2025-02-21T21:55:00Z,2025-02-21T22:55:00Z,10.0,1.0,both_options
2025-02-21T22:55:00Z,2025-02-21T23:55:00Z,10.0,1.0,both_options
2025-02-21T23:55:00Z,2025-02-22T00:55:00Z,10.0,1.0,both_options
2025-02-22T00:55:00Z,2025-02-22T01:55:00Z,10.0,1.0,both_options
2025-02-22T01:55:00Z,2025-02-22T02:55:00Z,5.0,1.0,both_options
2025-02-22T02:55:00Z,2025-02-22T03:55:00Z,6.0,1.0,both_options
2025-02-22T03:55:00Z,2025-02-22T04:05:00Z,4.0,0.16666666666666666,both_options
2025-02-22T04:05:00Z,2025-02-22T04:55:00Z,4.0,0.8333333333333334,both_options
2025-02-22T04:55:00Z,2025-02-22T05:27:00Z,4.0,0.5333333333333333,both_options
2025-02-22T05:27:00Z,2025-02-22T05:55:00Z,2.5,0.4666666666666667,both_options
2025-02-22T05:55:00Z,2025-02-22T06:02:00Z,2.0,0.11666666666666667,both_options
2025-02-22T06:02:00Z,2025-02-22T06:10:00Z,1.75,0.13333333333333333,both_options
2025-02-22T06:10:00Z,2025-02-22T06:19:00Z,2.0,0.15,both_options
2025-02-22T06:19:00Z,2025-02-22T06:55:00Z,3.0,0.6,both_options
2025-02-22T06:55:00Z,2025-02-22T07:02:00Z,10.0,0.11666666666666667,both_options
2025-02-22T07:02:00Z,2025-02-22T07:55:00Z,10.0,0.8833333333333333,both_options
2025-02-22T07:55:00Z,2025-02-22T08:55:00Z,7.0,1.0,both_options
2025-02-22T08:55:00Z,2025-02-22T09:55:00Z,8.0,1.0,both_options
2025-02-22T09:55:00Z,2025-02-22T10:09:00Z,6.0,0.23333333333333334,both_options
2025-02-22T10:09:00Z,2025-02-22T10:55:00Z,7.0,0.7666666666666667,both_options
2025-02-22T10:55:00Z,2025-02-22T11:02:00Z,4.0,0.11666666666666667,both_options
2025-02-22T11:02:00Z,2025-02-22T11:13:00Z,2.5,0.18333333333333332,both_options
2025-02-22T11:13:00Z,2025-02-22T11:32:00Z,1.5,0.31666666666666665,both_options
2025-02-22T11:32:00Z,2025-02-22T11:39:00Z,2.5,0.11666666666666667,both_options
2025-02-22T11:39:00Z,2025-02-22T11:51:00Z,3.0,0.2,both_options
2025-02-22T11:51:00Z,2025-02-22T11:55:00Z,4.0,0.06666666666666667,both_options
2025-02-22T11:55:00Z,2025-02-22T12:21:00Z,5.0,0.43333333333333335,both_options
2025-02-22T12:21:00Z,2025-02-22T12:32:00Z,2.5,0.18333333333333332,both_options
2025-02-22T12:32:00Z,2025-02-22T12:55:00Z,1.75,0.38333333333333336,both_options
2025-02-22T12:55:00Z,2025-02-22T13:12:00Z,1.75,0.2833333333333333,both_options
2025-02-22T13:12:00Z,2025-02-22T13:39:00Z,2.5,0.45,both_options
2025-02-22T13:39:00Z,2025-02-22T13:55:00Z,1.75,0.26666666666666666,both_options
2025-02-22T13:55:00Z,2025-02-22T14:07:00Z,1.75,0.2,both_options
2025-02-22T14:07:00Z,2025-02-22T14:10:00Z,2.5,0.05,both_options
2025-02-22T14:10:00Z,2025-02-22T14:29:00Z,3.0,0.31666666666666665,both_options
2025-02-22T14:29:00Z,2025-02-22T14:55:00Z,2.5,0.43333333333333335,both_options
2025-02-22T14:55:00Z,2025-02-22T15:01:00Z,2.5,0.1,both_options
2025-02-22T15:01:00Z,2025-02-22T15:08:00Z,1.75,0.11666666666666667,both_options
2025-02-22T15:08:00Z,2025-02-22T15:15:00Z,1.75,0.11666666666666667,both_options
2025-02-22T15:15:00Z,2025-02-22T15:22:00Z,2.5,0.11666666666666667,both_options
2025-02-22T15:22:00Z,2025-02-22T15:48:00Z,2.5,0.43333333333333335,both_options
2025-02-22T15:48:00Z,2025-02-22T15:55:00Z,3.0,0.11666666666666667,both_options
2025-02-22T15:55:00Z,2025-02-22T16:08:00Z,2.5,0.21666666666666667,both_options
2025-02-22T16:08:00Z,2025-02-22T16:15:00Z,4.0,0.11666666666666667,both_options
2025-02-22T16:15:00Z,2025-02-22T16:50:00Z,4.0,0.5833333333333334,both_options
2025-02-22T16:50:00Z,2025-02-22T16:55:00Z,2.0,0.08333333333333333,both_options
2025-02-22T16:55:00Z,2025-02-22T17:06:00Z,2.0,0.18333333333333332,both_options
2025-02-22T17:06:00Z,2025-02-22T17:30:00Z,4.0,0.4,both_options
2025-02-22T17:30:00Z,2025-02-22T17:33:00Z,4.0,0.05,both_options
2025-02-22T17:33:00Z,2025-02-22T17:55:00Z,5.0,0.36666666666666664,both_options
2025-02-22T17:55:00Z,2025-02-22T18:55:00Z,4.0,1.0,both_options
2025-02-22T18:55:00Z,2025-02-22T19:55:00Z,9.0,1.0,both_options
2025-02-22T19:55:00Z,2025-02-22T20:16:00Z,9.0,0.35,both_options
2025-02-22T20:16:00Z,2025-02-22T20:29:00Z,1.75,0.21666666666666667,both_options
2025-02-22T20:29:00Z,2025-02-22T20:37:00Z,1.25,0.13333333333333333,both_options
2025-02-22T20:37:00Z,2025-02-22T20:55:00Z,2.0,0.3,both_options
2025-02-22T20:55:00Z,2025-02-22T21:32:00Z,3.0,0.6166666666666667,both_options
2025-02-22T21:32:00Z,2025-02-22T21:42:00Z,2.5,0.16666666666666666,both_options
2025-02-22T21:42:00Z,2025-02-22T21:55:00Z,4.0,0.21666666666666667,both_options
2025-02-22T21:55:00Z,2025-02-22T22:52:00Z,4.0,0.95,both_options
2025-02-22T22:52:00Z,2025-02-22T22:55:00Z,2.5,0.05,both_options
2025-02-22T22:55:00Z,2025-02-22T23:02:00Z,2.5,0.11666666666666667,both_options
2025-02-22T23:02:00Z,2025-02-22T23:20:00Z,4.0,0.3,both_options
2025-02-22T23:20:00Z,2025-02-22T23:39:00Z,2.5,0.31666666666666665,both_options
2025-02-22T23:39:00Z,2025-02-22T23:55:00Z,1.75,0.26666666666666666,both_options
2025-02-22T23:55:00Z,2025-02-23T00:06:00Z,1.25,0.18333333333333332,both_options
2025-02-23T00:06:00Z,2025-02-23T00:15:00Z,2.0,0.15,both_options
2025-02-23T00:15:00Z,2025-02-23T00:17:00Z,3.0,0.03333333333333333,both_options
2025-02-23T00:17:00Z,2025-02-23T00:27:00Z,2.5,0.16666666666666666,both_options
2025-02-23T00:27:00Z,2025-02-23T00:52:00Z,2.0,0.4166666666666667,both_options
2025-02-23T00:52:00Z,2025-02-23T00:55:00Z,3.0,0.05,both_options
2025-02-23T00:55:00Z,2025-02-23T01:07:00Z,3.0,0.2,both_options
2025-02-23T01:07:00Z,2025-02-23T01:37:00Z,3.0,0.5,both_options
2025-02-23T01:37:00Z,2025-02-23T01:55:00Z,4.0,0.3,both_options
2025-02-23T01:55:00Z,2025-02-23T02:55:00Z,4.0,1.0,both_options
2025-02-23T02:55:00Z,2025-02-23T03:37:00Z,5.0,0.7,both_options
2025-02-23T03:37:00Z,2025-02-23T03:48:00Z,4.0,0.18333333333333332,both_options
2025-02-23T03:48:00Z,2025-02-23T03:55:00Z,5.0,0.11666666666666667,both_options
2025-02-23T03:55:00Z,2025-02-23T04:21:00Z,5.0,0.43333333333333335,both_options
2025-02-23T04:21:00Z,2025-02-23T04:42:00Z,4.0,0.35,both_options
2025-02-23T04:42:00Z,2025-02-23T04:55:00Z,4.0,0.21666666666666667,both_options
2025-02-23T04:55:00Z,2025-02-23T05:06:00Z,3.0,0.18333333333333332,both_options
2025-02-23T05:06:00Z,2025-02-23T05:16:00Z,4.0,0.16666666666666666,both_options
2025-02-23T05:16:00Z,2025-02-23T05:39:00Z,4.0,0.38333333333333336,both_options
2025-02-23T05:39:00Z,2025-02-23T05:55:00Z,3.0,0.26666666666666666,both_options
2025-02-23T05:55:00Z,2025-02-23T06:55:00Z,3.0,1.0,both_options
2025-02-23T06:55:00Z,2025-02-23T07:04:00Z,3.0,0.15,both_options
2025-02-23T07:04:00Z,2025-02-23T07:37:00Z,2.5,0.55,both_options
2025-02-23T07:37:00Z,2025-02-23T07:55:00Z,3.0,0.3,both_options
2025-02-23T07:55:00Z,2025-02-23T08:15:00Z,5.0,0.3333333333333333,both_options
2025-02-23T08:15:00Z,2025-02-23T08:23:00Z,2.5,0.13333333333333333,both_options
2025-02-23T08:23:00Z,2025-02-23T08:55:00Z,3.0,0.5333333333333333,both_options
2025-02-23T08:55:00Z,2025-02-23T09:34:00Z,4.0,0.65,both_options
2025-02-23T09:34:00Z,2025-02-23T09:45:00Z,6.0,0.18333333333333332,both_options
2025-02-23T09:45:00Z,2025-02-23T09:55:00Z,5.0,0.16666666666666666,both_options
2025-02-23T09:55:00Z,2025-02-23T10:20:00Z,3.0,0.4166666666666667,both_options
2025-02-23T10:20:00Z,2025-02-23T10:25:00Z,2.5,0.08333333333333333,both_options
2025-02-23T10:25:00Z,2025-02-23T10:55:00Z,3.0,0.5,both_options
2025-02-23T10:55:00Z,2025-02-23T11:44:00Z,4.0,0.8166666666666667,both_options
2025-02-23T11:44:00Z,2025-02-23T11:55:00Z,8.0,0.18333333333333332,both_options
2025-02-23T11:55:00Z,2025-02-23T12:20:00Z,7.0,0.4166666666666667,both_options
2025-02-23T12:20:00Z,2025-02-23T12:55:00Z,5.0,0.5833333333333334,both_options
2025-02-23T12:55:00Z,2025-02-23T13:06:00Z,4.0,0.18333333333333332,both_options
2025-02-23T13:06:00Z,2025-02-23T13:26:00Z,4.0,0.3333333333333333,both_options
2025-02-23T13:26:00Z,2025-02-23T13:39:00Z,2.5,0.21666666666666667,both_options
2025-02-23T13:39:00Z,2025-02-23T13:55:00Z,3.0,0.26666666666666666,both_options
2025-02-23T13:55:00Z,2025-02-23T14:55:00Z,5.0,1.0,both_options
2025-02-23T14:55:00Z,2025-02-23T15:55:00Z,6.0,1.0,both_options
2025-02-23T15:55:00Z,2025-02-23T16:10:00Z,10.0,0.25,both_options
2025-02-23T16:10:00Z,2025-02-23T16:55:00Z,10.0,0.75,both_options
2025-02-23T16:55:00Z,2025-02-23T17:06:00Z,9.0,0.18333333333333332,both_options
2025-02-23T17:06:00Z,2025-02-23T17:29:00Z,6.0,0.38333333333333336,both_options
2025-02-23T17:29:00Z,2025-02-23T17:55:00Z,2.0,0.43333333333333335,both_options
2025-02-23T17:55:00Z,2025-02-23T18:08:00Z,2.5,0.21666666666666667,both_options
2025-02-23T18:08:00Z,2025-02-23T18:55:00Z,3.0,0.7833333333333333,both_options
2025-02-23T18:55:00Z,2025-02-23T19:51:00Z,3.0,0.9333333333333333,both_options
2025-02-23T19:51:00Z,2025-02-23T19:55:00Z,6.0,0.06666666666666667,both_options
2025-02-23T19:55:00Z,2025-02-23T20:55:00Z,6.0,1.0,both_options
2025-02-23T20:55:00Z,2025-02-23T21:22:00Z,5.0,0.45,both_options
2025-02-23T21:22:00Z,2025-02-23T21:51:00Z,1.75,0.48333333333333334,both_options
2025-02-23T21:51:00Z,2025-02-23T21:55:00Z,1.0,0.06666666666666667,both_options
2025-02-23T21:55:00Z,2025-02-23T22:03:00Z,1.0,0.13333333333333333,both_options
2025-02-23T22:03:00Z,2025-02-23T22:10:00Z,2.0,0.11666666666666667,both_options
2025-02-23T22:10:00Z,2025-02-23T22:36:00Z,1.75,0.43333333333333335,both_options
2025-02-23T22:36:00Z,2025-02-23T22:45:00Z,1.25,0.15,both_options
2025-02-23T22:45:00Z,2025-02-23T22:55:00Z,1.25,0.16666666666666666,both_options
2025-02-23T22:55:00Z,2025-02-23T23:13:00Z,1.0,0.3,both_options
2025-02-23T23:13:00Z,2025-02-23T23:30:00Z,2.0,0.2833333333333333,both_options
2025-02-23T23:30:00Z,2025-02-23T23:46:00Z,5.0,0.26666666666666666,both_options
2025-02-23T23:46:00Z,2025-02-23T23:55:00Z,1.75,0.15,both_options
2025-02-23T23:55:00Z,2025-02-24T00:02:00Z,3.0,0.11666666666666667,both_options
2025-02-24T00:02:00Z,2025-02-24T00:13:00Z,5.0,0.18333333333333332,both_options
2025-02-24T00:13:00Z,2025-02-24T00:55:00Z,5.0,0.7,both_options
2025-02-24T00:55:00Z,2025-02-24T01:55:00Z,5.0,1.0,both_options
2025-02-24T01:55:00Z,2025-02-24T02:55:00Z,6.0,1.0,both_options
2025-02-24T02:55:00Z,2025-02-24T03:55:00Z,6.0,1.0,both_options
2025-02-24T03:55:00Z,2025-02-24T04:55:00Z,7.0,1.0,both_options
2025-02-24T04:55:00Z,2025-02-24T05:55:00Z,8.0,1.0,both_options
2025-02-24T05:55:00Z,2025-02-24T06:55:00Z,7.0,1.0,both_options
2025-02-24T06:55:00Z,2025-02-24T07:55:00Z,7.0,1.0,both_options
2025-02-24T07:55:00Z,2025-02-24T08:28:00Z,6.0,0.55,both_options
2025-02-24T08:28:00Z,2025-02-24T08:55:00Z,7.0,0.45,both_options
2025-02-24T08:55:00Z,2025-02-24T09:15:00Z,7.0,0.3333333333333333,both_options
2025-02-24T09:15:00Z,2025-02-24T09:55:00Z,8.0,0.6666666666666666,both_options
2025-02-24T09:55:00Z,2025-02-24T10:55:00Z,9.0,1.0,both_options
2025-02-24T10:55:00Z,2025-02-24T11:55:00Z,9.0,1.0,both_options
2025-02-24T11:55:00Z,2025-02-24T12:55:00Z,10.0,1.0,both_options
2025-02-24T12:55:00Z,2025-02-24T13:55:00Z,10.0,1.0,both_options
2025-02-24T13:55:00Z,2025-02-24T14:55:00Z,10.0,1.0,both_options
2025-02-24T14:55:00Z,2025-02-24T15:55:00Z,10.0,1.0,both_options
2025-02-24T15:55:00Z,2025-02-24T16:55:00Z,5.0,1.0,both_options
2025-02-24T16:55:00Z,2025-02-24T17:55:00Z,10.0,1.0,both_options
2025-02-24T17:55:00Z,2025-02-24T18:55:00Z,8.0,1.0,both_options
2025-02-24T18:55:00Z,2025-02-24T19:55:00Z,4.0,1.0,both_options
2025-02-24T19:55:00Z,2025-02-24T20:02:00Z,9.0,0.11666666666666667,both_options
2025-02-24T20:02:00Z,2025-02-24T20:11:00Z,8.0,0.15,both_options
2025-02-24T20:11:00Z,2025-02-24T20:55:00Z,6.0,0.7333333333333333,both_options
2025-02-24T20:55:00Z,2025-02-24T21:13:00Z,6.0,0.3,both_options
2025-02-24T21:13:00Z,2025-02-24T21:24:00Z,1.75,0.18333333333333332,both_options
2025-02-24T21:24:00Z,2025-02-24T21:55:00Z,3.0,0.5166666666666667,both_options
2025-02-24T21:55:00Z,2025-02-24T22:19:00Z,6.0,0.4,both_options
2025-02-24T22:19:00Z,2025-02-24T22:32:00Z,5.0,0.21666666666666667,both_options
2025-02-24T22:32:00Z,2025-02-24T22:55:00Z,5.0,0.38333333333333336,both_options
2025-02-24T22:55:00Z,2025-02-24T23:18:00Z,6.0,0.38333333333333336,both_options
2025-02-24T23:18:00Z,2025-02-24T23:27:00Z,5.0,0.15,both_options
2025-02-24T23:27:00Z,2025-02-24T23:38:00Z,5.0,0.18333333333333332,both_options
2025-02-24T23:38:00Z,2025-02-24T23:46:00Z,6.0,0.13333333333333333,both_options
2025-02-24T23:46:00Z,2025-02-24T23:55:00Z,5.0,0.15,both_options
2025-02-24T23:55:00Z,2025-02-25T00:02:00Z,2.5,0.11666666666666667,both_options
2025-02-25T00:02:00Z,2025-02-25T00:13:00Z,4.0,0.18333333333333332,both_options
2025-02-25T00:13:00Z,2025-02-25T00:55:00Z,8.0,0.7,both_options
2025-02-25T00:55:00Z,2025-02-25T01:55:00Z,8.0,1.0,both_options
2025-02-25T01:55:00Z,2025-02-25T02:55:00Z,7.0,1.0,both_options
2025-02-25T02:55:00Z,2025-02-25T03:55:00Z,,1.0,unknown
2025-02-25T03:55:00Z,2025-02-25T04:55:00Z,4.0,1.0,both_options
2025-02-25T04:55:00Z,2025-02-25T05:10:00Z,4.0,0.25,both_options
2025-02-25T05:10:00Z,2025-02-25T05:25:00Z,4.0,0.25,both_options
2025-02-25T05:25:00Z,2025-02-25T05:55:00Z,3.0,0.5,both_options
2025-02-25T05:55:00Z,2025-02-25T06:35:00Z,4.0,0.6666666666666666,both_options
2025-02-25T06:35:00Z,2025-02-25T06:55:00Z,5.0,0.3333333333333333,both_options
2025-02-25T06:55:00Z,2025-02-25T07:13:00Z,3.0,0.3,both_options
2025-02-25T07:13:00Z,2025-02-25T07:25:00Z,5.0,0.2,both_options
2025-02-25T07:25:00Z,2025-02-25T07:46:00Z,4.0,0.35,both_options
2025-02-25T07:46:00Z,2025-02-25T07:55:00Z,2.0,0.15,both_options
2025-02-25T07:55:00Z,2025-02-25T08:07:00Z,2.5,0.2,both_options
2025-02-25T08:07:00Z,2025-02-25T08:12:00Z,2.5,0.08333333333333333,both_options
2025-02-25T08:12:00Z,2025-02-25T08:55:00Z,3.0,0.7166666666666667,both_options
2025-02-25T08:55:00Z,2025-02-25T09:04:00Z,3.0,0.15,both_options
2025-02-25T09:04:00Z,2025-02-25T09:14:00Z,2.5,0.16666666666666666,both_options
2025-02-25T09:14:00Z,2025-02-25T09:22:00Z,1.5,0.13333333333333333,both_options
2025-02-25T09:22:00Z,2025-02-25T09:26:00Z,2.0,0.06666666666666667,both_options
2025-02-25T09:26:00Z,2025-02-25T09:41:00Z,3.0,0.25,both_options
2025-02-25T09:41:00Z,2025-02-25T09:48:00Z,2.5,0.11666666666666667,both_options
2025-02-25T09:48:00Z,2025-02-25T09:55:00Z,2.5,0.11666666666666667,both_options
2025-02-25T09:55:00Z,2025-02-25T10:31:00Z,2.5,0.6,both_options
2025-02-25T10:31:00Z,2025-02-25T10:55:00Z,3.0,0.4,both_options
2025-02-25T10:55:00Z,2025-02-25T11:55:00Z,3.0,1.0,both_options
2025-02-25T11:55:00Z,2025-02-25T12:55:00Z,4.0,1.0,both_options
2025-02-25T12:55:00Z,2025-02-25T13:13:00Z,6.0,0.3,both_options
2025-02-25T13:13:00Z,2025-02-25T13:31:00Z,6.0,0.3,both_options
2025-02-25T13:31:00Z,2025-02-25T13:55:00Z,6.0,0.4,both_options
2025-02-25T13:55:00Z,2025-02-25T14:52:00Z,3.0,0.95,both_options
2025-02-25T14:52:00Z,2025-02-25T14:55:00Z,2.5,0.05,both_options
2025-02-25T14:55:00Z,2025-02-25T15:29:00Z,2.5,0.5666666666666667,both_options
2025-02-25T15:29:00Z,2025-02-25T15:38:00Z,3.0,0.15,both_options
2025-02-25T15:38:00Z,2025-02-25T15:49:00Z,2.5,0.18333333333333332,both_options
2025-02-25T15:49:00Z,2025-02-25T15:50:00Z,3.0,0.016666666666666666,both_options
2025-02-25T15:50:00Z,2025-02-25T15:55:00Z,3.0,0.08333333333333333,both_options
2025-02-25T15:55:00Z,2025-02-25T16:19:00Z,3.0,0.4,both_options
2025-02-25T16:19:00Z,2025-02-25T16:27:00Z,2.0,0.13333333333333333,both_options
2025-02-25T16:27:00Z,2025-02-25T16:55:00Z,1.75,0.4666666666666667,both_options
2025-02-25T16:55:00Z,2025-02-25T17:07:00Z,1.5,0.2,both_options
2025-02-25T17:07:00Z,2025-02-25T17:35:00Z,2.5,0.4666666666666667,both_options
2025-02-25T17:35:00Z,2025-02-25T17:55:00Z,3.0,0.3333333333333333,both_options
2025-02-25T17:55:00Z,2025-02-25T18:06:00Z,2.0,0.18333333333333332,both_options
2025-02-25T18:06:00Z,2025-02-25T18:55:00Z,5.0,0.8166666666666667,both_options
2025-02-25T18:55:00Z,2025-02-25T19:55:00Z,6.0,1.0,both_options
2025-02-25T19:55:00Z,2025-02-25T20:06:00Z,6.0,0.18333333333333332,both_options
2025-02-25T20:06:00Z,2025-02-25T20:13:00Z,6.0,0.11666666666666667,both_options
2025-02-25T20:13:00Z,2025-02-25T20:55:00Z,6.0,0.7,both_options
2025-02-25T20:55:00Z,2025-02-25T21:55:00Z,7.0,1.0,both_options
2025-02-25T21:55:00Z,2025-02-25T22:55:00Z,6.0,1.0,both_options
2025-02-25T22:55:00Z,2025-02-25T23:55:00Z,7.0,1.0,both_options
2025-02-25T23:55:00Z,2025-02-26T00:55:00Z,7.0,1.0,both_options
2025-02-26T00:55:00Z,2025-02-26T01:31:00Z,5.0,0.6,both_options
2025-02-26T01:31:00Z,2025-02-26T01:55:00Z,6.0,0.4,both_options
2025-02-26T01:55:00Z,2025-02-26T02:55:00Z,6.0,1.0,both_options
2025-02-26T02:55:00Z,2025-02-26T03:39:00Z,6.0,0.7333333333333333,both_options
2025-02-26T03:39:00Z,2025-02-26T03:55:00Z,6.0,0.26666666666666666,both_options
2025-02-26T03:55:00Z,2025-02-26T04:13:00Z,5.0,0.3,both_options
2025-02-26T04:13:00Z,2025-02-26T04:55:00Z,4.0,0.7,both_options
2025-02-26T04:55:00Z,2025-02-26T05:02:00Z,7.0,0.11666666666666667,both_options
2025-02-26T05:02:00Z,2025-02-26T05:55:00Z,7.0,0.8833333333333333,both_options
2025-02-26T05:55:00Z,2025-02-26T06:55:00Z,10.0,1.0,both_options
2025-02-26T06:55:00Z,2025-02-26T07:55:00Z,10.0,1.0,both_options
2025-02-26T07:55:00Z,2025-02-26T08:55:00Z,10.0,1.0,both_options
2025-02-26T08:55:00Z,2025-02-26T09:55:00Z,10.0,1.0,both_options
2025-02-26T09:55:00Z,2025-02-26T10:55:00Z,10.0,1.0,both_options
2025-02-26T10:55:00Z,2025-02-26T11:55:00Z,10.0,1.0,both_options
2025-02-26T11:55:00Z,2025-02-26T12:55:00Z,9.0,1.0,both_options
2025-02-26T12:55:00Z,2025-02-26T13:55:00Z,10.0,1.0,both_options
2025-02-26T13:55:00Z,2025-02-26T14:55:00Z,10.0,1.0,both_options
2025-02-26T14:55:00Z,2025-02-26T15:55:00Z,10.0,1.0,both_options
2025-02-26T15:55:00Z,2025-02-26T16:55:00Z,10.0,1.0,both_options
2025-02-26T16:55:00Z,2025-02-26T17:55:00Z,10.0,1.0,both_options
2025-02-26T17:55:00Z,2025-02-26T18:55:00Z,10.0,1.0,both_options
2025-02-26T18:55:00Z,2025-02-26T19:55:00Z,10.0,1.0,both_options
2025-02-26T19:55:00Z,2025-02-26T20:55:00Z,10.0,1.0,both_options
2025-02-26T20:55:00Z,2025-02-26T21:55:00Z,10.0,1.0,both_options
2025-02-26T21:55:00Z,2025-02-26T22:55:00Z,10.0,1.0,both_options
2025-02-26T22:55:00Z,2025-02-26T23:55:00Z,10.0,1.0,both_options
2025-02-26T23:55:00Z,2025-02-27T00:55:00Z,10.0,1.0,both_options
2025-02-27T00:55:00Z,2025-02-27T01:55:00Z,10.0,1.0,both_options
2025-02-27T01:55:00Z,2025-02-27T02:55:00Z,10.0,1.0,both_options
2025-02-27T02:55:00Z,2025-02-27T03:55:00Z,10.0,1.0,both_options
2025-02-27T03:55:00Z,2025-02-27T04:55:00Z,10.0,1.0,both_options
2025-02-27T04:55:00Z,2025-02-27T05:55:00Z,10.0,1.0,both_options
2025-02-27T05:55:00Z,2025-02-27T06:55:00Z,10.0,1.0,both_options
2025-02-27T06:55:00Z,2025-02-27T07:55:00Z,10.0,1.0,both_options
2025-02-27T07:55:00Z,2025-02-27T08:55:00Z,10.0,1.0,both_options
2025-02-27T08:55:00Z,2025-02-27T09:55:00Z,10.0,1.0,both_options
2025-02-27T09:55:00Z,2025-02-27T10:55:00Z,10.0,1.0,both_options
2025-02-27T10:55:00Z,2025-02-27T11:55:00Z,10.0,1.0,both_options
2025-02-27T11:55:00Z,2025-02-27T12:55:00Z,10.0,1.0,both_options
2025-02-27T12:55:00Z,2025-02-27T13:55:00Z,10.0,1.0,both_options
2025-02-27T13:55:00Z,2025-02-27T14:55:00Z,10.0,1.0,both_options
2025-02-27T14:55:00Z,2025-02-27T15:55:00Z,10.0,1.0,both_options
2025-02-27T15:55:00Z,2025-02-27T16:55:00Z,10.0,1.0,both_options
2025-02-27T16:55:00Z,2025-02-27T17:55:00Z,10.0,1.0,both_options
2025-02-27T17:55:00Z,2025-02-27T18:55:00Z,10.0,1.0,both_options
2025-02-27T18:55:00Z,2025-02-27T19:55:00Z,10.0,1.0,both_options
2025-02-27T19:55:00Z,2025-02-27T20:55:00Z,10.0,1.0,both_options
2025-02-27T20:55:00Z,2025-02-27T21:55:00Z,10.0,1.0,both_options
2025-02-27T21:55:00Z,2025-02-27T22:55:00Z,10.0,1.0,both_options
2025-02-27T22:55:00Z,2025-02-27T23:20:00Z,9.0,0.4166666666666667,both_options
2025-02-27T23:20:00Z,2025-02-27T23:31:00Z,9.0,0.18333333333333332,both_options
2025-02-27T23:31:00Z,2025-02-27T23:55:00Z,9.0,0.4,both_options
2025-02-27T23:55:00Z,2025-02-28T00:50:00Z,9.0,0.9166666666666666,both_options
2025-02-28T00:50:00Z,2025-02-28T00:55:00Z,4.0,0.08333333333333333,both_options
2025-02-28T00:55:00Z,2025-02-28T01:27:00Z,4.0,0.5333333333333333,both_options
2025-02-28T01:27:00Z,2025-02-28T01:41:00Z,2.5,0.23333333333333334,both_options
2025-02-28T01:41:00Z,2025-02-28T01:55:00Z,3.0,0.23333333333333334,both_options
2025-02-28T01:55:00Z,2025-02-28T02:55:00Z,7.0,1.0,both_options
2025-02-28T02:55:00Z,2025-02-28T03:45:00Z,8.0,0.8333333333333334,both_options
2025-02-28T03:45:00Z,2025-02-28T03:55:00Z,1.75,0.16666666666666666,both_options
2025-02-28T03:55:00Z,2025-02-28T04:55:00Z,1.0,1.0,both_options
2025-02-28T04:55:00Z,2025-02-28T05:48:00Z,1.0,0.8833333333333333,both_options
2025-02-28T05:48:00Z,2025-02-28T05:55:00Z,1.75,0.11666666666666667,both_options
2025-02-28T05:55:00Z,2025-02-28T06:02:00Z,2.5,0.11666666666666667,both_options
2025-02-28T06:02:00Z,2025-02-28T06:55:00Z,5.0,0.8833333333333333,both_options
2025-02-28T06:55:00Z,2025-02-28T07:12:00Z,4.0,0.2833333333333333,both_options
2025-02-28T07:12:00Z,2025-02-28T07:21:00Z,1.75,0.15,both_options
2025-02-28T07:21:00Z,2025-02-28T07:35:00Z,1.25,0.23333333333333334,both_options
2025-02-28T07:35:00Z,2025-02-28T07:55:00Z,0.5,0.3333333333333333,neither_option
2025-02-28T07:55:00Z,2025-02-28T08:09:00Z,0.75,0.23333333333333334,lower_only
2025-02-28T08:09:00Z,2025-02-28T08:55:00Z,1.0,0.7666666666666667,both_options
2025-02-28T08:55:00Z,2025-02-28T09:03:00Z,0.75,0.13333333333333333,lower_only
2025-02-28T09:03:00Z,2025-02-28T09:13:00Z,1.25,0.16666666666666666,both_options
2025-02-28T09:13:00Z,2025-02-28T09:30:00Z,1.5,0.2833333333333333,both_options
2025-02-28T09:30:00Z,2025-02-28T09:38:00Z,2.5,0.13333333333333333,both_options
2025-02-28T09:38:00Z,2025-02-28T09:51:00Z,4.0,0.21666666666666667,both_options
2025-02-28T09:51:00Z,2025-02-28T09:55:00Z,1.75,0.06666666666666667,both_options
2025-02-28T09:55:00Z,2025-02-28T10:09:00Z,1.25,0.23333333333333334,both_options
2025-02-28T10:09:00Z,2025-02-28T10:25:00Z,0.75,0.26666666666666666,lower_only
2025-02-28T10:25:00Z,2025-02-28T10:32:00Z,1.25,0.11666666666666667,both_options
2025-02-28T10:32:00Z,2025-02-28T10:41:00Z,2.0,0.15,both_options
2025-02-28T10:41:00Z,2025-02-28T10:55:00Z,5.0,0.23333333333333334,both_options
2025-02-28T10:55:00Z,2025-02-28T11:07:00Z,3.0,0.2,both_options
2025-02-28T11:07:00Z,2025-02-28T11:15:00Z,2.5,0.13333333333333333,both_options
2025-02-28T11:15:00Z,2025-02-28T11:29:00Z,4.0,0.23333333333333334,both_options
2025-02-28T11:29:00Z,2025-02-28T11:49:00Z,1.75,0.3333333333333333,both_options
2025-02-28T11:49:00Z,2025-02-28T11:50:00Z,3.0,0.016666666666666666,both_options
2025-02-28T11:50:00Z,2025-02-28T12:02:00Z,3.5,0.2,both_options
2025-02-28T12:02:00Z,2025-02-28T12:24:00Z,2.5,0.36666666666666664,both_options
2025-02-28T12:24:00Z,2025-02-28T12:55:00Z,4.0,0.5166666666666667,both_options
2025-02-28T12:55:00Z,2025-02-28T13:55:00Z,4.0,1.0,both_options
2025-02-28T13:55:00Z,2025-02-28T14:09:00Z,5.0,0.23333333333333334,both_options
2025-02-28T14:09:00Z,2025-02-28T14:24:00Z,1.75,0.25,both_options
2025-02-28T14:24:00Z,2025-02-28T14:55:00Z,3.0,0.5166666666666667,both_options
2025-02-28T14:55:00Z,2025-02-28T15:02:00Z,3.0,0.11666666666666667,both_options
2025-02-28T15:02:00Z,2025-02-28T15:11:00Z,1.75,0.15,both_options
2025-02-28T15:11:00Z,2025-02-28T15:23:00Z,1.0,0.2,both_options
2025-02-28T15:23:00Z,2025-02-28T15:38:00Z,0.5,0.25,neither_option
2025-02-28T15:38:00Z,2025-02-28T15:53:00Z,0.25,0.25,neither_option
2025-02-28T15:53:00Z,2025-02-28T15:55:00Z,0.5,0.03333333333333333,neither_option
2025-02-28T15:55:00Z,2025-02-28T16:06:00Z,0.5,0.18333333333333332,neither_option
2025-02-28T16:06:00Z,2025-02-28T16:26:00Z,0.25,0.3333333333333333,neither_option
2025-02-28T16:26:00Z,2025-02-28T16:37:00Z,0.5,0.18333333333333332,neither_option
2025-02-28T16:37:00Z,2025-02-28T16:55:00Z,0.25,0.3,neither_option
2025-02-28T16:55:00Z,2025-02-28T17:55:00Z,0.25,1.0,neither_option
2025-02-28T17:55:00Z,2025-02-28T18:25:00Z,0.25,0.5,neither_option
2025-02-28T18:25:00Z,2025-02-28T18:55:00Z,0.5,0.5,neither_option
2025-02-28T18:55:00Z,2025-02-28T19:05:00Z,1.0,0.16666666666666666,both_options
2025-02-28T19:05:00Z,2025-02-28T19:14:00Z,2.0,0.15,both_options
2025-02-28T19:14:00Z,2025-02-28T19:51:00Z,4.0,0.6166666666666667,both_options
2025-02-28T19:51:00Z,2025-02-28T19:55:00Z,10.0,0.06666666666666667,both_options
2025-02-28T19:55:00Z,2025-02-28T20:55:00Z,10.0,1.0,both_options
2025-02-28T20:55:00Z,2025-02-28T21:55:00Z,10.0,1.0,both_options
2025-02-28T21:55:00Z,2025-02-28T22:55:00Z,10.0,1.0,both_options
2025-02-28T22:55:00Z,2025-02-28T23:55:00Z,9.0,1.0,both_options
2025-02-28T23:55:00Z,2025-03-01T00:55:00Z,10.0,1.0,both_options
2025-03-01T00:55:00Z,2025-03-01T01:55:00Z,10.0,1.0,both_options
2025-03-01T01:55:00Z,2025-03-01T02:55:00Z,9.0,1.0,both_options
2025-03-01T02:55:00Z,2025-03-01T03:55:00Z,7.0,1.0,both_options
2025-03-01T03:55:00Z,2025-03-01T04:42:00Z,7.0,0.7833333333333333,both_options
2025-03-01T04:42:00Z,2025-03-01T04:45:00Z,3.0,0.05,both_options
2025-03-01T04:45:00Z,2025-03-01T04:49:00Z,1.5,0.06666666666666667,both_options
2025-03-01T04:49:00Z,2025-03-01T04:55:00Z,0.75,0.1,lower_only
2025-03-01T04:55:00Z,2025-03-01T05:00:00Z,0.75,0.08333333333333333,lower_only
2025-03-01T05:00:00Z,2025-03-01T05:05:00Z,1.5,0.08333333333333333,both_options
2025-03-01T05:05:00Z,2025-03-01T05:38:00Z,3.0,0.55,both_options
2025-03-01T05:38:00Z,2025-03-01T05:42:00Z,1.5,0.06666666666666667,both_options
2025-03-01T05:42:00Z,2025-03-01T05:53:00Z,0.75,0.18333333333333332,lower_only
2025-03-01T05:53:00Z,2025-03-01T05:55:00Z,1.5,0.03333333333333333,both_options
2025-03-01T05:55:00Z,2025-03-01T06:02:00Z,2.0,0.11666666666666667,both_options
2025-03-01T06:02:00Z,2025-03-01T06:31:00Z,5.0,0.48333333333333334,both_options
2025-03-01T06:31:00Z,2025-03-01T06:39:00Z,1.75,0.13333333333333333,both_options
2025-03-01T06:39:00Z,2025-03-01T06:42:00Z,1.0,0.05,both_options
2025-03-01T06:42:00Z,2025-03-01T06:50:00Z,0.5,0.13333333333333333,neither_option
2025-03-01T06:50:00Z,2025-03-01T06:55:00Z,0.25,0.08333333333333333,neither_option
2025-03-01T06:55:00Z,2025-03-01T06:59:00Z,0.25,0.06666666666666667,neither_option
2025-03-01T06:59:00Z,2025-03-01T07:02:00Z,1.0,0.05,both_options
2025-03-01T07:02:00Z,2025-03-01T07:09:00Z,2.5,0.11666666666666667,both_options
2025-03-01T07:09:00Z,2025-03-01T07:23:00Z,4.0,0.23333333333333334,both_options
2025-03-01T07:23:00Z,2025-03-01T07:27:00Z,1.5,0.06666666666666667,both_options
2025-03-01T07:27:00Z,2025-03-01T07:55:00Z,0.75,0.4666666666666667,lower_only
2025-03-01T07:55:00Z,2025-03-01T07:58:00Z,1.25,0.05,both_options
2025-03-01T07:58:00Z,2025-03-01T08:27:00Z,2.0,0.48333333333333334,both_options
2025-03-01T08:27:00Z,2025-03-01T08:30:00Z,3.0,0.05,both_options
2025-03-01T08:30:00Z,2025-03-01T08:35:00Z,1.75,0.08333333333333333,both_options
2025-03-01T08:35:00Z,2025-03-01T08:48:00Z,0.75,0.21666666666666667,lower_only
2025-03-01T08:48:00Z,2025-03-01T08:55:00Z,0.25,0.11666666666666667,neither_option
2025-03-01T08:55:00Z,2025-03-01T09:27:00Z,0.25,0.5333333333333333,neither_option
2025-03-01T09:27:00Z,2025-03-01T09:42:00Z,0.75,0.25,lower_only
2025-03-01T09:42:00Z,2025-03-01T09:55:00Z,0.25,0.21666666666666667,neither_option
2025-03-01T09:55:00Z,2025-03-01T10:55:00Z,0.25,1.0,neither_option
2025-03-01T10:55:00Z,2025-03-01T11:55:00Z,0.25,1.0,neither_option
2025-03-01T11:55:00Z,2025-03-01T12:44:00Z,0.5,0.8166666666666667,neither_option
2025-03-01T12:44:00Z,2025-03-01T12:55:00Z,0.25,0.18333333333333332,neither_option
2025-03-01T12:55:00Z,2025-03-01T13:55:00Z,0.25,1.0,neither_option
2025-03-01T13:55:00Z,2025-03-01T14:55:00Z,0.25,1.0,neither_option
2025-03-01T14:55:00Z,2025-03-01T15:46:00Z,0.25,0.85,neither_option
2025-03-01T15:46:00Z,2025-03-01T15:55:00Z,0.25,0.15,neither_option
2025-03-01T15:55:00Z,2025-03-01T16:55:00Z,0.25,1.0,neither_option
2025-03-01T16:55:00Z,2025-03-01T17:32:00Z,0.25,0.6166666666666667,neither_option
2025-03-01T17:32:00Z,2025-03-01T17:45:00Z,0.5,0.21666666666666667,neither_option
2025-03-01T17:45:00Z,2025-03-01T17:55:00Z,1.5,0.16666666666666666,both_options
2025-03-01T17:55:00Z,2025-03-01T18:27:00Z,3.0,0.5333333333333333,both_options
2025-03-01T18:27:00Z,2025-03-01T18:55:00Z,5.0,0.4666666666666667,both_options
2025-03-01T18:55:00Z,2025-03-01T19:55:00Z,4.0,1.0,both_options
2025-03-01T19:55:00Z,2025-03-01T20:55:00Z,8.0,1.0,both_options
2025-03-01T20:55:00Z,2025-03-01T21:32:00Z,9.0,0.6166666666666667,both_options
2025-03-01T21:32:00Z,2025-03-01T21:55:00Z,10.0,0.38333333333333336,both_options
2025-03-01T21:55:00Z,2025-03-01T22:19:00Z,8.0,0.4,both_options
2025-03-01T22:19:00Z,2025-03-01T22:42:00Z,10.0,0.38333333333333336,both_options
2025-03-01T22:42:00Z,2025-03-01T22:55:00Z,9.0,0.21666666666666667,both_options
2025-03-01T22:55:00Z,2025-03-01T23:55:00Z,10.0,1.0,both_options
2025-03-01T23:55:00Z,2025-03-02T00:55:00Z,8.0,1.0,both_options
2025-03-02T00:55:00Z,2025-03-02T01:10:00Z,10.0,0.25,both_options
2025-03-02T01:10:00Z,2025-03-02T01:42:00Z,10.0,0.5333333333333333,both_options
2025-03-02T01:42:00Z,2025-03-02T01:55:00Z,8.0,0.21666666666666667,both_options
2025-03-02T01:55:00Z,2025-03-02T02:48:00Z,7.0,0.8833333333333333,both_options
2025-03-02T02:48:00Z,2025-03-02T02:55:00Z,9.0,0.11666666666666667,both_options
2025-03-02T02:55:00Z,2025-03-02T03:55:00Z,8.0,1.0,both_options
2025-03-02T03:55:00Z,2025-03-02T04:55:00Z,9.0,1.0,both_options
2025-03-02T04:55:00Z,2025-03-02T05:55:00Z,10.0,1.0,both_options
2025-03-02T05:55:00Z,2025-03-02T06:36:00Z,10.0,0.6833333333333333,both_options
2025-03-02T06:36:00Z,2025-03-02T06:48:00Z,10.0,0.2,both_options
2025-03-02T06:48:00Z,2025-03-02T06:55:00Z,10.0,0.11666666666666667,both_options
2025-03-02T06:55:00Z,2025-03-02T07:02:00Z,10.0,0.11666666666666667,both_options
2025-03-02T07:02:00Z,2025-03-02T07:37:00Z,10.0,0.5833333333333334,both_options
2025-03-02T07:37:00Z,2025-03-02T07:55:00Z,10.0,0.3,both_options
2025-03-02T07:55:00Z,2025-03-02T08:32:00Z,10.0,0.6166666666666667,both_options
2025-03-02T08:32:00Z,2025-03-02T08:48:00Z,10.0,0.26666666666666666,both_options
2025-03-02T08:48:00Z,2025-03-02T08:55:00Z,9.0,0.11666666666666667,both_options
2025-03-02T08:55:00Z,2025-03-02T09:35:00Z,8.0,0.6666666666666666,both_options
2025-03-02T09:35:00Z,2025-03-02T09:55:00Z,9.0,0.3333333333333333,both_options
2025-03-02T09:55:00Z,2025-03-02T10:34:00Z,9.0,0.65,both_options
2025-03-02T10:34:00Z,2025-03-02T10:45:00Z,10.0,0.18333333333333332,both_options
2025-03-02T10:45:00Z,2025-03-02T10:55:00Z,10.0,0.16666666666666666,both_options
2025-03-02T10:55:00Z,2025-03-02T11:14:00Z,10.0,0.31666666666666665,both_options
2025-03-02T11:14:00Z,2025-03-02T11:55:00Z,9.0,0.6833333333333333,both_options
2025-03-02T11:55:00Z,2025-03-02T12:55:00Z,7.0,1.0,both_options
2025-03-02T12:55:00Z,2025-03-02T13:55:00Z,10.0,1.0,both_options
2025-03-02T13:55:00Z,2025-03-02T14:06:00Z,2.5,0.18333333333333332,both_options
2025-03-02T14:06:00Z,2025-03-02T14:25:00Z,4.0,0.31666666666666665,both_options
2025-03-02T14:25:00Z,2025-03-02T14:47:00Z,10.0,0.36666666666666664,both_options
2025-03-02T14:47:00Z,2025-03-02T14:55:00Z,10.0,0.13333333333333333,both_options
2025-03-02T14:55:00Z,2025-03-02T15:10:00Z,10.0,0.25,both_options
2025-03-02T15:10:00Z,2025-03-02T15:55:00Z,10.0,0.75,both_options
2025-03-02T15:55:00Z,2025-03-02T16:55:00Z,9.0,1.0,both_options
2025-03-02T16:55:00Z,2025-03-02T17:55:00Z,10.0,1.0,both_options
2025-03-02T17:55:00Z,2025-03-02T18:55:00Z,10.0,1.0,both_options
2025-03-02T18:55:00Z,2025-03-02T19:55:00Z,8.0,1.0,both_options
2025-03-02T19:55:00Z,2025-03-02T20:55:00Z,9.0,1.0,both_options
2025-03-02T20:55:00Z,2025-03-02T21:55:00Z,7.0,1.0,both_options
2025-03-02T21:55:00Z,2025-03-02T22:55:00Z,8.0,1.0,both_options
2025-03-02T22:55:00Z,2025-03-02T23:55:00Z,8.0,1.0,both_options
2025-03-02T23:55:00Z,2025-03-03T00:55:00Z,10.0,1.0,both_options
2025-03-03T00:55:00Z,2025-03-03T01:55:00Z,10.0,1.0,both_options
2025-03-03T01:55:00Z,2025-03-03T02:55:00Z,10.0,1.0,both_options
2025-03-03T02:55:00Z,2025-03-03T03:55:00Z,10.0,1.0,both_options
2025-03-03T03:55:00Z,2025-03-03T04:55:00Z,10.0,1.0,both_options
2025-03-03T04:55:00Z,2025-03-03T05:55:00Z,10.0,1.0,both_options
2025-03-03T05:55:00Z,2025-03-03T06:03:00Z,10.0,0.13333333333333333,both_options
2025-03-03T06:03:00Z,2025-03-03T06:11:00Z,9.0,0.13333333333333333,both_options
2025-03-03T06:11:00Z,2025-03-03T06:32:00Z,8.0,0.35,both_options
2025-03-03T06:32:00Z,2025-03-03T06:55:00Z,7.0,0.38333333333333336,both_options
2025-03-03T06:55:00Z,2025-03-03T07:02:00Z,9.0,0.11666666666666667,both_options
2025-03-03T07:02:00Z,2025-03-03T07:40:00Z,9.0,0.6333333333333333,both_options
2025-03-03T07:40:00Z,2025-03-03T07:55:00Z,9.0,0.25,both_options
2025-03-03T07:55:00Z,2025-03-03T08:15:00Z,10.0,0.3333333333333333,both_options
2025-03-03T08:15:00Z,2025-03-03T08:40:00Z,8.0,0.4166666666666667,both_options
2025-03-03T08:40:00Z,2025-03-03T08:55:00Z,7.0,0.25,both_options
2025-03-03T08:55:00Z,2025-03-03T09:21:00Z,7.0,0.43333333333333335,both_options
2025-03-03T09:21:00Z,2025-03-03T09:39:00Z,7.0,0.3,both_options
2025-03-03T09:39:00Z,2025-03-03T09:55:00Z,8.0,0.26666666666666666,both_options
2025-03-03T09:55:00Z,2025-03-03T10:25:00Z,9.0,0.5,both_options
2025-03-03T10:25:00Z,2025-03-03T10:42:00Z,7.0,0.2833333333333333,both_options
2025-03-03T10:42:00Z,2025-03-03T10:55:00Z,5.0,0.21666666666666667,both_options
2025-03-03T10:55:00Z,2025-03-03T11:20:00Z,5.0,0.4166666666666667,both_options
2025-03-03T11:20:00Z,2025-03-03T11:24:00Z,2.0,0.06666666666666667,both_options
2025-03-03T11:24:00Z,2025-03-03T11:36:00Z,3.0,0.2,both_options
2025-03-03T11:36:00Z,2025-03-03T11:55:00Z,5.0,0.31666666666666665,both_options
2025-03-03T11:55:00Z,2025-03-03T12:55:00Z,7.0,1.0,both_options
2025-03-03T12:55:00Z,2025-03-03T13:08:00Z,8.0,0.21666666666666667,both_options
2025-03-03T13:08:00Z,2025-03-03T13:28:00Z,8.0,0.3333333333333333,both_options
2025-03-03T13:28:00Z,2025-03-03T13:55:00Z,8.0,0.45,both_options
2025-03-03T13:55:00Z,2025-03-03T14:55:00Z,8.0,1.0,both_options
2025-03-03T14:55:00Z,2025-03-03T15:55:00Z,10.0,1.0,both_options
2025-03-03T15:55:00Z,2025-03-03T16:21:00Z,6.0,0.43333333333333335,both_options
2025-03-03T16:21:00Z,2025-03-03T16:38:00Z,9.0,0.2833333333333333,both_options
2025-03-03T16:38:00Z,2025-03-03T16:40:00Z,7.0,0.03333333333333333,both_options
2025-03-03T16:40:00Z,2025-03-03T16:50:00Z,6.0,0.16666666666666666,both_options
2025-03-03T16:50:00Z,2025-03-03T16:55:00Z,3.0,0.08333333333333333,both_options
2025-03-03T16:55:00Z,2025-03-03T17:02:00Z,3.0,0.11666666666666667,both_options
2025-03-03T17:02:00Z,2025-03-03T17:17:00Z,2.5,0.25,both_options
2025-03-03T17:17:00Z,2025-03-03T17:27:00Z,1.5,0.16666666666666666,both_options
2025-03-03T17:27:00Z,2025-03-03T17:39:00Z,3.0,0.2,both_options
2025-03-03T17:39:00Z,2025-03-03T17:55:00Z,3.0,0.26666666666666666,both_options
2025-03-03T17:55:00Z,2025-03-03T18:38:00Z,10.0,0.7166666666666667,both_options
2025-03-03T18:38:00Z,2025-03-03T18:55:00Z,9.0,0.2833333333333333,both_options
2025-03-03T18:55:00Z,2025-03-03T19:55:00Z,10.0,1.0,both_options
2025-03-03T19:55:00Z,2025-03-03T20:07:00Z,9.0,0.2,both_options
2025-03-03T20:07:00Z,2025-03-03T20:43:00Z,7.0,0.6,both_options
2025-03-03T20:43:00Z,2025-03-03T20:51:00Z,2.5,0.13333333333333333,both_options
2025-03-03T20:51:00Z,2025-03-03T20:55:00Z,4.0,0.06666666666666667,both_options
2025-03-03T20:55:00Z,2025-03-03T21:55:00Z,10.0,1.0,both_options
2025-03-03T21:55:00Z,2025-03-03T22:55:00Z,10.0,1.0,both_options
2025-03-03T22:55:00Z,2025-03-03T23:55:00Z,10.0,1.0,both_options
2025-03-03T23:55:00Z,2025-03-04T00:55:00Z,9.0,1.0,both_options
2025-03-04T00:55:00Z,2025-03-04T01:08:00Z,10.0,0.21666666666666667,both_options
2025-03-04T01:08:00Z,2025-03-04T01:32:00Z,10.0,0.4,both_options
2025-03-04T01:32:00Z,2025-03-04T01:55:00Z,10.0,0.38333333333333336,both_options
2025-03-04T01:55:00Z,2025-03-04T02:09:00Z,6.0,0.23333333333333334,both_options
2025-03-04T02:09:00Z,2025-03-04T02:18:00Z,10.0,0.15,both_options
2025-03-04T02:18:00Z,2025-03-04T02:55:00Z,4.0,0.6166666666666667,both_options
2025-03-04T02:55:00Z,2025-03-04T03:03:00Z,10.0,0.13333333333333333,both_options
2025-03-04T03:03:00Z,2025-03-04T03:12:00Z,6.0,0.15,both_options
2025-03-04T03:12:00Z,2025-03-04T03:19:00Z,2.5,0.11666666666666667,both_options
2025-03-04T03:19:00Z,2025-03-04T03:37:00Z,4.0,0.3,both_options
2025-03-04T03:37:00Z,2025-03-04T03:55:00Z,2.0,0.3,both_options
2025-03-04T03:55:00Z,2025-03-04T04:07:00Z,10.0,0.2,both_options
2025-03-04T04:07:00Z,2025-03-04T04:46:00Z,10.0,0.65,both_options
2025-03-04T04:46:00Z,2025-03-04T04:55:00Z,6.0,0.15,both_options
2025-03-04T04:55:00Z,2025-03-04T05:30:00Z,6.0,0.5833333333333334,both_options
2025-03-04T05:30:00Z,2025-03-04T05:55:00Z,9.0,0.4166666666666667,both_options
2025-03-04T05:55:00Z,2025-03-04T06:42:00Z,10.0,0.7833333333333333,both_options
2025-03-04T06:42:00Z,2025-03-04T06:55:00Z,10.0,0.21666666666666667,both_options
2025-03-04T06:55:00Z,2025-03-04T07:55:00Z,10.0,1.0,both_options
2025-03-04T07:55:00Z,2025-03-04T08:55:00Z,10.0,1.0,both_options
2025-03-04T08:55:00Z,2025-03-04T09:14:00Z,10.0,0.31666666666666665,both_options
2025-03-04T09:14:00Z,2025-03-04T09:33:00Z,10.0,0.31666666666666665,both_options
2025-03-04T09:33:00Z,2025-03-04T09:55:00Z,10.0,0.36666666666666664,both_options
2025-03-04T09:55:00Z,2025-03-04T10:09:00Z,10.0,0.23333333333333334,both_options
2025-03-04T10:09:00Z,2025-03-04T10:55:00Z,10.0,0.7666666666666667,both_options
2025-03-04T10:55:00Z,2025-03-04T11:55:00Z,10.0,1.0,both_options
2025-03-04T11:55:00Z,2025-03-04T12:55:00Z,10.0,1.0,both_options
2025-03-04T12:55:00Z,2025-03-04T13:55:00Z,10.0,1.0,both_options
2025-03-04T13:55:00Z,2025-03-04T14:21:00Z,10.0,0.43333333333333335,both_options
2025-03-04T14:21:00Z,2025-03-04T14:55:00Z,10.0,0.5666666666666667,both_options
2025-03-04T14:55:00Z,2025-03-04T15:55:00Z,10.0,1.0,both_options
2025-03-04T15:55:00Z,2025-03-04T16:55:00Z,10.0,1.0,both_options
2025-03-04T16:55:00Z,2025-03-04T17:55:00Z,7.0,1.0,both_options
2025-03-04T17:55:00Z,2025-03-04T18:19:00Z,10.0,0.4,both_options
2025-03-04T18:19:00Z,2025-03-04T18:55:00Z,4.0,0.6,both_options
2025-03-04T18:55:00Z,2025-03-04T19:55:00Z,3.0,1.0,both_options
2025-03-04T19:55:00Z,2025-03-04T20:50:00Z,8.0,0.9166666666666666,both_options
2025-03-04T20:50:00Z,2025-03-04T20:55:00Z,7.0,0.08333333333333333,both_options
2025-03-04T20:55:00Z,2025-03-04T21:26:00Z,7.0,0.5166666666666667,both_options
2025-03-04T21:26:00Z,2025-03-04T21:55:00Z,8.0,0.48333333333333334,both_options
2025-03-04T21:55:00Z,2025-03-04T22:25:00Z,7.0,0.5,both_options
2025-03-04T22:25:00Z,2025-03-04T22:55:00Z,7.0,0.5,both_options
2025-03-04T22:55:00Z,2025-03-04T23:26:00Z,8.0,0.5166666666666667,both_options
2025-03-04T23:26:00Z,2025-03-04T23:55:00Z,8.0,0.48333333333333334,both_options
2025-03-04T23:55:00Z,2025-03-05T00:25:00Z,8.0,0.5,both_options
2025-03-05T00:25:00Z,2025-03-05T00:55:00Z,7.0,0.5,both_options
2025-03-05T00:55:00Z,2025-03-05T01:03:00Z,8.0,0.13333333333333333,both_options
2025-03-05T01:03:00Z,2025-03-05T01:55:00Z,8.0,0.8666666666666667,both_options
2025-03-05T01:55:00Z,2025-03-05T02:30:00Z,9.0,0.5833333333333334,both_options
2025-03-05T02:30:00Z,2025-03-05T02:37:00Z,2.5,0.11666666666666667,both_options
2025-03-05T02:37:00Z,2025-03-05T02:55:00Z,10.0,0.3,both_options
2025-03-05T02:55:00Z,2025-03-05T03:55:00Z,10.0,1.0,both_options
2025-03-05T03:55:00Z,2025-03-05T04:55:00Z,9.0,1.0,both_options
2025-03-05T04:55:00Z,2025-03-05T05:55:00Z,9.0,1.0,both_options
2025-03-05T05:55:00Z,2025-03-05T06:55:00Z,9.0,1.0,both_options
2025-03-05T06:55:00Z,2025-03-05T07:15:00Z,10.0,0.3333333333333333,both_options
2025-03-05T07:15:00Z,2025-03-05T07:52:00Z,10.0,0.6166666666666667,both_options
2025-03-05T07:52:00Z,2025-03-05T07:55:00Z,10.0,0.05,both_options
2025-03-05T07:55:00Z,2025-03-05T08:55:00Z,10.0,1.0,both_options
2025-03-05T08:55:00Z,2025-03-05T09:55:00Z,10.0,1.0,both_options
2025-03-05T09:55:00Z,2025-03-05T10:55:00Z,9.0,1.0,both_options
2025-03-05T10:55:00Z,2025-03-05T11:38:00Z,10.0,0.7166666666666667,both_options
2025-03-05T11:38:00Z,2025-03-05T11:50:00Z,10.0,0.2,both_options
2025-03-05T11:50:00Z,2025-03-05T11:55:00Z,7.0,0.08333333333333333,both_options
2025-03-05T11:55:00Z,2025-03-05T12:55:00Z,7.0,1.0,both_options
2025-03-05T12:55:00Z,2025-03-05T13:23:00Z,10.0,0.4666666666666667,both_options
2025-03-05T13:23:00Z,2025-03-05T13:46:00Z,5.0,0.38333333333333336,both_options
2025-03-05T13:46:00Z,2025-03-05T13:55:00Z,10.0,0.15,both_options
2025-03-05T13:55:00Z,2025-03-05T14:55:00Z,10.0,1.0,both_options
2025-03-05T14:55:00Z,2025-03-05T15:33:00Z,8.0,0.6333333333333333,both_options
2025-03-05T15:33:00Z,2025-03-05T15:41:00Z,2.5,0.13333333333333333,both_options
2025-03-05T15:41:00Z,2025-03-05T15:55:00Z,4.0,0.23333333333333334,both_options
2025-03-05T15:55:00Z,2025-03-05T16:55:00Z,7.0,1.0,both_options
2025-03-05T16:55:00Z,2025-03-05T17:55:00Z,9.0,1.0,both_options
2025-03-05T17:55:00Z,2025-03-05T18:55:00Z,10.0,1.0,both_options
2025-03-05T18:55:00Z,2025-03-05T19:55:00Z,10.0,1.0,both_options
2025-03-05T19:55:00Z,2025-03-05T20:55:00Z,10.0,1.0,both_options
2025-03-05T20:55:00Z,2025-03-05T21:55:00Z,10.0,1.0,both_options
2025-03-05T21:55:00Z,2025-03-05T22:55:00Z,10.0,1.0,both_options
2025-03-05T22:55:00Z,2025-03-05T23:55:00Z,10.0,1.0,both_options
2025-03-05T23:55:00Z,2025-03-06T00:55:00Z,10.0,1.0,both_options
2025-03-06T00:55:00Z,2025-03-06T01:55:00Z,10.0,1.0,both_options
2025-03-06T01:55:00Z,2025-03-06T02:55:00Z,9.0,1.0,both_options
2025-03-06T02:55:00Z,2025-03-06T03:55:00Z,10.0,1.0,both_options
2025-03-06T03:55:00Z,2025-03-06T04:55:00Z,10.0,1.0,both_options
2025-03-06T04:55:00Z,2025-03-06T05:55:00Z,10.0,1.0,both_options
2025-03-06T05:55:00Z,2025-03-06T06:55:00Z,10.0,1.0,both_options
2025-03-06T06:55:00Z,2025-03-06T07:55:00Z,9.0,1.0,both_options
2025-03-06T07:55:00Z,2025-03-06T08:55:00Z,10.0,1.0,both_options
2025-03-06T08:55:00Z,2025-03-06T09:55:00Z,9.0,1.0,both_options
2025-03-06T09:55:00Z,2025-03-06T10:16:00Z,10.0,0.35,both_options
2025-03-06T10:16:00Z,2025-03-06T10:19:00Z,2.0,0.05,both_options
2025-03-06T10:19:00Z,2025-03-06T10:26:00Z,1.25,0.11666666666666667,both_options
2025-03-06T10:26:00Z,2025-03-06T10:34:00Z,2.0,0.13333333333333333,both_options
2025-03-06T10:34:00Z,2025-03-06T10:55:00Z,8.0,0.35,both_options
2025-03-06T10:55:00Z,2025-03-06T11:34:00Z,10.0,0.65,both_options
2025-03-06T11:34:00Z,2025-03-06T11:55:00Z,2.5,0.35,both_options
2025-03-06T11:55:00Z,2025-03-06T12:55:00Z,5.0,1.0,both_options
2025-03-06T12:55:00Z,2025-03-06T13:55:00Z,10.0,1.0,both_options
2025-03-06T13:55:00Z,2025-03-06T14:55:00Z,10.0,1.0,both_options
2025-03-06T14:55:00Z,2025-03-06T15:55:00Z,10.0,1.0,both_options
2025-03-06T15:55:00Z,2025-03-06T16:55:00Z,10.0,1.0,both_options
2025-03-06T16:55:00Z,2025-03-06T17:55:00Z,10.0,1.0,both_options
2025-03-06T17:55:00Z,2025-03-06T18:55:00Z,10.0,1.0,both_options
2025-03-06T18:55:00Z,2025-03-06T19:55:00Z,,1.0,unknown
2025-03-06T19:55:00Z,2025-03-06T20:55:00Z,10.0,1.0,both_options
2025-03-06T20:55:00Z,2025-03-06T21:55:00Z,10.0,1.0,both_options
2025-03-06T21:55:00Z,2025-03-06T22:55:00Z,10.0,1.0,both_options
2025-03-06T22:55:00Z,2025-03-06T23:55:00Z,10.0,1.0,both_options
2025-03-06T23:55:00Z,2025-03-07T00:55:00Z,10.0,1.0,both_options
2025-03-07T00:55:00Z,2025-03-07T01:55:00Z,10.0,1.0,both_options
2025-03-07T01:55:00Z,2025-03-07T02:55:00Z,10.0,1.0,both_options
2025-03-07T02:55:00Z,2025-03-07T03:21:00Z,10.0,0.43333333333333335,both_options
2025-03-07T03:21:00Z,2025-03-07T03:55:00Z,10.0,0.5666666666666667,both_options
2025-03-07T03:55:00Z,2025-03-07T04:55:00Z,10.0,1.0,both_options
2025-03-07T04:55:00Z,2025-03-07T05:14:00Z,10.0,0.31666666666666665,both_options
2025-03-07T05:14:00Z,2025-03-07T05:55:00Z,10.0,0.6833333333333333,both_options
2025-03-07T05:55:00Z,2025-03-07T06:34:00Z,10.0,0.65,both_options
2025-03-07T06:34:00Z,2025-03-07T06:55:00Z,10.0,0.35,both_options
2025-03-07T06:55:00Z,2025-03-07T07:55:00Z,10.0,1.0,both_options
2025-03-07T07:55:00Z,2025-03-07T08:55:00Z,10.0,1.0,both_options
2025-03-07T08:55:00Z,2025-03-07T09:55:00Z,10.0,1.0,both_options
2025-03-07T09:55:00Z,2025-03-07T10:55:00Z,10.0,1.0,both_options
2025-03-07T10:55:00Z,2025-03-07T11:55:00Z,10.0,1.0,both_options
2025-03-07T11:55:00Z,2025-03-07T12:55:00Z,10.0,1.0,both_options
2025-03-07T12:55:00Z,2025-03-07T13:55:00Z,10.0,1.0,both_options
2025-03-07T13:55:00Z,2025-03-07T14:55:00Z,10.0,1.0,both_options
2025-03-07T14:55:00Z,2025-03-07T15:55:00Z,10.0,1.0,both_options
2025-03-07T15:55:00Z,2025-03-07T16:55:00Z,10.0,1.0,both_options
2025-03-07T16:55:00Z,2025-03-07T17:55:00Z,10.0,1.0,both_options
2025-03-07T17:55:00Z,2025-03-07T18:55:00Z,10.0,1.0,both_options
2025-03-07T18:55:00Z,2025-03-07T19:12:00Z,10.0,0.2833333333333333,both_options
2025-03-07T19:12:00Z,2025-03-07T19:55:00Z,10.0,0.7166666666666667,both_options
2025-03-07T19:55:00Z,2025-03-07T20:55:00Z,10.0,1.0,both_options
2025-03-07T20:55:00Z,2025-03-07T21:55:00Z,10.0,1.0,both_options
2025-03-07T21:55:00Z,2025-03-07T22:55:00Z,10.0,1.0,both_options
2025-03-07T22:55:00Z,2025-03-07T23:55:00Z,10.0,1.0,both_options
2025-03-07T23:55:00Z,2025-03-08T00:55:00Z,10.0,1.0,both_options
2025-03-08T00:55:00Z,2025-03-08T01:55:00Z,10.0,1.0,both_options
2025-03-08T01:55:00Z,2025-03-08T02:55:00Z,10.0,1.0,both_options
2025-03-08T02:55:00Z,2025-03-08T03:55:00Z,10.0,1.0,both_options
2025-03-08T03:55:00Z,2025-03-08T04:55:00Z,10.0,1.0,both_options
2025-03-08T04:55:00Z,2025-03-08T05:55:00Z,10.0,1.0,both_options
2025-03-08T05:55:00Z,2025-03-08T06:55:00Z,10.0,1.0,both_options
2025-03-08T06:55:00Z,2025-03-08T07:55:00Z,10.0,1.0,both_options
2025-03-08T07:55:00Z,2025-03-08T08:55:00Z,10.0,1.0,both_options
2025-03-08T08:55:00Z,2025-03-08T09:55:00Z,10.0,1.0,both_options
2025-03-08T09:55:00Z,2025-03-08T10:55:00Z,10.0,1.0,both_options
2025-03-08T10:55:00Z,2025-03-08T11:55:00Z,10.0,1.0,both_options
2025-03-08T11:55:00Z,2025-03-08T12:55:00Z,10.0,1.0,both_options
2025-03-08T12:55:00Z,2025-03-08T13:55:00Z,10.0,1.0,both_options
2025-03-08T13:55:00Z,2025-03-08T14:55:00Z,10.0,1.0,both_options
2025-03-08T14:55:00Z,2025-03-08T15:04:00Z,10.0,0.15,both_options
2025-03-08T15:04:00Z,2025-03-08T15:55:00Z,10.0,0.85,both_options
2025-03-08T15:55:00Z,2025-03-08T16:17:00Z,10.0,0.36666666666666664,both_options
2025-03-08T16:17:00Z,2025-03-08T16:55:00Z,10.0,0.6333333333333333,both_options
2025-03-08T16:55:00Z,2025-03-08T17:04:00Z,10.0,0.15,both_options
2025-03-08T17:04:00Z,2025-03-08T17:34:00Z,10.0,0.5,both_options
2025-03-08T17:34:00Z,2025-03-08T17:55:00Z,10.0,0.35,both_options
2025-03-08T17:55:00Z,2025-03-08T18:55:00Z,10.0,1.0,both_options
2025-03-08T18:55:00Z,2025-03-08T19:28:00Z,10.0,0.55,both_options
2025-03-08T19:28:00Z,2025-03-08T19:55:00Z,8.0,0.45,both_options
2025-03-08T19:55:00Z,2025-03-08T20:28:00Z,4.0,0.55,both_options
2025-03-08T20:28:00Z,2025-03-08T20:55:00Z,10.0,0.45,both_options
2025-03-08T20:55:00Z,2025-03-08T21:10:00Z,10.0,0.25,both_options
2025-03-08T21:10:00Z,2025-03-08T21:55:00Z,9.0,0.75,both_options
2025-03-08T21:55:00Z,2025-03-08T22:55:00Z,9.0,1.0,both_options
2025-03-08T22:55:00Z,2025-03-08T23:55:00Z,9.0,1.0,both_options
2025-03-08T23:55:00Z,2025-03-09T00:55:00Z,10.0,1.0,both_options
2025-03-09T00:55:00Z,2025-03-09T01:55:00Z,9.0,1.0,both_options
2025-03-09T01:55:00Z,2025-03-09T02:55:00Z,10.0,1.0,both_options
2025-03-09T02:55:00Z,2025-03-09T03:55:00Z,10.0,1.0,both_options
2025-03-09T03:55:00Z,2025-03-09T04:55:00Z,10.0,1.0,both_options
2025-03-09T04:55:00Z,2025-03-09T05:55:00Z,10.0,1.0,both_options
2025-03-09T05:55:00Z,2025-03-09T06:55:00Z,10.0,1.0,both_options
2025-03-09T06:55:00Z,2025-03-09T07:55:00Z,10.0,1.0,both_options
2025-03-09T07:55:00Z,2025-03-09T08:55:00Z,10.0,1.0,both_options
2025-03-09T08:55:00Z,2025-03-09T09:55:00Z,10.0,1.0,both_options
2025-03-09T09:55:00Z,2025-03-09T10:55:00Z,10.0,1.0,both_options
2025-03-09T10:55:00Z,2025-03-09T11:55:00Z,10.0,1.0,both_options
2025-03-09T11:55:00Z,2025-03-09T12:55:00Z,8.0,1.0,both_options
2025-03-09T12:55:00Z,2025-03-09T13:55:00Z,8.0,1.0,both_options
2025-03-09T13:55:00Z,2025-03-09T14:55:00Z,10.0,1.0,both_options
2025-03-09T14:55:00Z,2025-03-09T15:55:00Z,9.0,1.0,both_options
2025-03-09T15:55:00Z,2025-03-09T16:55:00Z,10.0,1.0,both_options
2025-03-09T16:55:00Z,2025-03-09T17:55:00Z,9.0,1.0,both_options
2025-03-09T17:55:00Z,2025-03-09T18:55:00Z,9.0,1.0,both_options
2025-03-09T18:55:00Z,2025-03-09T19:21:00Z,10.0,0.43333333333333335,both_options
2025-03-09T19:21:00Z,2025-03-09T19:50:00Z,9.0,0.48333333333333334,both_options
2025-03-09T19:50:00Z,2025-03-09T19:55:00Z,5.0,0.08333333333333333,both_options
2025-03-09T19:55:00Z,2025-03-09T20:55:00Z,5.0,1.0,both_options
2025-03-09T20:55:00Z,2025-03-09T21:15:00Z,5.0,0.3333333333333333,both_options
2025-03-09T21:15:00Z,2025-03-09T21:34:00Z,2.5,0.31666666666666665,both_options
2025-03-09T21:34:00Z,2025-03-09T21:40:00Z,1.75,0.1,both_options
2025-03-09T21:40:00Z,2025-03-09T21:48:00Z,1.25,0.13333333333333333,both_options
2025-03-09T21:48:00Z,2025-03-09T21:55:00Z,1.75,0.11666666666666667,both_options
2025-03-09T21:55:00Z,2025-03-09T22:04:00Z,2.0,0.15,both_options
2025-03-09T22:04:00Z,2025-03-09T22:44:00Z,2.5,0.6666666666666666,both_options
2025-03-09T22:44:00Z,2025-03-09T22:55:00Z,1.75,0.18333333333333332,both_options
2025-03-09T22:55:00Z,2025-03-09T23:40:00Z,2.5,0.75,both_options
2025-03-09T23:40:00Z,2025-03-09T23:48:00Z,1.75,0.13333333333333333,both_options
2025-03-09T23:48:00Z,2025-03-09T23:55:00Z,2.0,0.11666666666666667,both_options
2025-03-09T23:55:00Z,2025-03-10T00:06:00Z,4.0,0.18333333333333332,both_options
2025-03-10T00:06:00Z,2025-03-10T00:14:00Z,2.5,0.13333333333333333,both_options
2025-03-10T00:14:00Z,2025-03-10T00:29:00Z,3.0,0.25,both_options
2025-03-10T00:29:00Z,2025-03-10T00:55:00Z,4.0,0.43333333333333335,both_options
2025-03-10T00:55:00Z,2025-03-10T01:55:00Z,4.0,1.0,both_options
2025-03-10T01:55:00Z,2025-03-10T02:03:00Z,5.0,0.13333333333333333,both_options
2025-03-10T02:03:00Z,2025-03-10T02:12:00Z,6.0,0.15,both_options
2025-03-10T02:12:00Z,2025-03-10T02:35:00Z,6.0,0.38333333333333336,both_options
2025-03-10T02:35:00Z,2025-03-10T02:55:00Z,7.0,0.3333333333333333,both_options
2025-03-10T02:55:00Z,2025-03-10T03:50:00Z,7.0,0.9166666666666666,both_options
2025-03-10T03:50:00Z,2025-03-10T03:55:00Z,5.0,0.08333333333333333,both_options
2025-03-10T03:55:00Z,2025-03-10T04:55:00Z,5.0,1.0,both_options
2025-03-10T05:51:00Z,2025-03-10T05:55:00Z,9.0,0.06666666666666667,both_options
2025-03-10T05:55:00Z,2025-03-10T06:55:00Z,9.0,1.0,both_options
2025-03-10T06:55:00Z,2025-03-10T07:55:00Z,10.0,1.0,both_options
2025-03-10T07:55:00Z,2025-03-10T08:37:00Z,10.0,0.7,both_options
2025-03-10T08:37:00Z,2025-03-10T08:55:00Z,10.0,0.3,both_options
2025-03-10T08:55:00Z,2025-03-10T09:29:00Z,10.0,0.5666666666666667,both_options
2025-03-10T09:29:00Z,2025-03-10T09:55:00Z,10.0,0.43333333333333335,both_options
2025-03-10T09:55:00Z,2025-03-10T10:09:00Z,10.0,0.23333333333333334,both_options
2025-03-10T10:09:00Z,2025-03-10T10:34:00Z,10.0,0.4166666666666667,both_options
2025-03-10T10:34:00Z,2025-03-10T10:39:00Z,1.75,0.08333333333333333,both_options
2025-03-10T10:39:00Z,2025-03-10T10:55:00Z,0.75,0.26666666666666666,lower_only
2025-03-10T10:55:00Z,2025-03-10T11:00:00Z,0.75,0.08333333333333333,lower_only
2025-03-10T11:00:00Z,2025-03-10T11:02:00Z,1.5,0.03333333333333333,both_options
2025-03-10T11:02:00Z,2025-03-10T11:55:00Z,3.0,0.8833333333333333,both_options
2025-03-10T11:55:00Z,2025-03-10T12:19:00Z,10.0,0.4,both_options
2025-03-10T12:19:00Z,2025-03-10T12:27:00Z,10.0,0.13333333333333333,both_options
2025-03-10T12:27:00Z,2025-03-10T12:55:00Z,10.0,0.4666666666666667,both_options
2025-03-10T12:55:00Z,2025-03-10T13:35:00Z,8.0,0.6666666666666666,both_options
2025-03-10T13:35:00Z,2025-03-10T13:55:00Z,10.0,0.3333333333333333,both_options
2025-03-10T13:55:00Z,2025-03-10T14:07:00Z,10.0,0.2,both_options
2025-03-10T14:07:00Z,2025-03-10T14:31:00Z,10.0,0.4,both_options
2025-03-10T14:31:00Z,2025-03-10T14:55:00Z,10.0,0.4,both_options
2025-03-10T14:55:00Z,2025-03-10T15:06:00Z,10.0,0.18333333333333332,both_options
2025-03-10T15:06:00Z,2025-03-10T15:15:00Z,10.0,0.15,both_options
2025-03-10T15:15:00Z,2025-03-10T15:44:00Z,9.0,0.48333333333333334,both_options
2025-03-10T15:44:00Z,2025-03-10T15:55:00Z,10.0,0.18333333333333332,both_options
2025-03-10T15:55:00Z,2025-03-10T16:55:00Z,10.0,1.0,both_options
2025-03-10T16:55:00Z,2025-03-10T17:48:00Z,10.0,0.8833333333333333,both_options
2025-03-10T17:48:00Z,2025-03-10T17:55:00Z,10.0,0.11666666666666667,both_options
2025-03-10T17:55:00Z,2025-03-10T18:55:00Z,10.0,1.0,both_options
2025-03-10T18:55:00Z,2025-03-10T19:55:00Z,10.0,1.0,both_options
2025-03-10T19:55:00Z,2025-03-10T20:55:00Z,10.0,1.0,both_options
2025-03-10T20:55:00Z,2025-03-10T21:55:00Z,10.0,1.0,both_options
2025-03-10T21:55:00Z,2025-03-10T22:55:00Z,10.0,1.0,both_options
2025-03-10T22:55:00Z,2025-03-10T23:55:00Z,10.0,1.0,both_options
2025-03-10T23:55:00Z,2025-03-11T00:55:00Z,10.0,1.0,both_options
2025-03-11T00:55:00Z,2025-03-11T01:55:00Z,10.0,1.0,both_options
2025-03-11T01:55:00Z,2025-03-11T02:55:00Z,10.0,1.0,both_options
2025-03-11T02:55:00Z,2025-03-11T03:55:00Z,10.0,1.0,both_options
2025-03-11T03:55:00Z,2025-03-11T04:55:00Z,10.0,1.0,both_options
2025-03-11T04:55:00Z,2025-03-11T05:55:00Z,10.0,1.0,both_options
2025-03-11T05:55:00Z,2025-03-11T06:55:00Z,10.0,1.0,both_options
2025-03-11T06:55:00Z,2025-03-11T07:55:00Z,10.0,1.0,both_options
2025-03-11T07:55:00Z,2025-03-11T08:55:00Z,10.0,1.0,both_options
2025-03-11T08:55:00Z,2025-03-11T09:55:00Z,10.0,1.0,both_options
2025-03-11T09:55:00Z,2025-03-11T10:55:00Z,10.0,1.0,both_options
2025-03-11T10:55:00Z,2025-03-11T11:55:00Z,10.0,1.0,both_options
2025-03-11T11:55:00Z,2025-03-11T12:55:00Z,10.0,1.0,both_options
2025-03-11T12:55:00Z,2025-03-11T13:55:00Z,10.0,1.0,both_options
2025-03-11T13:55:00Z,2025-03-11T14:55:00Z,10.0,1.0,both_options
2025-03-11T14:55:00Z,2025-03-11T15:55:00Z,10.0,1.0,both_options
2025-03-11T15:55:00Z,2025-03-11T16:55:00Z,10.0,1.0,both_options
2025-03-11T16:55:00Z,2025-03-11T17:55:00Z,10.0,1.0,both_options
2025-03-11T17:55:00Z,2025-03-11T18:55:00Z,10.0,1.0,both_options
2025-03-11T18:55:00Z,2025-03-11T19:55:00Z,10.0,1.0,both_options
2025-03-11T19:55:00Z,2025-03-11T20:55:00Z,10.0,1.0,both_options
2025-03-11T20:55:00Z,2025-03-11T21:55:00Z,10.0,1.0,both_options
2025-03-11T21:55:00Z,2025-03-11T22:55:00Z,10.0,1.0,both_options
2025-03-11T22:55:00Z,2025-03-11T23:55:00Z,10.0,1.0,both_options
2025-03-11T23:55:00Z,2025-03-12T00:55:00Z,10.0,1.0,both_options
2025-03-12T00:55:00Z,2025-03-12T01:55:00Z,10.0,1.0,both_options
2025-03-12T01:55:00Z,2025-03-12T02:55:00Z,10.0,1.0,both_options
2025-03-12T02:55:00Z,2025-03-12T03:55:00Z,10.0,1.0,both_options
2025-03-12T03:55:00Z,2025-03-12T04:04:00Z,10.0,0.15,both_options
2025-03-12T04:04:00Z,2025-03-12T04:55:00Z,10.0,0.85,both_options
2025-03-12T04:55:00Z,2025-03-12T05:55:00Z,10.0,1.0,both_options
2025-03-12T05:55:00Z,2025-03-12T06:15:00Z,10.0,0.3333333333333333,both_options
2025-03-12T06:15:00Z,2025-03-12T06:55:00Z,10.0,0.6666666666666666,both_options
2025-03-12T06:55:00Z,2025-03-12T07:55:00Z,8.0,1.0,both_options
2025-03-12T07:55:00Z,2025-03-12T08:55:00Z,7.0,1.0,both_options
2025-03-12T08:55:00Z,2025-03-12T09:53:00Z,5.0,0.9666666666666667,both_options
2025-03-12T09:53:00Z,2025-03-12T09:55:00Z,2.5,0.03333333333333333,both_options
2025-03-12T09:55:00Z,2025-03-12T10:01:00Z,2.5,0.1,both_options
2025-03-12T10:01:00Z,2025-03-12T10:10:00Z,3.0,0.15,both_options
2025-03-12T10:10:00Z,2025-03-12T10:17:00Z,2.0,0.11666666666666667,both_options
2025-03-12T10:17:00Z,2025-03-12T10:24:00Z,1.75,0.11666666666666667,both_options
2025-03-12T10:24:00Z,2025-03-12T10:30:00Z,2.5,0.1,both_options
2025-03-12T10:30:00Z,2025-03-12T10:39:00Z,4.0,0.15,both_options
2025-03-12T10:39:00Z,2025-03-12T10:55:00Z,4.0,0.26666666666666666,both_options
2025-03-12T10:55:00Z,2025-03-12T11:09:00Z,5.0,0.23333333333333334,both_options
2025-03-12T11:09:00Z,2025-03-12T11:19:00Z,8.0,0.16666666666666666,both_options
2025-03-12T11:19:00Z,2025-03-12T11:55:00Z,10.0,0.6,both_options
2025-03-12T11:55:00Z,2025-03-12T12:07:00Z,10.0,0.2,both_options
2025-03-12T12:07:00Z,2025-03-12T12:55:00Z,10.0,0.8,both_options
2025-03-12T12:55:00Z,2025-03-12T13:16:00Z,9.0,0.35,both_options
2025-03-12T13:16:00Z,2025-03-12T13:55:00Z,7.0,0.65,both_options
2025-03-12T13:55:00Z,2025-03-12T14:55:00Z,5.0,1.0,both_options
2025-03-12T14:55:00Z,2025-03-12T15:55:00Z,9.0,1.0,both_options
2025-03-12T15:55:00Z,2025-03-12T16:55:00Z,10.0,1.0,both_options
2025-03-12T16:55:00Z,2025-03-12T17:55:00Z,10.0,1.0,both_options
2025-03-12T17:55:00Z,2025-03-12T18:55:00Z,10.0,1.0,both_options
2025-03-12T18:55:00Z,2025-03-12T19:12:00Z,10.0,0.2833333333333333,both_options
2025-03-12T19:12:00Z,2025-03-12T19:55:00Z,10.0,0.7166666666666667,both_options
2025-03-12T19:55:00Z,2025-03-12T20:33:00Z,8.0,0.6333333333333333,both_options
2025-03-12T20:33:00Z,2025-03-12T20:55:00Z,7.0,0.36666666666666664,both_options
2025-03-12T20:55:00Z,2025-03-12T21:11:00Z,4.0,0.26666666666666666,both_options
2025-03-12T21:11:00Z,2025-03-12T21:28:00Z,2.5,0.2833333333333333,both_options
2025-03-12T21:28:00Z,2025-03-12T21:52:00Z,5.0,0.4,both_options
2025-03-12T21:52:00Z,2025-03-12T21:55:00Z,10.0,0.05,both_options
2025-03-12T21:55:00Z,2025-03-12T22:26:00Z,10.0,0.5166666666666667,both_options
2025-03-12T22:26:00Z,2025-03-12T22:55:00Z,6.0,0.48333333333333334,both_options
2025-03-12T22:55:00Z,2025-03-12T23:31:00Z,10.0,0.6,both_options
2025-03-12T23:31:00Z,2025-03-12T23:46:00Z,10.0,0.25,both_options
2025-03-12T23:46:00Z,2025-03-12T23:55:00Z,9.0,0.15,both_options
2025-03-12T23:55:00Z,2025-03-13T00:55:00Z,10.0,1.0,both_options
2025-03-13T00:55:00Z,2025-03-13T01:55:00Z,10.0,1.0,both_options
2025-03-13T01:55:00Z,2025-03-13T02:55:00Z,9.0,1.0,both_options
2025-03-13T02:55:00Z,2025-03-13T03:09:00Z,9.0,0.23333333333333334,both_options
2025-03-13T03:09:00Z,2025-03-13T03:38:00Z,10.0,0.48333333333333334,both_options
2025-03-13T03:38:00Z,2025-03-13T03:55:00Z,9.0,0.2833333333333333,both_options
2025-03-13T03:55:00Z,2025-03-13T04:07:00Z,8.0,0.2,both_options
2025-03-13T04:07:00Z,2025-03-13T04:55:00Z,9.0,0.8,both_options
2025-03-13T04:55:00Z,2025-03-13T05:11:00Z,7.0,0.26666666666666666,both_options
2025-03-13T05:11:00Z,2025-03-13T05:20:00Z,9.0,0.15,both_options
2025-03-13T05:20:00Z,2025-03-13T05:43:00Z,10.0,0.38333333333333336,both_options
2025-03-13T05:43:00Z,2025-03-13T05:55:00Z,10.0,0.2,both_options
2025-03-13T05:55:00Z,2025-03-13T06:26:00Z,10.0,0.5166666666666667,both_options
2025-03-13T06:26:00Z,2025-03-13T06:48:00Z,10.0,0.36666666666666664,both_options
2025-03-13T06:48:00Z,2025-03-13T06:55:00Z,8.0,0.11666666666666667,both_options
2025-03-13T06:55:00Z,2025-03-13T07:55:00Z,8.0,1.0,both_options
2025-03-13T07:55:00Z,2025-03-13T08:05:00Z,10.0,0.16666666666666666,both_options
2025-03-13T08:05:00Z,2025-03-13T08:55:00Z,10.0,0.8333333333333334,both_options
2025-03-13T08:55:00Z,2025-03-13T09:55:00Z,10.0,1.0,both_options
2025-03-13T09:55:00Z,2025-03-13T10:55:00Z,10.0,1.0,both_options
2025-03-13T10:55:00Z,2025-03-13T11:55:00Z,8.0,1.0,both_options
2025-03-13T11:55:00Z,2025-03-13T12:55:00Z,10.0,1.0,both_options
2025-03-13T12:55:00Z,2025-03-13T13:55:00Z,10.0,1.0,both_options
2025-03-13T13:55:00Z,2025-03-13T14:55:00Z,10.0,1.0,both_options
2025-03-13T14:55:00Z,2025-03-13T15:55:00Z,10.0,1.0,both_options
2025-03-13T15:55:00Z,2025-03-13T16:55:00Z,10.0,1.0,both_options
2025-03-13T16:55:00Z,2025-03-13T17:55:00Z,10.0,1.0,both_options
2025-03-13T17:55:00Z,2025-03-13T18:55:00Z,10.0,1.0,both_options
2025-03-13T18:55:00Z,2025-03-13T19:55:00Z,10.0,1.0,both_options
2025-03-13T19:55:00Z,2025-03-13T20:55:00Z,10.0,1.0,both_options
2025-03-13T20:55:00Z,2025-03-13T21:55:00Z,10.0,1.0,both_options
2025-03-13T21:55:00Z,2025-03-13T22:55:00Z,10.0,1.0,both_options
2025-03-13T22:55:00Z,2025-03-13T23:55:00Z,10.0,1.0,both_options
2025-03-13T23:55:00Z,2025-03-14T00:55:00Z,10.0,1.0,both_options
2025-03-14T00:55:00Z,2025-03-14T01:55:00Z,10.0,1.0,both_options
2025-03-14T01:55:00Z,2025-03-14T02:55:00Z,10.0,1.0,both_options
2025-03-14T02:55:00Z,2025-03-14T03:55:00Z,10.0,1.0,both_options
2025-03-14T03:55:00Z,2025-03-14T04:55:00Z,10.0,1.0,both_options
2025-03-14T04:55:00Z,2025-03-14T05:55:00Z,10.0,1.0,both_options
2025-03-14T05:55:00Z,2025-03-14T06:55:00Z,5.0,1.0,both_options
2025-03-14T06:55:00Z,2025-03-14T07:55:00Z,6.0,1.0,both_options
2025-03-14T07:55:00Z,2025-03-14T08:55:00Z,10.0,1.0,both_options
2025-03-14T08:55:00Z,2025-03-14T09:55:00Z,10.0,1.0,both_options
2025-03-14T09:55:00Z,2025-03-14T10:55:00Z,10.0,1.0,both_options
2025-03-14T10:55:00Z,2025-03-14T11:55:00Z,10.0,1.0,both_options
2025-03-14T11:55:00Z,2025-03-14T12:55:00Z,10.0,1.0,both_options
2025-03-14T12:55:00Z,2025-03-14T13:55:00Z,10.0,1.0,both_options
2025-03-14T13:55:00Z,2025-03-14T14:55:00Z,10.0,1.0,both_options
2025-03-14T14:55:00Z,2025-03-14T15:55:00Z,10.0,1.0,both_options
2025-03-14T15:55:00Z,2025-03-14T16:55:00Z,10.0,1.0,both_options
2025-03-14T16:55:00Z,2025-03-14T17:55:00Z,10.0,1.0,both_options
2025-03-14T17:55:00Z,2025-03-14T18:55:00Z,10.0,1.0,both_options
2025-03-14T18:55:00Z,2025-03-14T19:55:00Z,10.0,1.0,both_options
2025-03-14T19:55:00Z,2025-03-14T20:55:00Z,9.0,1.0,both_options
2025-03-14T20:55:00Z,2025-03-14T21:55:00Z,10.0,1.0,both_options
2025-03-14T21:55:00Z,2025-03-14T22:55:00Z,10.0,1.0,both_options
2025-03-14T22:55:00Z,2025-03-14T23:55:00Z,10.0,1.0,both_options
2025-03-14T23:55:00Z,2025-03-15T00:55:00Z,10.0,1.0,both_options
2025-03-15T00:55:00Z,2025-03-15T01:55:00Z,10.0,1.0,both_options
2025-03-15T01:55:00Z,2025-03-15T02:55:00Z,10.0,1.0,both_options
2025-03-15T02:55:00Z,2025-03-15T03:55:00Z,10.0,1.0,both_options
2025-03-15T03:55:00Z,2025-03-15T04:31:00Z,10.0,0.6,both_options
2025-03-15T04:31:00Z,2025-03-15T04:55:00Z,10.0,0.4,both_options
2025-03-15T04:55:00Z,2025-03-15T05:28:00Z,9.0,0.55,both_options
2025-03-15T05:28:00Z,2025-03-15T05:55:00Z,10.0,0.45,both_options
2025-03-15T05:55:00Z,2025-03-15T06:16:00Z,10.0,0.35,both_options
2025-03-15T06:16:00Z,2025-03-15T06:30:00Z,2.5,0.23333333333333334,both_options
2025-03-15T06:30:00Z,2025-03-15T06:55:00Z,7.0,0.4166666666666667,both_options
2025-03-15T06:55:00Z,2025-03-15T07:00:00Z,3.0,0.08333333333333333,both_options
2025-03-15T07:00:00Z,2025-03-15T07:09:00Z,2.5,0.15,both_options
2025-03-15T07:09:00Z,2025-03-15T07:20:00Z,3.0,0.18333333333333332,both_options
2025-03-15T07:20:00Z,2025-03-15T07:28:00Z,3.0,0.13333333333333333,both_options
2025-03-15T07:28:00Z,2025-03-15T07:40:00Z,3.0,0.2,both_options
2025-03-15T07:40:00Z,2025-03-15T07:55:00Z,6.0,0.25,both_options
2025-03-15T07:55:00Z,2025-03-15T08:55:00Z,9.0,1.0,both_options
2025-03-15T08:55:00Z,2025-03-15T09:20:00Z,9.0,0.4166666666666667,both_options
2025-03-15T09:20:00Z,2025-03-15T09:44:00Z,6.0,0.4,both_options
2025-03-15T09:44:00Z,2025-03-15T09:55:00Z,10.0,0.18333333333333332,both_options
2025-03-15T09:55:00Z,2025-03-15T10:48:00Z,10.0,0.8833333333333333,both_options
2025-03-15T10:48:00Z,2025-03-15T10:55:00Z,10.0,0.11666666666666667,both_options
2025-03-15T10:55:00Z,2025-03-15T11:55:00Z,10.0,1.0,both_options
2025-03-15T11:55:00Z,2025-03-15T12:55:00Z,5.0,1.0,both_options
2025-03-15T12:55:00Z,2025-03-15T13:55:00Z,9.0,1.0,both_options
2025-03-15T13:55:00Z,2025-03-15T14:55:00Z,10.0,1.0,both_options
2025-03-15T14:55:00Z,2025-03-15T15:55:00Z,10.0,1.0,both_options
2025-03-15T15:55:00Z,2025-03-15T16:28:00Z,9.0,0.55,both_options
2025-03-15T16:28:00Z,2025-03-15T16:51:00Z,8.0,0.38333333333333336,both_options
2025-03-15T16:51:00Z,2025-03-15T16:55:00Z,10.0,0.06666666666666667,both_options
2025-03-15T16:55:00Z,2025-03-15T17:55:00Z,10.0,1.0,both_options
2025-03-15T17:55:00Z,2025-03-15T18:55:00Z,5.0,1.0,both_options
2025-03-15T18:55:00Z,2025-03-15T19:55:00Z,9.0,1.0,both_options
2025-03-15T19:55:00Z,2025-03-15T20:28:00Z,7.0,0.55,both_options
2025-03-15T20:28:00Z,2025-03-15T20:37:00Z,2.5,0.15,both_options
2025-03-15T20:37:00Z,2025-03-15T20:55:00Z,3.0,0.3,both_options
2025-03-15T20:55:00Z,2025-03-15T21:55:00Z,10.0,1.0,both_options
2025-03-15T21:55:00Z,2025-03-15T22:55:00Z,5.0,1.0,both_options
2025-03-15T22:55:00Z,2025-03-15T23:39:00Z,8.0,0.7333333333333333,both_options
2025-03-15T23:39:00Z,2025-03-15T23:50:00Z,7.0,0.18333333333333332,both_options
2025-03-15T23:50:00Z,2025-03-15T23:55:00Z,4.0,0.08333333333333333,both_options
2025-03-15T23:55:00Z,2025-03-16T00:55:00Z,7.0,1.0,both_options
2025-03-16T00:55:00Z,2025-03-16T01:46:00Z,9.0,0.85,both_options
2025-03-16T01:46:00Z,2025-03-16T01:49:00Z,2.5,0.05,both_options
2025-03-16T01:49:00Z,2025-03-16T01:55:00Z,3.0,0.1,both_options
2025-03-16T01:55:00Z,2025-03-16T02:55:00Z,5.0,1.0,both_options
2025-03-16T02:55:00Z,2025-03-16T03:55:00Z,9.0,1.0,both_options
2025-03-16T03:55:00Z,2025-03-16T04:08:00Z,5.0,0.21666666666666667,both_options
2025-03-16T04:08:00Z,2025-03-16T04:35:00Z,5.0,0.45,both_options
2025-03-16T04:35:00Z,2025-03-16T04:55:00Z,4.0,0.3333333333333333,both_options
2025-03-16T04:55:00Z,2025-03-16T05:08:00Z,5.0,0.21666666666666667,both_options
2025-03-16T05:08:00Z,2025-03-16T05:48:00Z,5.0,0.6666666666666666,both_options
2025-03-16T05:48:00Z,2025-03-16T05:55:00Z,9.0,0.11666666666666667,both_options
2025-03-16T05:55:00Z,2025-03-16T06:03:00Z,6.0,0.13333333333333333,both_options
2025-03-16T06:03:00Z,2025-03-16T06:55:00Z,4.0,0.8666666666666667,both_options
2025-03-16T06:55:00Z,2025-03-16T07:55:00Z,10.0,1.0,both_options
2025-03-16T07:55:00Z,2025-03-16T08:43:00Z,10.0,0.8,both_options
2025-03-16T08:43:00Z,2025-03-16T08:55:00Z,10.0,0.2,both_options
2025-03-16T08:55:00Z,2025-03-16T09:05:00Z,10.0,0.16666666666666666,both_options
2025-03-16T09:05:00Z,2025-03-16T09:55:00Z,10.0,0.8333333333333334,both_options
2025-03-16T09:55:00Z,2025-03-16T10:55:00Z,10.0,1.0,both_options
2025-03-16T10:55:00Z,2025-03-16T11:50:00Z,10.0,0.9166666666666666,both_options
2025-03-16T11:50:00Z,2025-03-16T11:55:00Z,10.0,0.08333333333333333,both_options
2025-03-16T11:55:00Z,2025-03-16T12:55:00Z,10.0,1.0,both_options
2025-03-16T12:55:00Z,2025-03-16T13:41:00Z,10.0,0.7666666666666667,both_options
2025-03-16T13:41:00Z,2025-03-16T13:55:00Z,10.0,0.23333333333333334,both_options
2025-03-16T13:55:00Z,2025-03-16T14:55:00Z,10.0,1.0,both_options
2025-03-16T14:55:00Z,2025-03-16T15:17:00Z,10.0,0.36666666666666664,both_options
2025-03-16T15:17:00Z,2025-03-16T15:46:00Z,5.0,0.48333333333333334,both_options
2025-03-16T15:46:00Z,2025-03-16T15:55:00Z,10.0,0.15,both_options
2025-03-16T15:55:00Z,2025-03-16T16:05:00Z,10.0,0.16666666666666666,both_options
2025-03-16T16:05:00Z,2025-03-16T16:55:00Z,10.0,0.8333333333333334,both_options
2025-03-16T16:55:00Z,2025-03-16T17:55:00Z,10.0,1.0,both_options
2025-03-16T17:55:00Z,2025-03-16T18:35:00Z,10.0,0.6666666666666666,both_options
2025-03-16T18:35:00Z,2025-03-16T18:55:00Z,10.0,0.3333333333333333,both_options
2025-03-16T18:55:00Z,2025-03-16T19:38:00Z,10.0,0.7166666666666667,both_options
2025-03-16T19:38:00Z,2025-03-16T19:55:00Z,10.0,0.2833333333333333,both_options
2025-03-16T19:55:00Z,2025-03-16T20:04:00Z,9.0,0.15,both_options
2025-03-16T20:04:00Z,2025-03-16T20:32:00Z,10.0,0.4666666666666667,both_options
2025-03-16T20:32:00Z,2025-03-16T20:45:00Z,10.0,0.21666666666666667,both_options
2025-03-16T20:45:00Z,2025-03-16T20:55:00Z,10.0,0.16666666666666666,both_options
2025-03-16T20:55:00Z,2025-03-16T21:55:00Z,10.0,1.0,both_options
2025-03-16T21:55:00Z,2025-03-16T22:55:00Z,10.0,1.0,both_options
2025-03-16T22:55:00Z,2025-03-16T23:55:00Z,10.0,1.0,both_options
2025-03-16T23:55:00Z,2025-03-17T00:55:00Z,10.0,1.0,both_options
2025-03-17T00:55:00Z,2025-03-17T01:55:00Z,10.0,1.0,both_options
2025-03-17T01:55:00Z,2025-03-17T02:55:00Z,10.0,1.0,both_options
2025-03-17T02:55:00Z,2025-03-17T03:55:00Z,10.0,1.0,both_options
2025-03-17T03:55:00Z,2025-03-17T04:55:00Z,10.0,1.0,both_options
2025-03-17T04:55:00Z,2025-03-17T05:55:00Z,8.0,1.0,both_options
2025-03-17T05:55:00Z,2025-03-17T06:34:00Z,8.0,0.65,both_options
2025-03-17T06:34:00Z,2025-03-17T06:36:00Z,1.5,0.03333333333333333,both_options
2025-03-17T06:36:00Z,2025-03-17T06:46:00Z,0.75,0.16666666666666666,lower_only
2025-03-17T06:46:00Z,2025-03-17T06:53:00Z,0.25,0.11666666666666667,neither_option
2025-03-17T06:53:00Z,2025-03-17T06:55:00Z,0.75,0.03333333333333333,lower_only
2025-03-17T06:55:00Z,2025-03-17T07:03:00Z,0.75,0.13333333333333333,lower_only
2025-03-17T07:03:00Z,2025-03-17T07:10:00Z,1.25,0.11666666666666667,both_options
2025-03-17T07:10:00Z,2025-03-17T07:19:00Z,1.5,0.15,both_options
2025-03-17T07:19:00Z,2025-03-17T07:41:00Z,3.0,0.36666666666666664,both_options
2025-03-17T07:41:00Z,2025-03-17T07:44:00Z,1.5,0.05,both_options
2025-03-17T07:44:00Z,2025-03-17T07:55:00Z,0.75,0.18333333333333332,lower_only
2025-03-17T07:55:00Z,2025-03-17T08:03:00Z,0.75,0.13333333333333333,lower_only
2025-03-17T08:03:00Z,2025-03-17T08:05:00Z,1.5,0.03333333333333333,both_options
2025-03-17T08:05:00Z,2025-03-17T08:10:00Z,2.0,0.08333333333333333,both_options
2025-03-17T08:10:00Z,2025-03-17T08:20:00Z,4.0,0.16666666666666666,both_options
2025-03-17T08:20:00Z,2025-03-17T08:55:00Z,8.0,0.5833333333333334,both_options
2025-03-17T08:55:00Z,2025-03-17T09:55:00Z,10.0,1.0,both_options
2025-03-17T09:55:00Z,2025-03-17T10:55:00Z,10.0,1.0,both_options
2025-03-17T10:55:00Z,2025-03-17T11:55:00Z,10.0,1.0,both_options
2025-03-17T11:55:00Z,2025-03-17T12:55:00Z,9.0,1.0,both_options
2025-03-17T12:55:00Z,2025-03-17T13:20:00Z,8.0,0.4166666666666667,both_options
2025-03-17T13:20:00Z,2025-03-17T13:55:00Z,9.0,0.5833333333333334,both_options
2025-03-17T13:55:00Z,2025-03-17T14:55:00Z,10.0,1.0,both_options
2025-03-17T14:55:00Z,2025-03-17T15:55:00Z,10.0,1.0,both_options
2025-03-17T15:55:00Z,2025-03-17T16:03:00Z,7.0,0.13333333333333333,both_options
2025-03-17T16:03:00Z,2025-03-17T16:32:00Z,2.5,0.48333333333333334,both_options
2025-03-17T16:32:00Z,2025-03-17T16:42:00Z,6.0,0.16666666666666666,both_options
2025-03-17T16:42:00Z,2025-03-17T16:55:00Z,10.0,0.21666666666666667,both_options
2025-03-17T16:55:00Z,2025-03-17T17:03:00Z,10.0,0.13333333333333333,both_options
2025-03-17T17:03:00Z,2025-03-17T17:40:00Z,10.0,0.6166666666666667,both_options
2025-03-17T17:40:00Z,2025-03-17T17:55:00Z,10.0,0.25,both_options
2025-03-17T17:55:00Z,2025-03-17T18:55:00Z,10.0,1.0,both_options
2025-03-17T18:55:00Z,2025-03-17T19:17:00Z,10.0,0.36666666666666664,both_options
2025-03-17T19:17:00Z,2025-03-17T19:20:00Z,2.5,0.05,both_options
2025-03-17T19:20:00Z,2025-03-17T19:55:00Z,3.0,0.5833333333333334,both_options
2025-03-17T19:55:00Z,2025-03-17T20:09:00Z,10.0,0.23333333333333334,both_options
2025-03-17T20:09:00Z,2025-03-17T20:21:00Z,10.0,0.2,both_options
2025-03-17T20:21:00Z,2025-03-17T20:55:00Z,8.0,0.5666666666666667,both_options
2025-03-17T20:55:00Z,2025-03-17T21:55:00Z,10.0,1.0,both_options
2025-03-17T21:55:00Z,2025-03-17T22:55:00Z,10.0,1.0,both_options
2025-03-17T22:55:00Z,2025-03-17T23:55:00Z,9.0,1.0,both_options
2025-03-17T23:55:00Z,2025-03-18T00:11:00Z,10.0,0.26666666666666666,both_options
2025-03-18T00:11:00Z,2025-03-18T00:22:00Z,10.0,0.18333333333333332,both_options
2025-03-18T00:22:00Z,2025-03-18T00:29:00Z,10.0,0.11666666666666667,both_options
2025-03-18T00:29:00Z,2025-03-18T00:36:00Z,10.0,0.11666666666666667,both_options
2025-03-18T00:36:00Z,2025-03-18T00:55:00Z,10.0,0.31666666666666665,both_options
2025-03-18T00:55:00Z,2025-03-18T01:55:00Z,10.0,1.0,both_options
2025-03-18T01:55:00Z,2025-03-18T02:55:00Z,10.0,1.0,both_options
2025-03-18T02:55:00Z,2025-03-18T03:55:00Z,10.0,1.0,both_options
2025-03-18T03:55:00Z,2025-03-18T04:55:00Z,10.0,1.0,both_options
2025-03-18T04:55:00Z,2025-03-18T05:25:00Z,10.0,0.5,both_options
2025-03-18T05:25:00Z,2025-03-18T05:39:00Z,10.0,0.23333333333333334,both_options
2025-03-18T05:39:00Z,2025-03-18T05:55:00Z,10.0,0.26666666666666666,both_options
2025-03-18T05:55:00Z,2025-03-18T06:55:00Z,10.0,1.0,both_options
2025-03-18T06:55:00Z,2025-03-18T07:05:00Z,7.0,0.16666666666666666,both_options
2025-03-18T07:05:00Z,2025-03-18T07:12:00Z,10.0,0.11666666666666667,both_options
2025-03-18T07:12:00Z,2025-03-18T07:55:00Z,10.0,0.7166666666666667,both_options
2025-03-18T07:55:00Z,2025-03-18T08:55:00Z,10.0,1.0,both_options
2025-03-18T08:55:00Z,2025-03-18T09:55:00Z,10.0,1.0,both_options
2025-03-18T09:55:00Z,2025-03-18T10:55:00Z,10.0,1.0,both_options
2025-03-18T10:55:00Z,2025-03-18T11:55:00Z,10.0,1.0,both_options
2025-03-18T11:55:00Z,2025-03-18T12:55:00Z,9.0,1.0,both_options
2025-03-18T12:55:00Z,2025-03-18T13:55:00Z,10.0,1.0,both_options
2025-03-18T13:55:00Z,2025-03-18T14:28:00Z,10.0,0.55,both_options
2025-03-18T14:28:00Z,2025-03-18T14:40:00Z,10.0,0.2,both_options
2025-03-18T14:40:00Z,2025-03-18T14:55:00Z,10.0,0.25,both_options
2025-03-18T14:55:00Z,2025-03-18T15:55:00Z,10.0,1.0,both_options
2025-03-18T15:55:00Z,2025-03-18T16:55:00Z,10.0,1.0,both_options
2025-03-18T16:55:00Z,2025-03-18T17:55:00Z,10.0,1.0,both_options
2025-03-18T17:55:00Z,2025-03-18T18:55:00Z,10.0,1.0,both_options
2025-03-18T18:55:00Z,2025-03-18T19:55:00Z,10.0,1.0,both_options
2025-03-18T19:55:00Z,2025-03-18T20:55:00Z,10.0,1.0,both_options
2025-03-18T20:55:00Z,2025-03-18T21:55:00Z,10.0,1.0,both_options
2025-03-18T21:55:00Z,2025-03-18T22:55:00Z,10.0,1.0,both_options
2025-03-18T22:55:00Z,2025-03-18T23:55:00Z,10.0,1.0,both_options
2025-03-18T23:55:00Z,2025-03-19T00:55:00Z,10.0,1.0,both_options
2025-03-19T00:55:00Z,2025-03-19T01:55:00Z,10.0,1.0,both_options
2025-03-19T01:55:00Z,2025-03-19T02:55:00Z,10.0,1.0,both_options
2025-03-19T02:55:00Z,2025-03-19T03:55:00Z,10.0,1.0,both_options
2025-03-19T03:55:00Z,2025-03-19T04:55:00Z,10.0,1.0,both_options
2025-03-19T04:55:00Z,2025-03-19T05:55:00Z,10.0,1.0,both_options
2025-03-19T05:55:00Z,2025-03-19T06:55:00Z,10.0,1.0,both_options
2025-03-19T06:55:00Z,2025-03-19T07:55:00Z,10.0,1.0,both_options
2025-03-19T07:55:00Z,2025-03-19T08:55:00Z,10.0,1.0,both_options
2025-03-19T08:55:00Z,2025-03-19T09:55:00Z,10.0,1.0,both_options
2025-03-19T09:55:00Z,2025-03-19T10:55:00Z,10.0,1.0,both_options
2025-03-19T10:55:00Z,2025-03-19T11:55:00Z,10.0,1.0,both_options
2025-03-19T11:55:00Z,2025-03-19T12:55:00Z,10.0,1.0,both_options
2025-03-19T12:55:00Z,2025-03-19T13:55:00Z,10.0,1.0,both_options
2025-03-19T13:55:00Z,2025-03-19T14:55:00Z,10.0,1.0,both_options
2025-03-19T14:55:00Z,2025-03-19T15:55:00Z,10.0,1.0,both_options
2025-03-19T15:55:00Z,2025-03-19T16:55:00Z,10.0,1.0,both_options
2025-03-19T16:55:00Z,2025-03-19T17:55:00Z,10.0,1.0,both_options
2025-03-19T17:55:00Z,2025-03-19T18:55:00Z,9.0,1.0,both_options
2025-03-19T18:55:00Z,2025-03-19T19:55:00Z,10.0,1.0,both_options
2025-03-19T19:55:00Z,2025-03-19T20:55:00Z,10.0,1.0,both_options
2025-03-19T20:55:00Z,2025-03-19T21:55:00Z,10.0,1.0,both_options
2025-03-19T21:55:00Z,2025-03-19T22:55:00Z,10.0,1.0,both_options
2025-03-19T22:55:00Z,2025-03-19T23:55:00Z,5.0,1.0,both_options
2025-03-19T23:55:00Z,2025-03-20T00:55:00Z,10.0,1.0,both_options
2025-03-20T00:55:00Z,2025-03-20T00:58:00Z,3.0,0.05,both_options
2025-03-20T00:58:00Z,2025-03-20T01:12:00Z,2.5,0.23333333333333334,both_options
2025-03-20T01:12:00Z,2025-03-20T01:55:00Z,5.0,0.7166666666666667,both_options
2025-03-20T01:55:00Z,2025-03-20T02:18:00Z,10.0,0.38333333333333336,both_options
2025-03-20T02:18:00Z,2025-03-20T02:55:00Z,10.0,0.6166666666666667,both_options
2025-03-20T02:55:00Z,2025-03-20T03:24:00Z,6.0,0.48333333333333334,both_options
2025-03-20T03:24:00Z,2025-03-20T03:55:00Z,8.0,0.5166666666666667,both_options
2025-03-20T03:55:00Z,2025-03-20T04:55:00Z,9.0,1.0,both_options
2025-03-20T04:55:00Z,2025-03-20T05:42:00Z,9.0,0.7833333333333333,both_options
2025-03-20T05:42:00Z,2025-03-20T05:55:00Z,9.0,0.21666666666666667,both_options
2025-03-20T05:55:00Z,2025-03-20T06:06:00Z,10.0,0.18333333333333332,both_options
2025-03-20T06:06:00Z,2025-03-20T06:18:00Z,10.0,0.2,both_options
2025-03-20T06:18:00Z,2025-03-20T06:55:00Z,9.0,0.6166666666666667,both_options
2025-03-20T06:55:00Z,2025-03-20T07:55:00Z,9.0,1.0,both_options
2025-03-20T07:55:00Z,2025-03-20T08:15:00Z,8.0,0.3333333333333333,both_options
2025-03-20T08:15:00Z,2025-03-20T08:39:00Z,9.0,0.4,both_options
2025-03-20T08:39:00Z,2025-03-20T08:55:00Z,4.0,0.26666666666666666,both_options
2025-03-20T08:55:00Z,2025-03-20T09:00:00Z,2.5,0.08333333333333333,both_options
2025-03-20T09:00:00Z,2025-03-20T09:22:00Z,3.0,0.36666666666666664,both_options
2025-03-20T09:22:00Z,2025-03-20T09:55:00Z,7.0,0.55,both_options
2025-03-20T09:55:00Z,2025-03-20T10:29:00Z,10.0,0.5666666666666667,both_options
2025-03-20T10:29:00Z,2025-03-20T10:55:00Z,9.0,0.43333333333333335,both_options
2025-03-20T10:55:00Z,2025-03-20T11:10:00Z,10.0,0.25,both_options
2025-03-20T11:10:00Z,2025-03-20T11:36:00Z,10.0,0.43333333333333335,both_options
2025-03-20T11:36:00Z,2025-03-20T11:55:00Z,10.0,0.31666666666666665,both_options
2025-03-20T11:55:00Z,2025-03-20T12:31:00Z,10.0,0.6,both_options
2025-03-20T12:31:00Z,2025-03-20T12:55:00Z,10.0,0.4,both_options
2025-03-20T12:55:00Z,2025-03-20T13:55:00Z,10.0,1.0,both_options
2025-03-20T13:55:00Z,2025-03-20T14:55:00Z,9.0,1.0,both_options
2025-03-20T14:55:00Z,2025-03-20T15:55:00Z,7.0,1.0,both_options
2025-03-20T15:55:00Z,2025-03-20T16:27:00Z,8.0,0.5333333333333333,both_options
2025-03-20T16:27:00Z,2025-03-20T16:40:00Z,7.0,0.21666666666666667,both_options
2025-03-20T16:40:00Z,2025-03-20T16:48:00Z,6.0,0.13333333333333333,both_options
2025-03-20T16:48:00Z,2025-03-20T16:55:00Z,7.0,0.11666666666666667,both_options
2025-03-20T16:55:00Z,2025-03-20T17:43:00Z,6.0,0.8,both_options
2025-03-20T17:43:00Z,2025-03-20T17:55:00Z,7.0,0.2,both_options
2025-03-20T17:55:00Z,2025-03-20T18:55:00Z,8.0,1.0,both_options
2025-03-20T18:55:00Z,2025-03-20T19:07:00Z,7.0,0.2,both_options
2025-03-20T19:07:00Z,2025-03-20T19:30:00Z,6.0,0.38333333333333336,both_options
2025-03-20T19:30:00Z,2025-03-20T19:55:00Z,6.0,0.4166666666666667,both_options
2025-03-20T19:55:00Z,2025-03-20T20:09:00Z,4.0,0.23333333333333334,both_options
2025-03-20T20:09:00Z,2025-03-20T20:40:00Z,4.0,0.5166666666666667,both_options
2025-03-20T20:40:00Z,2025-03-20T20:55:00Z,4.0,0.25,both_options
2025-03-20T20:55:00Z,2025-03-20T21:18:00Z,4.0,0.38333333333333336,both_options
2025-03-20T21:18:00Z,2025-03-20T21:39:00Z,5.0,0.35,both_options
2025-03-20T21:39:00Z,2025-03-20T21:55:00Z,4.0,0.26666666666666666,both_options
2025-03-20T21:55:00Z,2025-03-20T22:05:00Z,4.0,0.16666666666666666,both_options
2025-03-20T22:05:00Z,2025-03-20T22:13:00Z,2.5,0.13333333333333333,both_options
2025-03-20T22:13:00Z,2025-03-20T22:39:00Z,4.0,0.43333333333333335,both_options
2025-03-20T22:39:00Z,2025-03-20T22:55:00Z,5.0,0.26666666666666666,both_options
2025-03-20T22:55:00Z,2025-03-20T23:11:00Z,5.0,0.26666666666666666,both_options
2025-03-20T23:11:00Z,2025-03-20T23:38:00Z,4.0,0.45,both_options
2025-03-20T23:38:00Z,2025-03-20T23:55:00Z,6.0,0.2833333333333333,both_options
2025-03-20T23:55:00Z,2025-03-21T00:37:00Z,7.0,0.7,both_options
2025-03-21T00:37:00Z,2025-03-21T00:44:00Z,2.5,0.11666666666666667,both_options
2025-03-21T00:44:00Z,2025-03-21T00:55:00Z,4.0,0.18333333333333332,both_options
2025-03-21T00:55:00Z,2025-03-21T01:26:00Z,5.0,0.5166666666666667,both_options
2025-03-21T01:26:00Z,2025-03-21T01:55:00Z,5.0,0.48333333333333334,both_options
2025-03-21T01:55:00Z,2025-03-21T02:15:00Z,5.0,0.3333333333333333,both_options
2025-03-21T02:15:00Z,2025-03-21T02:28:00Z,2.5,0.21666666666666667,both_options
2025-03-21T02:28:00Z,2025-03-21T02:36:00Z,3.0,0.13333333333333333,both_options
2025-03-21T02:36:00Z,2025-03-21T02:55:00Z,3.0,0.31666666666666665,both_options
2025-03-21T02:55:00Z,2025-03-21T03:13:00Z,3.0,0.3,both_options
2025-03-21T03:13:00Z,2025-03-21T03:29:00Z,3.0,0.26666666666666666,both_options
2025-03-21T03:29:00Z,2025-03-21T03:39:00Z,2.5,0.16666666666666666,both_options
2025-03-21T03:39:00Z,2025-03-21T03:55:00Z,2.5,0.26666666666666666,both_options
2025-03-21T03:55:00Z,2025-03-21T04:44:00Z,2.0,0.8166666666666667,both_options
2025-03-21T04:44:00Z,2025-03-21T04:55:00Z,3.0,0.18333333333333332,both_options
2025-03-21T04:55:00Z,2025-03-21T05:08:00Z,4.0,0.21666666666666667,both_options
2025-03-21T05:08:00Z,2025-03-21T05:18:00Z,2.0,0.16666666666666666,both_options
2025-03-21T05:18:00Z,2025-03-21T05:55:00Z,2.5,0.6166666666666667,both_options
2025-03-21T05:55:00Z,2025-03-21T06:09:00Z,2.0,0.23333333333333334,both_options
2025-03-21T06:09:00Z,2025-03-21T06:17:00Z,3.0,0.13333333333333333,both_options
2025-03-21T06:17:00Z,2025-03-21T06:28:00Z,2.0,0.18333333333333332,both_options
2025-03-21T06:28:00Z,2025-03-21T06:55:00Z,6.0,0.45,both_options
2025-03-21T06:55:00Z,2025-03-21T07:24:00Z,4.0,0.48333333333333334,both_options
2025-03-21T07:24:00Z,2025-03-21T07:32:00Z,2.5,0.13333333333333333,both_options
2025-03-21T07:32:00Z,2025-03-21T07:47:00Z,3.0,0.25,both_options
2025-03-21T07:47:00Z,2025-03-21T07:55:00Z,6.0,0.13333333333333333,both_options
2025-03-21T07:55:00Z,2025-03-21T08:06:00Z,2.0,0.18333333333333332,both_options
2025-03-21T08:06:00Z,2025-03-21T08:55:00Z,5.0,0.8166666666666667,both_options
2025-03-21T08:55:00Z,2025-03-21T09:14:00Z,5.0,0.31666666666666665,both_options
2025-03-21T09:14:00Z,2025-03-21T09:28:00Z,3.0,0.23333333333333334,both_options
2025-03-21T09:28:00Z,2025-03-21T09:37:00Z,2.5,0.15,both_options
2025-03-21T09:37:00Z,2025-03-21T09:55:00Z,4.0,0.3,both_options
2025-03-21T09:55:00Z,2025-03-21T10:14:00Z,7.0,0.31666666666666665,both_options
2025-03-21T10:14:00Z,2025-03-21T10:26:00Z,5.0,0.2,both_options
2025-03-21T10:26:00Z,2025-03-21T10:55:00Z,5.0,0.48333333333333334,both_options
2025-03-21T10:55:00Z,2025-03-21T11:55:00Z,6.0,1.0,both_options
2025-03-21T11:55:00Z,2025-03-21T12:19:00Z,4.0,0.4,both_options
2025-03-21T12:19:00Z,2025-03-21T12:27:00Z,2.5,0.13333333333333333,both_options
2025-03-21T12:27:00Z,2025-03-21T12:55:00Z,5.0,0.4666666666666667,both_options
2025-03-21T12:55:00Z,2025-03-21T13:29:00Z,7.0,0.5666666666666667,both_options
2025-03-21T13:29:00Z,2025-03-21T13:55:00Z,6.0,0.43333333333333335,both_options
2025-03-21T13:55:00Z,2025-03-21T14:12:00Z,7.0,0.2833333333333333,both_options
2025-03-21T14:12:00Z,2025-03-21T14:55:00Z,8.0,0.7166666666666667,both_options
2025-03-21T14:55:00Z,2025-03-21T15:27:00Z,9.0,0.5333333333333333,both_options
2025-03-21T15:27:00Z,2025-03-21T15:55:00Z,9.0,0.4666666666666667,both_options
2025-03-21T15:55:00Z,2025-03-21T16:52:00Z,9.0,0.95,both_options
2025-03-21T16:52:00Z,2025-03-21T16:53:00Z,5.0,0.016666666666666666,both_options
2025-03-21T16:53:00Z,2025-03-21T17:53:00Z,5.0,1.0,both_options
2025-03-21T17:55:00Z,2025-03-21T18:11:00Z,10.0,0.26666666666666666,both_options
2025-03-21T18:11:00Z,2025-03-21T18:28:00Z,10.0,0.2833333333333333,both_options
2025-03-21T18:28:00Z,2025-03-21T18:55:00Z,8.0,0.45,both_options
2025-03-21T18:55:00Z,2025-03-21T19:24:00Z,9.0,0.48333333333333334,both_options
2025-03-21T19:24:00Z,2025-03-21T19:32:00Z,9.0,0.13333333333333333,both_options
2025-03-21T19:32:00Z,2025-03-21T19:40:00Z,9.0,0.13333333333333333,both_options
2025-03-21T19:40:00Z,2025-03-21T19:55:00Z,9.0,0.25,both_options
2025-03-21T19:55:00Z,2025-03-21T20:55:00Z,7.0,1.0,both_options
2025-03-21T20:55:00Z,2025-03-21T21:55:00Z,8.0,1.0,both_options
2025-03-21T21:55:00Z,2025-03-21T22:36:00Z,10.0,0.6833333333333333,both_options
2025-03-21T22:36:00Z,2025-03-21T22:55:00Z,5.0,0.31666666666666665,both_options
2025-03-21T22:55:00Z,2025-03-21T23:55:00Z,3.0,1.0,both_options
2025-03-21T23:55:00Z,2025-03-22T00:11:00Z,10.0,0.26666666666666666,both_options
2025-03-22T00:11:00Z,2025-03-22T00:55:00Z,9.0,0.7333333333333333,both_options
2025-03-22T00:55:00Z,2025-03-22T01:44:00Z,8.0,0.8166666666666667,both_options
2025-03-22T01:44:00Z,2025-03-22T01:55:00Z,7.0,0.18333333333333332,both_options
2025-03-22T01:55:00Z,2025-03-22T02:37:00Z,8.0,0.7,both_options
2025-03-22T02:37:00Z,2025-03-22T02:45:00Z,9.0,0.13333333333333333,both_options
2025-03-22T02:45:00Z,2025-03-22T02:55:00Z,9.0,0.16666666666666666,both_options
2025-03-22T02:55:00Z,2025-03-22T03:05:00Z,8.0,0.16666666666666666,both_options
2025-03-22T03:05:00Z,2025-03-22T03:32:00Z,8.0,0.45,both_options
2025-03-22T03:32:00Z,2025-03-22T03:55:00Z,8.0,0.38333333333333336,both_options
2025-03-22T03:55:00Z,2025-03-22T04:05:00Z,5.0,0.16666666666666666,both_options
2025-03-22T04:05:00Z,2025-03-22T04:33:00Z,10.0,0.4666666666666667,both_options
2025-03-22T04:33:00Z,2025-03-22T04:55:00Z,10.0,0.36666666666666664,both_options
2025-03-22T04:55:00Z,2025-03-22T05:55:00Z,10.0,1.0,both_options
2025-03-22T05:55:00Z,2025-03-22T06:34:00Z,10.0,0.65,both_options
2025-03-22T06:34:00Z,2025-03-22T06:42:00Z,10.0,0.13333333333333333,both_options
2025-03-22T06:42:00Z,2025-03-22T06:55:00Z,10.0,0.21666666666666667,both_options
2025-03-22T06:55:00Z,2025-03-22T07:23:00Z,10.0,0.4666666666666667,both_options
2025-03-22T07:23:00Z,2025-03-22T07:40:00Z,10.0,0.2833333333333333,both_options
2025-03-22T07:40:00Z,2025-03-22T07:55:00Z,10.0,0.25,both_options
2025-03-22T07:55:00Z,2025-03-22T08:13:00Z,10.0,0.3,both_options
2025-03-22T08:13:00Z,2025-03-22T08:24:00Z,10.0,0.18333333333333332,both_options
2025-03-22T08:24:00Z,2025-03-22T08:55:00Z,10.0,0.5166666666666667,both_options
2025-03-22T08:55:00Z,2025-03-22T09:19:00Z,10.0,0.4,both_options
2025-03-22T09:19:00Z,2025-03-22T09:37:00Z,8.0,0.3,both_options
2025-03-22T09:37:00Z,2025-03-22T09:51:00Z,10.0,0.23333333333333334,both_options
2025-03-22T09:51:00Z,2025-03-22T09:55:00Z,10.0,0.06666666666666667,both_options
2025-03-22T09:55:00Z,2025-03-22T10:55:00Z,10.0,1.0,both_options
2025-03-22T10:55:00Z,2025-03-22T11:42:00Z,10.0,0.7833333333333333,both_options
2025-03-22T11:42:00Z,2025-03-22T11:51:00Z,9.0,0.15,both_options
2025-03-22T11:51:00Z,2025-03-22T11:55:00Z,10.0,0.06666666666666667,both_options
2025-03-22T11:55:00Z,2025-03-22T12:55:00Z,8.0,1.0,both_options
2025-03-22T12:55:00Z,2025-03-22T13:55:00Z,10.0,1.0,both_options
2025-03-22T13:55:00Z,2025-03-22T14:15:00Z,10.0,0.3333333333333333,both_options
2025-03-22T14:15:00Z,2025-03-22T14:41:00Z,10.0,0.43333333333333335,both_options
2025-03-22T14:41:00Z,2025-03-22T14:55:00Z,9.0,0.23333333333333334,both_options
2025-03-22T14:55:00Z,2025-03-22T15:55:00Z,8.0,1.0,both_options
2025-03-22T15:55:00Z,2025-03-22T16:07:00Z,10.0,0.2,both_options
2025-03-22T16:07:00Z,2025-03-22T16:55:00Z,10.0,0.8,both_options
2025-03-22T16:55:00Z,2025-03-22T17:14:00Z,10.0,0.31666666666666665,both_options
2025-03-22T17:14:00Z,2025-03-22T17:55:00Z,10.0,0.6833333333333333,both_options
2025-03-22T17:55:00Z,2025-03-22T18:05:00Z,10.0,0.16666666666666666,both_options
2025-03-22T18:05:00Z,2025-03-22T18:32:00Z,10.0,0.45,both_options
2025-03-22T18:32:00Z,2025-03-22T18:47:00Z,10.0,0.25,both_options
2025-03-22T18:47:00Z,2025-03-22T18:55:00Z,10.0,0.13333333333333333,both_options
2025-03-22T18:55:00Z,2025-03-22T19:55:00Z,10.0,1.0,both_options
2025-03-22T19:55:00Z,2025-03-22T20:55:00Z,10.0,1.0,both_options
2025-03-22T20:55:00Z,2025-03-22T21:55:00Z,10.0,1.0,both_options
2025-03-22T21:55:00Z,2025-03-22T22:55:00Z,10.0,1.0,both_options
2025-03-22T22:55:00Z,2025-03-22T23:55:00Z,10.0,1.0,both_options
2025-03-22T23:55:00Z,2025-03-23T00:55:00Z,10.0,1.0,both_options
2025-03-23T00:55:00Z,2025-03-23T01:55:00Z,10.0,1.0,both_options
2025-03-23T01:55:00Z,2025-03-23T02:55:00Z,9.0,1.0,both_options
2025-03-23T02:55:00Z,2025-03-23T03:55:00Z,9.0,1.0,both_options
2025-03-23T03:55:00Z,2025-03-23T04:55:00Z,10.0,1.0,both_options
2025-03-23T04:55:00Z,2025-03-23T05:55:00Z,10.0,1.0,both_options
2025-03-23T05:55:00Z,2025-03-23T06:55:00Z,10.0,1.0,both_options
2025-03-23T06:55:00Z,2025-03-23T07:12:00Z,10.0,0.2833333333333333,both_options
2025-03-23T07:12:00Z,2025-03-23T07:55:00Z,10.0,0.7166666666666667,both_options
2025-03-23T07:55:00Z,2025-03-23T08:55:00Z,10.0,1.0,both_options
2025-03-23T08:55:00Z,2025-03-23T09:55:00Z,10.0,1.0,both_options
2025-03-23T09:55:00Z,2025-03-23T10:18:00Z,9.0,0.38333333333333336,both_options
2025-03-23T10:18:00Z,2025-03-23T10:55:00Z,5.0,0.6166666666666667,both_options
2025-03-23T10:55:00Z,2025-03-23T11:55:00Z,7.0,1.0,both_options
2025-03-23T11:55:00Z,2025-03-23T12:41:00Z,6.0,0.7666666666666667,both_options
2025-03-23T12:41:00Z,2025-03-23T12:55:00Z,5.0,0.23333333333333334,both_options
2025-03-23T12:55:00Z,2025-03-23T13:02:00Z,5.0,0.11666666666666667,both_options
2025-03-23T13:02:00Z,2025-03-23T13:55:00Z,5.0,0.8833333333333333,both_options
2025-03-23T13:55:00Z,2025-03-23T14:05:00Z,6.0,0.16666666666666666,both_options
2025-03-23T14:05:00Z,2025-03-23T14:53:00Z,6.0,0.8,both_options
2025-03-23T14:53:00Z,2025-03-23T14:55:00Z,4.0,0.03333333333333333,both_options
2025-03-23T14:55:00Z,2025-03-23T15:08:00Z,4.0,0.21666666666666667,both_options
2025-03-23T15:08:00Z,2025-03-23T15:55:00Z,5.0,0.7833333333333333,both_options
2025-03-23T15:55:00Z,2025-03-23T16:12:00Z,6.0,0.2833333333333333,both_options
2025-03-23T16:12:00Z,2025-03-23T16:33:00Z,4.0,0.35,both_options
2025-03-23T16:33:00Z,2025-03-23T16:55:00Z,5.0,0.36666666666666664,both_options
2025-03-23T16:55:00Z,2025-03-23T17:11:00Z,4.0,0.26666666666666666,both_options
2025-03-23T17:11:00Z,2025-03-23T17:23:00Z,5.0,0.2,both_options
2025-03-23T17:23:00Z,2025-03-23T17:55:00Z,8.0,0.5333333333333333,both_options
2025-03-23T17:55:00Z,2025-03-23T18:05:00Z,4.0,0.16666666666666666,both_options
2025-03-23T18:05:00Z,2025-03-23T18:36:00Z,2.5,0.5166666666666667,both_options
2025-03-23T18:36:00Z,2025-03-23T18:55:00Z,4.0,0.31666666666666665,both_options
2025-03-23T18:55:00Z,2025-03-23T19:50:00Z,5.0,0.9166666666666666,both_options
2025-03-23T19:50:00Z,2025-03-23T19:55:00Z,2.5,0.08333333333333333,both_options
2025-03-23T19:55:00Z,2025-03-23T20:04:00Z,4.0,0.15,both_options
2025-03-23T20:04:00Z,2025-03-23T20:39:00Z,3.0,0.5833333333333334,both_options
2025-03-23T20:39:00Z,2025-03-23T20:55:00Z,6.0,0.26666666666666666,both_options
2025-03-23T20:55:00Z,2025-03-23T21:45:00Z,8.0,0.8333333333333334,both_options
2025-03-23T21:45:00Z,2025-03-23T21:55:00Z,6.0,0.16666666666666666,both_options
2025-03-23T21:55:00Z,2025-03-23T22:55:00Z,4.0,1.0,both_options
2025-03-23T22:55:00Z,2025-03-23T23:04:00Z,7.0,0.15,both_options
2025-03-23T23:04:00Z,2025-03-23T23:14:00Z,7.0,0.16666666666666666,both_options
2025-03-23T23:14:00Z,2025-03-23T23:55:00Z,6.0,0.6833333333333333,both_options
2025-03-23T23:55:00Z,2025-03-24T00:55:00Z,4.0,1.0,both_options
2025-03-24T00:55:00Z,2025-03-24T01:16:00Z,5.0,0.35,both_options
2025-03-24T01:16:00Z,2025-03-24T01:55:00Z,2.0,0.65,both_options
2025-03-24T01:55:00Z,2025-03-24T02:05:00Z,2.5,0.16666666666666666,both_options
2025-03-24T02:05:00Z,2025-03-24T02:20:00Z,1.75,0.25,both_options
2025-03-24T02:20:00Z,2025-03-24T02:30:00Z,2.5,0.16666666666666666,both_options
2025-03-24T02:30:00Z,2025-03-24T02:55:00Z,3.0,0.4166666666666667,both_options
2025-03-24T02:55:00Z,2025-03-24T03:05:00Z,3.0,0.16666666666666666,both_options
2025-03-24T03:05:00Z,2025-03-24T03:21:00Z,2.5,0.26666666666666666,both_options
2025-03-24T03:21:00Z,2025-03-24T03:55:00Z,3.0,0.5666666666666667,both_options
2025-03-24T03:55:00Z,2025-03-24T04:09:00Z,4.0,0.23333333333333334,both_options
2025-03-24T04:09:00Z,2025-03-24T04:18:00Z,2.0,0.15,both_options
2025-03-24T04:18:00Z,2025-03-24T04:47:00Z,1.5,0.48333333333333334,both_options
2025-03-24T04:47:00Z,2025-03-24T04:55:00Z,2.0,0.13333333333333333,both_options
2025-03-24T04:55:00Z,2025-03-24T05:31:00Z,2.0,0.6,both_options
2025-03-24T05:31:00Z,2025-03-24T05:48:00Z,1.5,0.2833333333333333,both_options
2025-03-24T05:48:00Z,2025-03-24T05:55:00Z,2.0,0.11666666666666667,both_options
2025-03-24T05:55:00Z,2025-03-24T06:26:00Z,2.5,0.5166666666666667,both_options
2025-03-24T06:26:00Z,2025-03-24T06:46:00Z,1.75,0.3333333333333333,both_options
2025-03-24T06:46:00Z,2025-03-24T06:55:00Z,2.0,0.15,both_options
2025-03-24T06:55:00Z,2025-03-24T07:15:00Z,2.0,0.3333333333333333,both_options
2025-03-24T07:15:00Z,2025-03-24T07:38:00Z,2.5,0.38333333333333336,both_options
2025-03-24T07:38:00Z,2025-03-24T07:55:00Z,4.0,0.2833333333333333,both_options
2025-03-24T07:55:00Z,2025-03-24T08:09:00Z,2.5,0.23333333333333334,both_options
2025-03-24T08:09:00Z,2025-03-24T08:16:00Z,3.0,0.11666666666666667,both_options
2025-03-24T08:16:00Z,2025-03-24T08:37:00Z,2.0,0.35,both_options
2025-03-24T08:37:00Z,2025-03-24T08:53:00Z,3.0,0.26666666666666666,both_options
2025-03-24T08:53:00Z,2025-03-24T08:55:00Z,2.5,0.03333333333333333,both_options
2025-03-24T08:55:00Z,2025-03-24T09:04:00Z,2.5,0.15,both_options
2025-03-24T09:04:00Z,2025-03-24T09:55:00Z,3.0,0.85,both_options
2025-03-24T09:55:00Z,2025-03-24T10:04:00Z,3.0,0.15,both_options
2025-03-24T10:04:00Z,2025-03-24T10:17:00Z,2.5,0.21666666666666667,both_options
2025-03-24T10:17:00Z,2025-03-24T10:55:00Z,2.0,0.6333333333333333,both_options
2025-03-24T10:55:00Z,2025-03-24T11:02:00Z,2.5,0.11666666666666667,both_options
2025-03-24T11:02:00Z,2025-03-24T11:11:00Z,3.0,0.15,both_options
2025-03-24T11:11:00Z,2025-03-24T11:55:00Z,4.0,0.7333333333333333,both_options
2025-03-24T11:55:00Z,2025-03-24T12:55:00Z,4.0,1.0,both_options
2025-03-24T12:55:00Z,2025-03-24T13:55:00Z,5.0,1.0,both_options
2025-03-24T13:55:00Z,2025-03-24T14:17:00Z,6.0,0.36666666666666664,both_options
2025-03-24T14:17:00Z,2025-03-24T14:28:00Z,1.75,0.18333333333333332,both_options
2025-03-24T14:28:00Z,2025-03-24T14:35:00Z,2.5,0.11666666666666667,both_options
2025-03-24T14:35:00Z,2025-03-24T14:55:00Z,4.0,0.3333333333333333,both_options
2025-03-24T14:55:00Z,2025-03-24T15:53:00Z,5.0,0.9666666666666667,both_options
2025-03-24T15:53:00Z,2025-03-24T15:55:00Z,5.0,0.03333333333333333,both_options
2025-03-24T15:55:00Z,2025-03-24T16:16:00Z,5.0,0.35,both_options
2025-03-24T16:16:00Z,2025-03-24T16:55:00Z,5.0,0.65,both_options
2025-03-24T16:55:00Z,2025-03-24T17:55:00Z,8.0,1.0,both_options
2025-03-24T17:55:00Z,2025-03-24T18:55:00Z,8.0,1.0,both_options
2025-03-24T18:55:00Z,2025-03-24T19:24:00Z,8.0,0.48333333333333334,both_options
2025-03-24T19:24:00Z,2025-03-24T19:45:00Z,8.0,0.35,both_options
2025-03-24T19:45:00Z,2025-03-24T19:48:00Z,8.0,0.05,both_options
2025-03-24T19:48:00Z,2025-03-24T19:55:00Z,9.0,0.11666666666666667,both_options
2025-03-24T19:55:00Z,2025-03-24T20:55:00Z,10.0,1.0,both_options
2025-03-24T20:55:00Z,2025-03-24T21:55:00Z,8.0,1.0,both_options
2025-03-24T21:55:00Z,2025-03-24T22:55:00Z,10.0,1.0,both_options
2025-03-24T22:55:00Z,2025-03-24T23:14:00Z,10.0,0.31666666666666665,both_options
2025-03-24T23:14:00Z,2025-03-24T23:55:00Z,9.0,0.6833333333333333,both_options
2025-03-24T23:55:00Z,2025-03-25T00:55:00Z,8.0,1.0,both_options
2025-03-25T00:55:00Z,2025-03-25T01:40:00Z,10.0,0.75,both_options
2025-03-25T01:40:00Z,2025-03-25T01:55:00Z,10.0,0.25,both_options
2025-03-25T01:55:00Z,2025-03-25T02:16:00Z,10.0,0.35,both_options
2025-03-25T02:16:00Z,2025-03-25T02:55:00Z,10.0,0.65,both_options
2025-03-25T02:55:00Z,2025-03-25T03:55:00Z,10.0,1.0,both_options
2025-03-25T03:55:00Z,2025-03-25T04:32:00Z,10.0,0.6166666666666667,both_options
2025-03-25T04:32:00Z,2025-03-25T04:41:00Z,1.75,0.15,both_options
2025-03-25T04:41:00Z,2025-03-25T04:51:00Z,1.0,0.16666666666666666,both_options
2025-03-25T04:51:00Z,2025-03-25T04:55:00Z,0.75,0.06666666666666667,lower_only
2025-03-25T04:55:00Z,2025-03-25T05:25:00Z,0.75,0.5,lower_only
2025-03-25T05:25:00Z,2025-03-25T05:28:00Z,1.5,0.05,both_options
2025-03-25T05:28:00Z,2025-03-25T05:38:00Z,2.0,0.16666666666666666,both_options
2025-03-25T05:38:00Z,2025-03-25T05:55:00Z,3.0,0.2833333333333333,both_options
2025-03-25T05:55:00Z,2025-03-25T06:06:00Z,6.0,0.18333333333333332,both_options
2025-03-25T06:06:00Z,2025-03-25T06:23:00Z,7.0,0.2833333333333333,both_options
2025-03-25T06:23:00Z,2025-03-25T06:47:00Z,1.75,0.4,both_options
2025-03-25T06:47:00Z,2025-03-25T06:55:00Z,3.0,0.13333333333333333,both_options
2025-03-25T06:55:00Z,2025-03-25T07:55:00Z,4.0,1.0,both_options
2025-03-25T07:55:00Z,2025-03-25T08:05:00Z,1.75,0.16666666666666666,both_options
2025-03-25T08:05:00Z,2025-03-25T08:21:00Z,1.25,0.26666666666666666,both_options
2025-03-25T08:21:00Z,2025-03-25T08:44:00Z,0.75,0.38333333333333336,lower_only
2025-03-25T08:44:00Z,2025-03-25T08:55:00Z,0.25,0.18333333333333332,neither_option
2025-03-25T08:55:00Z,2025-03-25T09:55:00Z,0.25,1.0,neither_option
2025-03-25T09:55:00Z,2025-03-25T10:55:00Z,0.25,1.0,neither_option
2025-03-25T10:55:00Z,2025-03-25T11:13:00Z,0.25,0.3,neither_option
2025-03-25T11:13:00Z,2025-03-25T11:45:00Z,0.5,0.5333333333333333,neither_option
2025-03-25T11:45:00Z,2025-03-25T11:55:00Z,0.25,0.16666666666666666,neither_option
2025-03-25T11:55:00Z,2025-03-25T12:55:00Z,0.25,1.0,neither_option
2025-03-25T12:55:00Z,2025-03-25T13:44:00Z,0.25,0.8166666666666667,neither_option
2025-03-25T13:44:00Z,2025-03-25T13:55:00Z,0.75,0.18333333333333332,lower_only
2025-03-25T13:55:00Z,2025-03-25T14:14:00Z,0.75,0.31666666666666665,lower_only
2025-03-25T14:14:00Z,2025-03-25T14:55:00Z,0.25,0.6833333333333333,neither_option
2025-03-25T14:55:00Z,2025-03-25T15:55:00Z,0.25,1.0,neither_option
2025-03-25T15:55:00Z,2025-03-25T16:42:00Z,0.25,0.7833333333333333,neither_option
2025-03-25T16:42:00Z,2025-03-25T16:53:00Z,0.5,0.18333333333333332,neither_option
2025-03-25T16:53:00Z,2025-03-25T16:55:00Z,0.25,0.03333333333333333,neither_option
2025-03-25T16:55:00Z,2025-03-25T17:46:00Z,0.25,0.85,neither_option
2025-03-25T17:46:00Z,2025-03-25T17:55:00Z,0.75,0.15,lower_only
2025-03-25T17:55:00Z,2025-03-25T18:06:00Z,1.5,0.18333333333333332,both_options
2025-03-25T18:06:00Z,2025-03-25T18:17:00Z,1.25,0.18333333333333332,both_options
2025-03-25T18:17:00Z,2025-03-25T18:25:00Z,2.0,0.13333333333333333,both_options
2025-03-25T18:25:00Z,2025-03-25T18:51:00Z,8.0,0.43333333333333335,both_options
2025-03-25T18:51:00Z,2025-03-25T18:55:00Z,10.0,0.06666666666666667,both_options
2025-03-25T18:55:00Z,2025-03-25T19:55:00Z,10.0,1.0,both_options
2025-03-25T19:55:00Z,2025-03-25T20:55:00Z,10.0,1.0,both_options
2025-03-25T20:55:00Z,2025-03-25T21:55:00Z,10.0,1.0,both_options
2025-03-25T21:55:00Z,2025-03-25T22:55:00Z,10.0,1.0,both_options
2025-03-25T22:55:00Z,2025-03-25T23:55:00Z,10.0,1.0,both_options
2025-03-25T23:55:00Z,2025-03-26T00:55:00Z,10.0,1.0,both_options
2025-03-26T00:55:00Z,2025-03-26T01:55:00Z,10.0,1.0,both_options
2025-03-26T01:55:00Z,2025-03-26T02:55:00Z,10.0,1.0,both_options
2025-03-26T02:55:00Z,2025-03-26T03:55:00Z,10.0,1.0,both_options
2025-03-26T03:55:00Z,2025-03-26T04:55:00Z,10.0,1.0,both_options
2025-03-26T04:55:00Z,2025-03-26T05:55:00Z,8.0,1.0,both_options
2025-03-26T05:55:00Z,2025-03-26T06:55:00Z,7.0,1.0,both_options
2025-03-26T06:55:00Z,2025-03-26T07:55:00Z,9.0,1.0,both_options
2025-03-26T07:55:00Z,2025-03-26T08:55:00Z,10.0,1.0,both_options
2025-03-26T08:55:00Z,2025-03-26T09:55:00Z,10.0,1.0,both_options
2025-03-26T09:55:00Z,2025-03-26T10:55:00Z,10.0,1.0,both_options
2025-03-26T10:55:00Z,2025-03-26T11:55:00Z,10.0,1.0,both_options
2025-03-26T11:55:00Z,2025-03-26T12:55:00Z,10.0,1.0,both_options
2025-03-26T12:55:00Z,2025-03-26T13:55:00Z,10.0,1.0,both_options
2025-03-26T13:55:00Z,2025-03-26T14:55:00Z,10.0,1.0,both_options
2025-03-26T14:55:00Z,2025-03-26T15:55:00Z,10.0,1.0,both_options
2025-03-26T15:55:00Z,2025-03-26T16:55:00Z,10.0,1.0,both_options
2025-03-26T16:55:00Z,2025-03-26T17:55:00Z,9.0,1.0,both_options
2025-03-26T17:55:00Z,2025-03-26T18:55:00Z,10.0,1.0,both_options
2025-03-26T18:55:00Z,2025-03-26T19:55:00Z,10.0,1.0,both_options
2025-03-26T19:55:00Z,2025-03-26T20:55:00Z,9.0,1.0,both_options
2025-03-26T20:55:00Z,2025-03-26T21:55:00Z,10.0,1.0,both_options
2025-03-26T21:55:00Z,2025-03-26T22:55:00Z,8.0,1.0,both_options
2025-03-26T22:55:00Z,2025-03-26T23:11:00Z,8.0,0.26666666666666666,both_options
2025-03-26T23:11:00Z,2025-03-26T23:46:00Z,7.0,0.5833333333333334,both_options
2025-03-26T23:46:00Z,2025-03-26T23:55:00Z,7.0,0.15,both_options
2025-03-26T23:55:00Z,2025-03-26T23:58:00Z,6.0,0.05,both_options
2025-03-26T23:58:00Z,2025-03-27T00:17:00Z,6.0,0.31666666666666665,both_options
2025-03-27T00:17:00Z,2025-03-27T00:55:00Z,8.0,0.6333333333333333,both_options
2025-03-27T00:55:00Z,2025-03-27T01:15:00Z,8.0,0.3333333333333333,both_options
2025-03-27T01:15:00Z,2025-03-27T01:55:00Z,9.0,0.6666666666666666,both_options
2025-03-27T01:55:00Z,2025-03-27T02:55:00Z,6.0,1.0,both_options
2025-03-27T02:55:00Z,2025-03-27T03:55:00Z,10.0,1.0,both_options
2025-03-27T03:55:00Z,2025-03-27T04:55:00Z,10.0,1.0,both_options
2025-03-27T04:55:00Z,2025-03-27T05:55:00Z,10.0,1.0,both_options
2025-03-27T05:55:00Z,2025-03-27T06:55:00Z,10.0,1.0,both_options
2025-03-27T06:55:00Z,2025-03-27T07:55:00Z,10.0,1.0,both_options
2025-03-27T07:55:00Z,2025-03-27T08:55:00Z,10.0,1.0,both_options
2025-03-27T08:55:00Z,2025-03-27T09:55:00Z,10.0,1.0,both_options
2025-03-27T09:55:00Z,2025-03-27T10:55:00Z,10.0,1.0,both_options
2025-03-27T10:55:00Z,2025-03-27T11:55:00Z,10.0,1.0,both_options
2025-03-27T11:55:00Z,2025-03-27T12:55:00Z,10.0,1.0,both_options
2025-03-27T12:55:00Z,2025-03-27T13:55:00Z,10.0,1.0,both_options
2025-03-27T13:55:00Z,2025-03-27T14:55:00Z,10.0,1.0,both_options
2025-03-27T14:55:00Z,2025-03-27T15:55:00Z,10.0,1.0,both_options
2025-03-27T15:55:00Z,2025-03-27T16:55:00Z,10.0,1.0,both_options
2025-03-27T16:55:00Z,2025-03-27T17:55:00Z,10.0,1.0,both_options
2025-03-27T17:55:00Z,2025-03-27T18:55:00Z,10.0,1.0,both_options
2025-03-27T18:55:00Z,2025-03-27T19:55:00Z,9.0,1.0,both_options
2025-03-27T19:55:00Z,2025-03-27T20:55:00Z,8.0,1.0,both_options
2025-03-27T20:55:00Z,2025-03-27T21:55:00Z,8.0,1.0,both_options
2025-03-27T21:55:00Z,2025-03-27T22:55:00Z,4.0,1.0,both_options
2025-03-27T22:55:00Z,2025-03-27T23:55:00Z,10.0,1.0,both_options
2025-03-27T23:55:00Z,2025-03-28T00:55:00Z,10.0,1.0,both_options
2025-03-28T00:55:00Z,2025-03-28T01:55:00Z,5.0,1.0,both_options
2025-03-28T01:55:00Z,2025-03-28T02:02:00Z,9.0,0.11666666666666667,both_options
2025-03-28T02:02:00Z,2025-03-28T02:55:00Z,10.0,0.8833333333333333,both_options
2025-03-28T02:55:00Z,2025-03-28T03:55:00Z,10.0,1.0,both_options
2025-03-28T03:55:00Z,2025-03-28T04:45:00Z,4.0,0.8333333333333334,both_options
2025-03-28T04:45:00Z,2025-03-28T04:55:00Z,5.0,0.16666666666666666,both_options
2025-03-28T04:55:00Z,2025-03-28T05:55:00Z,6.0,1.0,both_options
2025-03-28T05:55:00Z,2025-03-28T06:55:00Z,8.0,1.0,both_options
2025-03-28T06:55:00Z,2025-03-28T07:55:00Z,5.0,1.0,both_options
2025-03-28T07:55:00Z,2025-03-28T08:11:00Z,3.0,0.26666666666666666,both_options
2025-03-28T08:11:00Z,2025-03-28T08:52:00Z,5.0,0.6833333333333333,both_options
2025-03-28T08:52:00Z,2025-03-28T08:55:00Z,6.0,0.05,both_options
2025-03-28T08:55:00Z,2025-03-28T09:47:00Z,6.0,0.8666666666666667,both_options
2025-03-28T09:47:00Z,2025-03-28T09:55:00Z,6.0,0.13333333333333333,both_options
2025-03-28T09:55:00Z,2025-03-28T10:03:00Z,7.0,0.13333333333333333,both_options
2025-03-28T10:03:00Z,2025-03-28T10:55:00Z,7.0,0.8666666666666667,both_options
2025-03-28T10:55:00Z,2025-03-28T11:55:00Z,5.0,1.0,both_options
2025-03-28T11:55:00Z,2025-03-28T12:55:00Z,8.0,1.0,both_options
2025-03-28T12:55:00Z,2025-03-28T13:25:00Z,6.0,0.5,both_options
2025-03-28T13:25:00Z,2025-03-28T13:55:00Z,5.0,0.5,both_options
2025-03-28T13:55:00Z,2025-03-28T14:55:00Z,7.0,1.0,both_options
2025-03-28T14:55:00Z,2025-03-28T15:37:00Z,6.0,0.7,both_options
2025-03-28T15:37:00Z,2025-03-28T15:46:00Z,1.75,0.15,both_options
2025-03-28T15:46:00Z,2025-03-28T15:49:00Z,1.75,0.05,both_options
2025-03-28T15:49:00Z,2025-03-28T15:55:00Z,3.0,0.1,both_options
2025-03-28T15:55:00Z,2025-03-28T16:15:00Z,5.0,0.3333333333333333,both_options
2025-03-28T16:15:00Z,2025-03-28T16:28:00Z,4.0,0.21666666666666667,both_options
2025-03-28T16:28:00Z,2025-03-28T16:55:00Z,5.0,0.45,both_options
2025-03-28T16:55:00Z,2025-03-28T17:23:00Z,6.0,0.4666666666666667,both_options
2025-03-28T17:23:00Z,2025-03-28T17:35:00Z,7.0,0.2,both_options
2025-03-28T17:35:00Z,2025-03-28T17:48:00Z,6.0,0.21666666666666667,both_options
2025-03-28T17:48:00Z,2025-03-28T17:55:00Z,7.0,0.11666666666666667,both_options
2025-03-28T17:55:00Z,2025-03-28T18:25:00Z,7.0,0.5,both_options
2025-03-28T18:25:00Z,2025-03-28T18:41:00Z,6.0,0.26666666666666666,both_options
2025-03-28T18:41:00Z,2025-03-28T18:55:00Z,2.0,0.23333333333333334,both_options
2025-03-28T18:55:00Z,2025-03-28T19:15:00Z,4.0,0.3333333333333333,both_options
2025-03-28T19:15:00Z,2025-03-28T19:22:00Z,2.5,0.11666666666666667,both_options
2025-03-28T19:22:00Z,2025-03-28T19:55:00Z,3.0,0.55,both_options
2025-03-28T19:55:00Z,2025-03-28T20:52:00Z,4.0,0.95,both_options
2025-03-28T20:52:00Z,2025-03-28T20:55:00Z,8.0,0.05,both_options
2025-03-28T20:55:00Z,2025-03-28T21:55:00Z,8.0,1.0,both_options
2025-03-28T21:55:00Z,2025-03-28T22:43:00Z,8.0,0.8,both_options
2025-03-28T22:43:00Z,2025-03-28T22:55:00Z,8.0,0.2,both_options
2025-03-28T22:55:00Z,2025-03-28T23:36:00Z,8.0,0.6833333333333333,both_options
2025-03-28T23:36:00Z,2025-03-28T23:55:00Z,8.0,0.31666666666666665,both_options
2025-03-28T23:55:00Z,2025-03-29T00:03:00Z,8.0,0.13333333333333333,both_options
2025-03-29T00:03:00Z,2025-03-29T00:26:00Z,8.0,0.38333333333333336,both_options
2025-03-29T00:26:00Z,2025-03-29T00:52:00Z,8.0,0.43333333333333335,both_options
2025-03-29T00:52:00Z,2025-03-29T00:55:00Z,8.0,0.05,both_options
2025-03-29T00:55:00Z,2025-03-29T01:14:00Z,8.0,0.31666666666666665,both_options
2025-03-29T01:14:00Z,2025-03-29T01:55:00Z,8.0,0.6833333333333333,both_options
2025-03-29T01:55:00Z,2025-03-29T02:55:00Z,8.0,1.0,both_options
2025-03-29T02:55:00Z,2025-03-29T03:36:00Z,9.0,0.6833333333333333,both_options
2025-03-29T03:36:00Z,2025-03-29T03:51:00Z,9.0,0.25,both_options
2025-03-29T03:51:00Z,2025-03-29T03:55:00Z,9.0,0.06666666666666667,both_options
2025-03-29T03:55:00Z,2025-03-29T04:08:00Z,9.0,0.21666666666666667,both_options
2025-03-29T04:08:00Z,2025-03-29T04:41:00Z,10.0,0.55,both_options
2025-03-29T04:41:00Z,2025-03-29T04:48:00Z,10.0,0.11666666666666667,both_options
2025-03-29T04:48:00Z,2025-03-29T04:55:00Z,10.0,0.11666666666666667,both_options
2025-03-29T04:55:00Z,2025-03-29T05:23:00Z,10.0,0.4666666666666667,both_options
2025-03-29T05:23:00Z,2025-03-29T05:55:00Z,9.0,0.5333333333333333,both_options
2025-03-29T05:55:00Z,2025-03-29T06:17:00Z,10.0,0.36666666666666664,both_options
2025-03-29T06:17:00Z,2025-03-29T06:55:00Z,5.0,0.6333333333333333,both_options
2025-03-29T06:55:00Z,2025-03-29T07:55:00Z,9.0,1.0,both_options
2025-03-29T07:55:00Z,2025-03-29T08:02:00Z,4.0,0.11666666666666667,both_options
2025-03-29T08:02:00Z,2025-03-29T08:05:00Z,2.5,0.05,both_options
2025-03-29T08:05:00Z,2025-03-29T08:55:00Z,3.0,0.8333333333333334,both_options
2025-03-29T08:55:00Z,2025-03-29T09:55:00Z,9.0,1.0,both_options
2025-03-29T09:55:00Z,2025-03-29T10:20:00Z,10.0,0.4166666666666667,both_options
2025-03-29T10:20:00Z,2025-03-29T10:55:00Z,9.0,0.5833333333333334,both_options
2025-03-29T10:55:00Z,2025-03-29T11:10:00Z,10.0,0.25,both_options
2025-03-29T11:10:00Z,2025-03-29T11:17:00Z,10.0,0.11666666666666667,both_options
2025-03-29T11:17:00Z,2025-03-29T11:55:00Z,10.0,0.6333333333333333,both_options
2025-03-29T11:55:00Z,2025-03-29T12:28:00Z,10.0,0.55,both_options
2025-03-29T12:28:00Z,2025-03-29T12:55:00Z,10.0,0.45,both_options
2025-03-29T12:55:00Z,2025-03-29T13:09:00Z,10.0,0.23333333333333334,both_options
2025-03-29T13:09:00Z,2025-03-29T13:55:00Z,7.0,0.7666666666666667,both_options
2025-03-29T13:55:00Z,2025-03-29T14:55:00Z,10.0,1.0,both_options
2025-03-29T14:55:00Z,2025-03-29T15:55:00Z,9.0,1.0,both_options
2025-03-29T15:55:00Z,2025-03-29T16:55:00Z,10.0,1.0,both_options
2025-03-29T16:55:00Z,2025-03-29T17:52:00Z,10.0,0.95,both_options
2025-03-29T17:52:00Z,2025-03-29T17:55:00Z,10.0,0.05,both_options
2025-03-29T17:55:00Z,2025-03-29T18:05:00Z,10.0,0.16666666666666666,both_options
2025-03-29T18:05:00Z,2025-03-29T18:55:00Z,10.0,0.8333333333333334,both_options
2025-03-29T18:55:00Z,2025-03-29T19:55:00Z,10.0,1.0,both_options
2025-03-29T19:55:00Z,2025-03-29T20:55:00Z,10.0,1.0,both_options
2025-03-29T20:55:00Z,2025-03-29T21:55:00Z,10.0,1.0,both_options
2025-03-29T21:55:00Z,2025-03-29T22:55:00Z,10.0,1.0,both_options
2025-03-29T22:55:00Z,2025-03-29T23:55:00Z,10.0,1.0,both_options
2025-03-29T23:55:00Z,2025-03-30T00:55:00Z,10.0,1.0,both_options
2025-03-30T00:55:00Z,2025-03-30T01:55:00Z,10.0,1.0,both_options
2025-03-30T01:55:00Z,2025-03-30T02:55:00Z,10.0,1.0,both_options
2025-03-30T02:55:00Z,2025-03-30T03:55:00Z,10.0,1.0,both_options
2025-03-30T03:55:00Z,2025-03-30T04:55:00Z,10.0,1.0,both_options
2025-03-30T04:55:00Z,2025-03-30T05:55:00Z,10.0,1.0,both_options
2025-03-30T05:55:00Z,2025-03-30T06:55:00Z,10.0,1.0,both_options
2025-03-30T06:55:00Z,2025-03-30T07:55:00Z,10.0,1.0,both_options
2025-03-30T07:55:00Z,2025-03-30T08:55:00Z,10.0,1.0,both_options
2025-03-30T08:55:00Z,2025-03-30T09:55:00Z,10.0,1.0,both_options
2025-03-30T09:55:00Z,2025-03-30T10:55:00Z,10.0,1.0,both_options
2025-03-30T10:55:00Z,2025-03-30T11:55:00Z,10.0,1.0,both_options
2025-03-30T11:55:00Z,2025-03-30T12:55:00Z,10.0,1.0,both_options
2025-03-30T12:55:00Z,2025-03-30T13:55:00Z,10.0,1.0,both_options
2025-03-30T13:55:00Z,2025-03-30T14:55:00Z,10.0,1.0,both_options
2025-03-30T14:55:00Z,2025-03-30T15:55:00Z,10.0,1.0,both_options
2025-03-30T15:55:00Z,2025-03-30T16:55:00Z,10.0,1.0,both_options
2025-03-30T16:55:00Z,2025-03-30T17:55:00Z,10.0,1.0,both_options
2025-03-30T17:55:00Z,2025-03-30T18:55:00Z,10.0,1.0,both_options
2025-03-30T18:55:00Z,2025-03-30T19:55:00Z,10.0,1.0,both_options
2025-03-30T19:55:00Z,2025-03-30T20:55:00Z,10.0,1.0,both_options
2025-03-30T20:55:00Z,2025-03-30T21:55:00Z,10.0,1.0,both_options
2025-03-30T21:55:00Z,2025-03-30T22:55:00Z,10.0,1.0,both_options
2025-03-30T22:55:00Z,2025-03-30T23:55:00Z,10.0,1.0,both_options
2025-03-30T23:55:00Z,2025-03-31T00:55:00Z,4.0,1.0,both_options
2025-03-31T00:55:00Z,2025-03-31T01:11:00Z,4.0,0.26666666666666666,both_options
2025-03-31T01:11:00Z,2025-03-31T01:14:00Z,3.0,0.05,both_options
2025-03-31T01:14:00Z,2025-03-31T01:30:00Z,2.5,0.26666666666666666,both_options
2025-03-31T01:30:00Z,2025-03-31T01:33:00Z,2.5,0.05,both_options
2025-03-31T01:33:00Z,2025-03-31T01:55:00Z,3.0,0.36666666666666664,both_options
2025-03-31T01:55:00Z,2025-03-31T02:43:00Z,3.0,0.8,both_options
2025-03-31T02:43:00Z,2025-03-31T02:55:00Z,4.0,0.2,both_options
2025-03-31T02:55:00Z,2025-03-31T03:48:00Z,5.0,0.8833333333333333,both_options
2025-03-31T03:48:00Z,2025-03-31T03:55:00Z,9.0,0.11666666666666667,both_options
2025-03-31T03:55:00Z,2025-03-31T04:55:00Z,6.0,1.0,both_options
2025-03-31T04:55:00Z,2025-03-31T05:20:00Z,10.0,0.4166666666666667,both_options
2025-03-31T05:20:00Z,2025-03-31T05:41:00Z,10.0,0.35,both_options
2025-03-31T05:41:00Z,2025-03-31T05:55:00Z,7.0,0.23333333333333334,both_options
2025-03-31T05:55:00Z,2025-03-31T06:16:00Z,10.0,0.35,both_options
2025-03-31T06:16:00Z,2025-03-31T06:55:00Z,10.0,0.65,both_options
2025-03-31T06:55:00Z,2025-03-31T07:55:00Z,10.0,1.0,both_options
2025-03-31T07:55:00Z,2025-03-31T08:47:00Z,10.0,0.8666666666666667,both_options
2025-03-31T08:47:00Z,2025-03-31T08:55:00Z,4.0,0.13333333333333333,both_options
2025-03-31T08:55:00Z,2025-03-31T09:55:00Z,4.0,1.0,both_options
2025-03-31T09:55:00Z,2025-03-31T10:55:00Z,10.0,1.0,both_options
2025-03-31T10:55:00Z,2025-03-31T11:55:00Z,10.0,1.0,both_options
2025-03-31T11:55:00Z,2025-03-31T12:55:00Z,10.0,1.0,both_options
2025-03-31T12:55:00Z,2025-03-31T13:55:00Z,10.0,1.0,both_options
2025-03-31T13:55:00Z,2025-03-31T14:55:00Z,10.0,1.0,both_options
2025-03-31T14:55:00Z,2025-03-31T15:55:00Z,8.0,1.0,both_options
2025-03-31T15:55:00Z,2025-03-31T16:55:00Z,10.0,1.0,both_options
2025-03-31T16:55:00Z,2025-03-31T17:26:00Z,10.0,0.5166666666666667,both_options
2025-03-31T17:26:00Z,2025-03-31T17:40:00Z,7.0,0.23333333333333334,both_options
2025-03-31T17:40:00Z,2025-03-31T17:55:00Z,10.0,0.25,both_options
2025-03-31T17:55:00Z,2025-03-31T18:02:00Z,4.0,0.11666666666666667,both_options
2025-03-31T18:02:00Z,2025-03-31T18:55:00Z,4.0,0.8833333333333333,both_options
2025-03-31T18:55:00Z,2025-03-31T19:16:00Z,10.0,0.35,both_options
2025-03-31T19:16:00Z,2025-03-31T19:55:00Z,10.0,0.65,both_options
2025-03-31T19:55:00Z,2025-03-31T20:47:00Z,10.0,0.8666666666666667,both_options
2025-03-31T20:47:00Z,2025-03-31T20:55:00Z,5.0,0.13333333333333333,both_options
2025-03-31T20:55:00Z,2025-03-31T21:33:00Z,8.0,0.6333333333333333,both_options
2025-03-31T21:33:00Z,2025-03-31T21:55:00Z,10.0,0.36666666666666664,both_options
2025-03-31T21:55:00Z,2025-03-31T22:55:00Z,10.0,1.0,both_options
2025-03-31T22:55:00Z,2025-03-31T23:55:00Z,10.0,1.0,both_options
2025-03-31T23:55:00Z,2025-04-01T00:55:00Z,10.0,1.0,both_options
2025-04-01T00:55:00Z,2025-04-01T01:55:00Z,10.0,1.0,both_options
2025-04-01T01:55:00Z,2025-04-01T02:55:00Z,10.0,1.0,both_options
2025-04-01T02:55:00Z,2025-04-01T03:55:00Z,10.0,1.0,both_options
2025-04-01T03:55:00Z,2025-04-01T04:55:00Z,10.0,1.0,both_options
2025-04-01T04:55:00Z,2025-04-01T05:55:00Z,10.0,1.0,both_options
2025-04-01T05:55:00Z,2025-04-01T06:55:00Z,10.0,1.0,both_options
2025-04-01T06:55:00Z,2025-04-01T07:55:00Z,10.0,1.0,both_options
2025-04-01T07:55:00Z,2025-04-01T08:51:00Z,10.0,0.9333333333333333,both_options
2025-04-01T08:51:00Z,2025-04-01T08:55:00Z,10.0,0.06666666666666667,both_options
2025-04-01T08:55:00Z,2025-04-01T09:55:00Z,10.0,1.0,both_options
2025-04-01T09:55:00Z,2025-04-01T10:55:00Z,10.0,1.0,both_options
2025-04-01T10:55:00Z,2025-04-01T11:55:00Z,10.0,1.0,both_options
2025-04-01T11:55:00Z,2025-04-01T12:04:00Z,10.0,0.15,both_options
2025-04-01T12:04:00Z,2025-04-01T12:55:00Z,10.0,0.85,both_options
2025-04-01T12:55:00Z,2025-04-01T13:55:00Z,6.0,1.0,both_options
2025-04-01T13:55:00Z,2025-04-01T14:07:00Z,9.0,0.2,both_options
2025-04-01T14:07:00Z,2025-04-01T14:17:00Z,7.0,0.16666666666666666,both_options
2025-04-01T14:17:00Z,2025-04-01T14:19:00Z,1.75,0.03333333333333333,both_options
2025-04-01T14:19:00Z,2025-04-01T14:30:00Z,0.75,0.18333333333333332,lower_only
2025-04-01T14:30:00Z,2025-04-01T14:55:00Z,0.25,0.4166666666666667,neither_option
2025-04-01T14:55:00Z,2025-04-01T15:24:00Z,0.25,0.48333333333333334,neither_option
2025-04-01T15:24:00Z,2025-04-01T15:55:00Z,0.25,0.5166666666666667,neither_option
2025-04-01T15:55:00Z,2025-04-01T16:02:00Z,0.25,0.11666666666666667,neither_option
2025-04-01T16:02:00Z,2025-04-01T16:08:00Z,0.25,0.1,neither_option
2025-04-01T16:08:00Z,2025-04-01T16:23:00Z,1.0,0.25,both_options
2025-04-01T16:23:00Z,2025-04-01T16:30:00Z,2.0,0.11666666666666667,both_options
2025-04-01T16:30:00Z,2025-04-01T16:39:00Z,8.0,0.15,both_options
2025-04-01T16:39:00Z,2025-04-01T16:55:00Z,10.0,0.26666666666666666,both_options
2025-04-01T16:55:00Z,2025-04-01T17:55:00Z,10.0,1.0,both_options
2025-04-01T17:55:00Z,2025-04-01T18:55:00Z,10.0,1.0,both_options
2025-04-01T18:55:00Z,2025-04-01T19:42:00Z,10.0,0.7833333333333333,both_options
2025-04-01T19:42:00Z,2025-04-01T19:55:00Z,10.0,0.21666666666666667,both_options
2025-04-01T19:55:00Z,2025-04-01T20:55:00Z,10.0,1.0,both_options
2025-04-01T20:55:00Z,2025-04-01T21:55:00Z,10.0,1.0,both_options
2025-04-01T21:55:00Z,2025-04-01T22:55:00Z,10.0,1.0,both_options
2025-04-01T22:55:00Z,2025-04-01T23:15:00Z,10.0,0.3333333333333333,both_options
2025-04-01T23:15:00Z,2025-04-01T23:55:00Z,10.0,0.6666666666666666,both_options
2025-04-01T23:55:00Z,2025-04-02T00:55:00Z,10.0,1.0,both_options
2025-04-02T00:55:00Z,2025-04-02T01:03:00Z,10.0,0.13333333333333333,both_options
2025-04-02T01:03:00Z,2025-04-02T01:22:00Z,10.0,0.31666666666666665,both_options
2025-04-02T01:22:00Z,2025-04-02T01:55:00Z,10.0,0.55,both_options
2025-04-02T01:55:00Z,2025-04-02T02:55:00Z,10.0,1.0,both_options
2025-04-02T02:55:00Z,2025-04-02T03:55:00Z,10.0,1.0,both_options
2025-04-02T03:55:00Z,2025-04-02T04:55:00Z,10.0,1.0,both_options
2025-04-02T04:55:00Z,2025-04-02T05:55:00Z,9.0,1.0,both_options
2025-04-02T05:55:00Z,2025-04-02T06:55:00Z,10.0,1.0,both_options
2025-04-02T06:55:00Z,2025-04-02T07:55:00Z,10.0,1.0,both_options
2025-04-02T07:55:00Z,2025-04-02T08:55:00Z,10.0,1.0,both_options
2025-04-02T08:55:00Z,2025-04-02T09:55:00Z,9.0,1.0,both_options
2025-04-02T09:55:00Z,2025-04-02T10:55:00Z,10.0,1.0,both_options
2025-04-02T10:55:00Z,2025-04-02T11:55:00Z,10.0,1.0,both_options
2025-04-02T11:55:00Z,2025-04-02T12:55:00Z,10.0,1.0,both_options
2025-04-02T12:55:00Z,2025-04-02T13:55:00Z,9.0,1.0,both_options
2025-04-02T13:55:00Z,2025-04-02T14:55:00Z,10.0,1.0,both_options
2025-04-02T14:55:00Z,2025-04-02T15:55:00Z,9.0,1.0,both_options
2025-04-02T15:55:00Z,2025-04-02T16:55:00Z,9.0,1.0,both_options
2025-04-02T16:55:00Z,2025-04-02T17:11:00Z,10.0,0.26666666666666666,both_options
2025-04-02T17:11:00Z,2025-04-02T17:21:00Z,2.0,0.16666666666666666,both_options
2025-04-02T17:21:00Z,2025-04-02T17:55:00Z,9.0,0.5666666666666667,both_options
2025-04-02T17:55:00Z,2025-04-02T18:55:00Z,4.0,1.0,both_options
2025-04-02T18:55:00Z,2025-04-02T19:06:00Z,10.0,0.18333333333333332,both_options
2025-04-02T19:06:00Z,2025-04-02T19:55:00Z,10.0,0.8166666666666667,both_options
2025-04-02T19:55:00Z,2025-04-02T20:55:00Z,10.0,1.0,both_options
2025-04-02T20:55:00Z,2025-04-02T21:24:00Z,10.0,0.48333333333333334,both_options
2025-04-02T21:24:00Z,2025-04-02T21:55:00Z,10.0,0.5166666666666667,both_options
2025-04-02T21:55:00Z,2025-04-02T22:55:00Z,10.0,1.0,both_options
2025-04-02T22:55:00Z,2025-04-02T23:55:00Z,10.0,1.0,both_options
2025-04-02T23:55:00Z,2025-04-03T00:55:00Z,10.0,1.0,both_options
2025-04-03T00:55:00Z,2025-04-03T01:23:00Z,10.0,0.4666666666666667,both_options
2025-04-03T01:23:00Z,2025-04-03T01:42:00Z,9.0,0.31666666666666665,both_options
2025-04-03T01:42:00Z,2025-04-03T01:55:00Z,10.0,0.21666666666666667,both_options
2025-04-03T01:55:00Z,2025-04-03T02:41:00Z,10.0,0.7666666666666667,both_options
2025-04-03T02:41:00Z,2025-04-03T02:53:00Z,10.0,0.2,both_options
2025-04-03T02:53:00Z,2025-04-03T02:55:00Z,10.0,0.03333333333333333,both_options
2025-04-03T02:55:00Z,2025-04-03T03:14:00Z,10.0,0.31666666666666665,both_options
2025-04-03T03:14:00Z,2025-04-03T03:37:00Z,10.0,0.38333333333333336,both_options
2025-04-03T03:37:00Z,2025-04-03T03:47:00Z,10.0,0.16666666666666666,both_options
2025-04-03T03:47:00Z,2025-04-03T03:55:00Z,10.0,0.13333333333333333,both_options
2025-04-03T03:55:00Z,2025-04-03T04:12:00Z,10.0,0.2833333333333333,both_options
2025-04-03T04:12:00Z,2025-04-03T04:55:00Z,10.0,0.7166666666666667,both_options
2025-04-03T04:55:00Z,2025-04-03T05:55:00Z,10.0,1.0,both_options
2025-04-03T05:55:00Z,2025-04-03T06:55:00Z,10.0,1.0,both_options
2025-04-03T06:55:00Z,2025-04-03T07:55:00Z,10.0,1.0,both_options
2025-04-03T07:55:00Z,2025-04-03T08:55:00Z,10.0,1.0,both_options
2025-04-03T08:55:00Z,2025-04-03T09:55:00Z,10.0,1.0,both_options
2025-04-03T09:55:00Z,2025-04-03T10:37:00Z,10.0,0.7,both_options
2025-04-03T10:37:00Z,2025-04-03T10:55:00Z,9.0,0.3,both_options
2025-04-03T10:55:00Z,2025-04-03T11:55:00Z,10.0,1.0,both_options
2025-04-03T11:55:00Z,2025-04-03T12:06:00Z,10.0,0.18333333333333332,both_options
2025-04-03T12:06:00Z,2025-04-03T12:44:00Z,9.0,0.6333333333333333,both_options
2025-04-03T12:44:00Z,2025-04-03T12:55:00Z,10.0,0.18333333333333332,both_options
2025-04-03T12:55:00Z,2025-04-03T13:55:00Z,10.0,1.0,both_options
2025-04-03T13:55:00Z,2025-04-03T14:55:00Z,10.0,1.0,both_options
2025-04-03T14:55:00Z,2025-04-03T15:55:00Z,8.0,1.0,both_options
2025-04-03T15:55:00Z,2025-04-03T16:26:00Z,10.0,0.5166666666666667,both_options
2025-04-03T16:26:00Z,2025-04-03T16:55:00Z,10.0,0.48333333333333334,both_options
2025-04-03T16:55:00Z,2025-04-03T17:55:00Z,10.0,1.0,both_options
2025-04-03T17:55:00Z,2025-04-03T18:55:00Z,10.0,1.0,both_options
2025-04-03T18:55:00Z,2025-04-03T19:55:00Z,10.0,1.0,both_options
2025-04-03T19:55:00Z,2025-04-03T20:55:00Z,10.0,1.0,both_options
2025-04-03T20:55:00Z,2025-04-03T21:55:00Z,10.0,1.0,both_options
2025-04-03T21:55:00Z,2025-04-03T22:55:00Z,10.0,1.0,both_options
2025-04-03T22:55:00Z,2025-04-03T23:55:00Z,10.0,1.0,both_options
2025-04-03T23:55:00Z,2025-04-04T00:55:00Z,10.0,1.0,both_options
2025-04-04T00:55:00Z,2025-04-04T01:55:00Z,10.0,1.0,both_options
2025-04-04T01:55:00Z,2025-04-04T02:55:00Z,10.0,1.0,both_options
2025-04-04T02:55:00Z,2025-04-04T03:55:00Z,10.0,1.0,both_options
2025-04-04T03:55:00Z,2025-04-04T04:55:00Z,10.0,1.0,both_options
2025-04-04T04:55:00Z,2025-04-04T05:55:00Z,10.0,1.0,both_options
2025-04-04T06:55:00Z,2025-04-04T07:55:00Z,10.0,1.0,both_options
2025-04-04T07:55:00Z,2025-04-04T08:55:00Z,10.0,1.0,both_options
2025-04-04T08:55:00Z,2025-04-04T09:55:00Z,10.0,1.0,both_options
2025-04-04T09:55:00Z,2025-04-04T10:55:00Z,10.0,1.0,both_options
2025-04-04T10:55:00Z,2025-04-04T11:55:00Z,10.0,1.0,both_options
2025-04-04T11:55:00Z,2025-04-04T12:55:00Z,10.0,1.0,both_options
2025-04-04T12:55:00Z,2025-04-04T13:55:00Z,10.0,1.0,both_options
2025-04-04T13:55:00Z,2025-04-04T14:55:00Z,9.0,1.0,both_options
2025-04-04T14:55:00Z,2025-04-04T15:05:00Z,8.0,0.16666666666666666,both_options
2025-04-04T15:05:00Z,2025-04-04T15:14:00Z,7.0,0.15,both_options
2025-04-04T15:14:00Z,2025-04-04T15:30:00Z,4.0,0.26666666666666666,both_options
2025-04-04T15:30:00Z,2025-04-04T15:55:00Z,10.0,0.4166666666666667,both_options
2025-04-04T15:55:00Z,2025-04-04T16:55:00Z,10.0,1.0,both_options
2025-04-04T16:55:00Z,2025-04-04T17:55:00Z,10.0,1.0,both_options
2025-04-04T17:55:00Z,2025-04-04T18:55:00Z,10.0,1.0,both_options
2025-04-04T18:55:00Z,2025-04-04T19:55:00Z,10.0,1.0,both_options
2025-04-04T19:55:00Z,2025-04-04T20:55:00Z,10.0,1.0,both_options
2025-04-04T20:55:00Z,2025-04-04T21:55:00Z,10.0,1.0,both_options
2025-04-04T21:55:00Z,2025-04-04T22:55:00Z,10.0,1.0,both_options
2025-04-04T22:55:00Z,2025-04-04T23:55:00Z,10.0,1.0,both_options
2025-04-04T23:55:00Z,2025-04-05T00:55:00Z,10.0,1.0,both_options
2025-04-05T00:55:00Z,2025-04-05T01:55:00Z,10.0,1.0,both_options
2025-04-05T01:55:00Z,2025-04-05T02:55:00Z,10.0,1.0,both_options
2025-04-05T02:55:00Z,2025-04-05T03:55:00Z,10.0,1.0,both_options
2025-04-05T03:55:00Z,2025-04-05T04:55:00Z,10.0,1.0,both_options
2025-04-05T04:55:00Z,2025-04-05T05:55:00Z,10.0,1.0,both_options
2025-04-05T05:55:00Z,2025-04-05T06:55:00Z,10.0,1.0,both_options
2025-04-05T06:55:00Z,2025-04-05T07:55:00Z,10.0,1.0,both_options
2025-04-05T07:55:00Z,2025-04-05T08:55:00Z,10.0,1.0,both_options
2025-04-05T08:55:00Z,2025-04-05T09:55:00Z,10.0,1.0,both_options
2025-04-05T09:55:00Z,2025-04-05T10:55:00Z,10.0,1.0,both_options
2025-04-05T10:55:00Z,2025-04-05T11:55:00Z,10.0,1.0,both_options
2025-04-05T11:55:00Z,2025-04-05T12:55:00Z,10.0,1.0,both_options
2025-04-05T12:55:00Z,2025-04-05T13:55:00Z,10.0,1.0,both_options
2025-04-05T13:55:00Z,2025-04-05T14:55:00Z,10.0,1.0,both_options
2025-04-05T14:55:00Z,2025-04-05T15:55:00Z,10.0,1.0,both_options
2025-04-05T15:55:00Z,2025-04-05T16:55:00Z,10.0,1.0,both_options
2025-04-05T16:55:00Z,2025-04-05T17:55:00Z,10.0,1.0,both_options
2025-04-05T17:55:00Z,2025-04-05T18:55:00Z,10.0,1.0,both_options
2025-04-05T18:55:00Z,2025-04-05T19:55:00Z,10.0,1.0,both_options
2025-04-05T19:55:00Z,2025-04-05T20:55:00Z,10.0,1.0,both_options
2025-04-05T20:55:00Z,2025-04-05T21:55:00Z,10.0,1.0,both_options
2025-04-05T21:55:00Z,2025-04-05T22:55:00Z,10.0,1.0,both_options
2025-04-05T22:55:00Z,2025-04-05T23:55:00Z,10.0,1.0,both_options
2025-04-05T23:55:00Z,2025-04-06T00:55:00Z,10.0,1.0,both_options
2025-04-06T00:55:00Z,2025-04-06T01:55:00Z,10.0,1.0,both_options
2025-04-06T01:55:00Z,2025-04-06T02:55:00Z,10.0,1.0,both_options
2025-04-06T02:55:00Z,2025-04-06T03:55:00Z,10.0,1.0,both_options
2025-04-06T03:55:00Z,2025-04-06T04:55:00Z,10.0,1.0,both_options
2025-04-06T04:55:00Z,2025-04-06T05:55:00Z,10.0,1.0,both_options
2025-04-06T05:55:00Z,2025-04-06T06:55:00Z,10.0,1.0,both_options
2025-04-06T06:55:00Z,2025-04-06T07:55:00Z,10.0,1.0,both_options
2025-04-06T07:55:00Z,2025-04-06T08:55:00Z,9.0,1.0,both_options
2025-04-06T08:55:00Z,2025-04-06T09:04:00Z,7.0,0.15,both_options
2025-04-06T09:04:00Z,2025-04-06T09:32:00Z,9.0,0.4666666666666667,both_options
2025-04-06T09:32:00Z,2025-04-06T09:47:00Z,5.0,0.25,both_options
2025-04-06T09:47:00Z,2025-04-06T09:55:00Z,6.0,0.13333333333333333,both_options
2025-04-06T09:55:00Z,2025-04-06T10:55:00Z,7.0,1.0,both_options
2025-04-06T10:55:00Z,2025-04-06T11:20:00Z,6.0,0.4166666666666667,both_options
2025-04-06T11:20:00Z,2025-04-06T11:32:00Z,10.0,0.2,both_options
2025-04-06T11:32:00Z,2025-04-06T11:55:00Z,10.0,0.38333333333333336,both_options
2025-04-06T11:55:00Z,2025-04-06T12:55:00Z,10.0,1.0,both_options
2025-04-06T12:55:00Z,2025-04-06T13:55:00Z,3.0,1.0,both_options
2025-04-06T13:55:00Z,2025-04-06T14:13:00Z,5.0,0.3,both_options
2025-04-06T14:13:00Z,2025-04-06T14:24:00Z,4.0,0.18333333333333332,both_options
2025-04-06T14:24:00Z,2025-04-06T14:32:00Z,2.0,0.13333333333333333,both_options
2025-04-06T14:32:00Z,2025-04-06T14:42:00Z,1.25,0.16666666666666666,both_options
2025-04-06T14:42:00Z,2025-04-06T14:53:00Z,2.0,0.18333333333333332,both_options
2025-04-06T14:53:00Z,2025-04-06T14:55:00Z,1.25,0.03333333333333333,both_options
2025-04-06T14:55:00Z,2025-04-06T15:04:00Z,1.25,0.15,both_options
2025-04-06T15:04:00Z,2025-04-06T15:07:00Z,1.75,0.05,both_options
2025-04-06T15:07:00Z,2025-04-06T15:29:00Z,2.0,0.36666666666666664,both_options
2025-04-06T15:29:00Z,2025-04-06T15:39:00Z,3.0,0.16666666666666666,both_options
2025-04-06T15:39:00Z,2025-04-06T15:46:00Z,2.0,0.11666666666666667,both_options
2025-04-06T15:46:00Z,2025-04-06T15:53:00Z,2.5,0.11666666666666667,both_options
2025-04-06T15:53:00Z,2025-04-06T15:55:00Z,4.0,0.03333333333333333,both_options
2025-04-06T15:55:00Z,2025-04-06T16:14:00Z,5.0,0.31666666666666665,both_options
2025-04-06T16:14:00Z,2025-04-06T16:23:00Z,3.0,0.15,both_options
2025-04-06T16:23:00Z,2025-04-06T16:32:00Z,3.0,0.15,both_options
2025-04-06T16:32:00Z,2025-04-06T16:41:00Z,6.0,0.15,both_options
2025-04-06T16:41:00Z,2025-04-06T16:48:00Z,5.0,0.11666666666666667,both_options
2025-04-06T16:48:00Z,2025-04-06T16:55:00Z,1.75,0.11666666666666667,both_options
2025-04-06T16:55:00Z,2025-04-06T17:06:00Z,1.75,0.18333333333333332,both_options
2025-04-06T17:06:00Z,2025-04-06T17:14:00Z,1.5,0.13333333333333333,both_options
2025-04-06T17:14:00Z,2025-04-06T17:22:00Z,2.0,0.13333333333333333,both_options
2025-04-06T17:22:00Z,2025-04-06T17:37:00Z,1.75,0.25,both_options
2025-04-06T17:37:00Z,2025-04-06T17:41:00Z,2.0,0.06666666666666667,both_options
2025-04-06T17:41:00Z,2025-04-06T17:55:00Z,1.75,0.23333333333333334,both_options
2025-04-06T17:55:00Z,2025-04-06T17:59:00Z,2.5,0.06666666666666667,both_options
2025-04-06T17:59:00Z,2025-04-06T18:16:00Z,3.0,0.2833333333333333,both_options
2025-04-06T18:16:00Z,2025-04-06T18:24:00Z,3.0,0.13333333333333333,both_options
2025-04-06T18:24:00Z,2025-04-06T18:31:00Z,2.5,0.11666666666666667,both_options
2025-04-06T18:31:00Z,2025-04-06T18:55:00Z,5.0,0.4,both_options
2025-04-06T18:55:00Z,2025-04-06T19:05:00Z,5.0,0.16666666666666666,both_options
2025-04-06T19:05:00Z,2025-04-06T19:14:00Z,2.0,0.15,both_options
2025-04-06T19:14:00Z,2025-04-06T19:22:00Z,2.0,0.13333333333333333,both_options
2025-04-06T19:22:00Z,2025-04-06T19:36:00Z,2.0,0.23333333333333334,both_options
2025-04-06T19:36:00Z,2025-04-06T19:45:00Z,1.5,0.15,both_options
2025-04-06T19:45:00Z,2025-04-06T19:52:00Z,2.5,0.11666666666666667,both_options
2025-04-06T19:52:00Z,2025-04-06T19:55:00Z,6.0,0.05,both_options
2025-04-06T19:55:00Z,2025-04-06T20:09:00Z,6.0,0.23333333333333334,both_options
2025-04-06T20:09:00Z,2025-04-06T20:16:00Z,6.0,0.11666666666666667,both_options
2025-04-06T20:16:00Z,2025-04-06T20:29:00Z,4.0,0.21666666666666667,both_options
2025-04-06T20:29:00Z,2025-04-06T20:36:00Z,2.5,0.11666666666666667,both_options
2025-04-06T20:36:00Z,2025-04-06T20:43:00Z,2.5,0.11666666666666667,both_options
2025-04-06T20:43:00Z,2025-04-06T20:51:00Z,3.0,0.13333333333333333,both_options
2025-04-06T20:51:00Z,2025-04-06T20:55:00Z,4.0,0.06666666666666667,both_options
2025-04-06T20:55:00Z,2025-04-06T21:13:00Z,4.0,0.3,both_options
2025-04-06T21:13:00Z,2025-04-06T21:30:00Z,2.0,0.2833333333333333,both_options
2025-04-06T21:30:00Z,2025-04-06T21:52:00Z,3.0,0.36666666666666664,both_options
2025-04-06T21:52:00Z,2025-04-06T21:55:00Z,1.75,0.05,both_options
2025-04-06T21:55:00Z,2025-04-06T22:33:00Z,1.75,0.6333333333333333,both_options
2025-04-06T22:33:00Z,2025-04-06T22:53:00Z,2.0,0.3333333333333333,both_options
2025-04-06T22:53:00Z,2025-04-06T22:55:00Z,1.75,0.03333333333333333,both_options
2025-04-06T22:55:00Z,2025-04-06T23:00:00Z,1.75,0.08333333333333333,both_options
2025-04-06T23:00:00Z,2025-04-06T23:05:00Z,2.0,0.08333333333333333,both_options
2025-04-06T23:05:00Z,2025-04-06T23:21:00Z,3.0,0.26666666666666666,both_options
2025-04-06T23:21:00Z,2025-04-06T23:55:00Z,6.0,0.5666666666666667,both_options
2025-04-06T23:55:00Z,2025-04-07T00:55:00Z,5.0,1.0,both_options
2025-04-07T00:55:00Z,2025-04-07T01:07:00Z,5.0,0.2,both_options
2025-04-07T01:07:00Z,2025-04-07T01:55:00Z,6.0,0.8,both_options
2025-04-07T01:55:00Z,2025-04-07T02:14:00Z,4.0,0.31666666666666665,both_options
2025-04-07T02:14:00Z,2025-04-07T02:24:00Z,3.0,0.16666666666666666,both_options
2025-04-07T02:24:00Z,2025-04-07T02:55:00Z,3.0,0.5166666666666667,both_options
2025-04-07T02:55:00Z,2025-04-07T03:05:00Z,6.0,0.16666666666666666,both_options
2025-04-07T03:05:00Z,2025-04-07T03:21:00Z,7.0,0.26666666666666666,both_options
2025-04-07T03:21:00Z,2025-04-07T03:42:00Z,8.0,0.35,both_options
2025-04-07T03:42:00Z,2025-04-07T03:55:00Z,9.0,0.21666666666666667,both_options
2025-04-07T03:55:00Z,2025-04-07T04:55:00Z,10.0,1.0,both_options
2025-04-07T04:55:00Z,2025-04-07T05:17:00Z,10.0,0.36666666666666664,both_options
2025-04-07T05:17:00Z,2025-04-07T05:27:00Z,10.0,0.16666666666666666,both_options
2025-04-07T05:27:00Z,2025-04-07T05:37:00Z,10.0,0.16666666666666666,both_options
2025-04-07T05:37:00Z,2025-04-07T05:55:00Z,10.0,0.3,both_options
2025-04-07T05:55:00Z,2025-04-07T06:46:00Z,10.0,0.85,both_options
2025-04-07T06:46:00Z,2025-04-07T06:55:00Z,10.0,0.15,both_options
2025-04-07T06:55:00Z,2025-04-07T07:55:00Z,5.0,1.0,both_options
2025-04-07T07:55:00Z,2025-04-07T08:36:00Z,7.0,0.6833333333333333,both_options
2025-04-07T08:36:00Z,2025-04-07T08:55:00Z,6.0,0.31666666666666665,both_options
2025-04-07T08:55:00Z,2025-04-07T09:27:00Z,7.0,0.5333333333333333,both_options
2025-04-07T09:27:00Z,2025-04-07T09:37:00Z,8.0,0.16666666666666666,both_options
2025-04-07T09:37:00Z,2025-04-07T09:55:00Z,9.0,0.3,both_options
2025-04-07T09:55:00Z,2025-04-07T10:19:00Z,10.0,0.4,both_options
2025-04-07T10:19:00Z,2025-04-07T10:55:00Z,9.0,0.6,both_options
2025-04-07T10:55:00Z,2025-04-07T11:02:00Z,10.0,0.11666666666666667,both_options
2025-04-07T11:02:00Z,2025-04-07T11:14:00Z,9.0,0.2,both_options
2025-04-07T11:14:00Z,2025-04-07T11:24:00Z,5.0,0.16666666666666666,both_options
2025-04-07T11:24:00Z,2025-04-07T11:50:00Z,4.0,0.43333333333333335,both_options
2025-04-07T11:50:00Z,2025-04-07T11:55:00Z,2.5,0.08333333333333333,both_options
2025-04-07T11:55:00Z,2025-04-07T12:04:00Z,2.5,0.15,both_options
2025-04-07T12:04:00Z,2025-04-07T12:31:00Z,4.0,0.45,both_options
2025-04-07T12:31:00Z,2025-04-07T12:55:00Z,9.0,0.4,both_options
2025-04-07T12:55:00Z,2025-04-07T13:35:00Z,8.0,0.6666666666666666,both_options
2025-04-07T13:35:00Z,2025-04-07T13:51:00Z,10.0,0.26666666666666666,both_options
2025-04-07T13:51:00Z,2025-04-07T13:55:00Z,10.0,0.06666666666666667,both_options
2025-04-07T13:55:00Z,2025-04-07T14:55:00Z,10.0,1.0,both_options
2025-04-07T14:55:00Z,2025-04-07T15:55:00Z,9.0,1.0,both_options
2025-04-07T15:55:00Z,2025-04-07T16:55:00Z,9.0,1.0,both_options
2025-04-07T16:55:00Z,2025-04-07T17:02:00Z,10.0,0.11666666666666667,both_options
2025-04-07T17:02:00Z,2025-04-07T17:14:00Z,7.0,0.2,both_options
2025-04-07T17:14:00Z,2025-04-07T17:26:00Z,1.75,0.2,both_options
2025-04-07T17:26:00Z,2025-04-07T17:30:00Z,2.5,0.06666666666666667,both_options
2025-04-07T17:30:00Z,2025-04-07T17:38:00Z,3.0,0.13333333333333333,both_options
2025-04-07T17:38:00Z,2025-04-07T17:55:00Z,2.0,0.2833333333333333,both_options
2025-04-07T17:55:00Z,2025-04-07T18:13:00Z,2.5,0.3,both_options
2025-04-07T18:13:00Z,2025-04-07T18:20:00Z,1.5,0.11666666666666667,both_options
2025-04-07T18:20:00Z,2025-04-07T18:55:00Z,3.0,0.5833333333333334,both_options
2025-04-07T18:55:00Z,2025-04-07T19:05:00Z,9.0,0.16666666666666666,both_options
2025-04-07T19:05:00Z,2025-04-07T19:28:00Z,9.0,0.38333333333333336,both_options
2025-04-07T19:28:00Z,2025-04-07T19:34:00Z,4.0,0.1,both_options
2025-04-07T19:34:00Z,2025-04-07T19:40:00Z,1.75,0.1,both_options
2025-04-07T19:40:00Z,2025-04-07T19:43:00Z,2.0,0.05,both_options
2025-04-07T19:43:00Z,2025-04-07T19:50:00Z,3.0,0.11666666666666667,both_options
2025-04-07T19:50:00Z,2025-04-07T19:55:00Z,4.0,0.08333333333333333,both_options
2025-04-07T19:55:00Z,2025-04-07T20:25:00Z,5.0,0.5,both_options
2025-04-07T20:25:00Z,2025-04-07T20:41:00Z,10.0,0.26666666666666666,both_options
2025-04-07T20:41:00Z,2025-04-07T20:55:00Z,8.0,0.23333333333333334,both_options
2025-04-07T20:55:00Z,2025-04-07T21:05:00Z,5.0,0.16666666666666666,both_options
2025-04-07T21:05:00Z,2025-04-07T21:12:00Z,3.0,0.11666666666666667,both_options
2025-04-07T21:12:00Z,2025-04-07T21:28:00Z,2.5,0.26666666666666666,both_options
2025-04-07T21:28:00Z,2025-04-07T21:46:00Z,2.0,0.3,both_options
2025-04-07T21:46:00Z,2025-04-07T21:55:00Z,3.0,0.15,both_options
2025-04-07T21:55:00Z,2025-04-07T22:02:00Z,8.0,0.11666666666666667,both_options
2025-04-07T22:02:00Z,2025-04-07T22:05:00Z,9.0,0.05,both_options
2025-04-07T22:05:00Z,2025-04-07T22:29:00Z,9.0,0.4,both_options
2025-04-07T22:29:00Z,2025-04-07T22:42:00Z,9.0,0.21666666666666667,both_options
2025-04-07T22:42:00Z,2025-04-07T22:55:00Z,10.0,0.21666666666666667,both_options
2025-04-07T22:55:00Z,2025-04-07T23:55:00Z,10.0,1.0,both_options
2025-04-07T23:55:00Z,2025-04-08T00:23:00Z,10.0,0.4666666666666667,both_options
2025-04-08T00:23:00Z,2025-04-08T00:55:00Z,10.0,0.5333333333333333,both_options
2025-04-08T00:55:00Z,2025-04-08T01:14:00Z,5.0,0.31666666666666665,both_options
2025-04-08T01:14:00Z,2025-04-08T01:20:00Z,1.75,0.1,both_options
2025-04-08T01:20:00Z,2025-04-08T01:40:00Z,3.0,0.3333333333333333,both_options
2025-04-08T01:40:00Z,2025-04-08T01:55:00Z,7.0,0.25,both_options
2025-04-08T01:55:00Z,2025-04-08T02:55:00Z,8.0,1.0,both_options
2025-04-08T02:55:00Z,2025-04-08T03:20:00Z,9.0,0.4166666666666667,both_options
2025-04-08T03:20:00Z,2025-04-08T03:31:00Z,9.0,0.18333333333333332,both_options
2025-04-08T03:31:00Z,2025-04-08T03:55:00Z,9.0,0.4,both_options
2025-04-08T03:55:00Z,2025-04-08T04:55:00Z,9.0,1.0,both_options
2025-04-08T04:55:00Z,2025-04-08T05:55:00Z,7.0,1.0,both_options
2025-04-08T05:55:00Z,2025-04-08T06:10:00Z,2.0,0.25,both_options
2025-04-08T06:10:00Z,2025-04-08T06:38:00Z,4.0,0.4666666666666667,both_options
2025-04-08T06:38:00Z,2025-04-08T06:55:00Z,7.0,0.2833333333333333,both_options
2025-04-08T06:55:00Z,2025-04-08T07:55:00Z,7.0,1.0,both_options
2025-04-08T07:55:00Z,2025-04-08T08:43:00Z,7.0,0.8,both_options
2025-04-08T08:43:00Z,2025-04-08T08:50:00Z,5.0,0.11666666666666667,both_options
2025-04-08T08:50:00Z,2025-04-08T08:55:00Z,6.0,0.08333333333333333,both_options
2025-04-08T08:55:00Z,2025-04-08T09:23:00Z,8.0,0.4666666666666667,both_options
2025-04-08T09:23:00Z,2025-04-08T09:46:00Z,8.0,0.38333333333333336,both_options
2025-04-08T09:46:00Z,2025-04-08T09:55:00Z,9.0,0.15,both_options
2025-04-08T09:55:00Z,2025-04-08T10:43:00Z,9.0,0.8,both_options
2025-04-08T10:43:00Z,2025-04-08T10:55:00Z,9.0,0.2,both_options
2025-04-08T10:55:00Z,2025-04-08T11:55:00Z,4.0,1.0,both_options
2025-04-08T11:55:00Z,2025-04-08T12:30:00Z,7.0,0.5833333333333334,both_options
2025-04-08T12:30:00Z,2025-04-08T12:37:00Z,7.0,0.11666666666666667,both_options
2025-04-08T12:37:00Z,2025-04-08T12:47:00Z,7.0,0.16666666666666666,both_options
2025-04-08T12:47:00Z,2025-04-08T12:55:00Z,5.0,0.13333333333333333,both_options
2025-04-08T12:55:00Z,2025-04-08T13:55:00Z,5.0,1.0,both_options
2025-04-08T13:55:00Z,2025-04-08T14:21:00Z,6.0,0.43333333333333335,both_options
2025-04-08T14:21:00Z,2025-04-08T14:34:00Z,4.0,0.21666666666666667,both_options
2025-04-08T14:34:00Z,2025-04-08T14:45:00Z,2.5,0.18333333333333332,both_options
2025-04-08T14:45:00Z,2025-04-08T14:55:00Z,4.0,0.16666666666666666,both_options
2025-04-08T14:55:00Z,2025-04-08T15:27:00Z,5.0,0.5333333333333333,both_options
2025-04-08T15:27:00Z,2025-04-08T15:33:00Z,2.5,0.1,both_options
2025-04-08T15:33:00Z,2025-04-08T15:41:00Z,1.5,0.13333333333333333,both_options
2025-04-08T15:41:00Z,2025-04-08T15:43:00Z,1.25,0.03333333333333333,both_options
2025-04-08T15:43:00Z,2025-04-08T15:53:00Z,1.5,0.16666666666666666,both_options
2025-04-08T15:53:00Z,2025-04-08T15:55:00Z,2.0,0.03333333333333333,both_options
2025-04-08T15:55:00Z,2025-04-08T16:03:00Z,2.0,0.13333333333333333,both_options
2025-04-08T16:03:00Z,2025-04-08T16:08:00Z,1.25,0.08333333333333333,both_options
2025-04-08T16:08:00Z,2025-04-08T16:14:00Z,1.5,0.1,both_options
2025-04-08T16:14:00Z,2025-04-08T16:25:00Z,2.5,0.18333333333333332,both_options
2025-04-08T16:25:00Z,2025-04-08T16:36:00Z,1.25,0.18333333333333332,both_options
2025-04-08T16:36:00Z,2025-04-08T16:41:00Z,1.5,0.08333333333333333,both_options
2025-04-08T16:41:00Z,2025-04-08T16:48:00Z,2.0,0.11666666666666667,both_options
2025-04-08T16:48:00Z,2025-04-08T16:55:00Z,2.0,0.11666666666666667,both_options
2025-04-08T16:55:00Z,2025-04-08T17:09:00Z,3.0,0.23333333333333334,both_options
2025-04-08T17:09:00Z,2025-04-08T17:45:00Z,3.0,0.6,both_options
2025-04-08T17:45:00Z,2025-04-08T17:55:00Z,6.0,0.16666666666666666,both_options
2025-04-08T17:55:00Z,2025-04-08T18:38:00Z,7.0,0.7166666666666667,both_options
2025-04-08T18:38:00Z,2025-04-08T18:46:00Z,7.0,0.13333333333333333,both_options
2025-04-08T18:46:00Z,2025-04-08T18:55:00Z,7.0,0.15,both_options
2025-04-08T18:55:00Z,2025-04-08T19:40:00Z,6.0,0.75,both_options
2025-04-08T19:40:00Z,2025-04-08T19:55:00Z,8.0,0.25,both_options
2025-04-08T19:55:00Z,2025-04-08T20:25:00Z,5.0,0.5,both_options
2025-04-08T20:25:00Z,2025-04-08T20:55:00Z,8.0,0.5,both_options
2025-04-08T20:55:00Z,2025-04-08T21:04:00Z,9.0,0.15,both_options
2025-04-08T21:04:00Z,2025-04-08T21:55:00Z,9.0,0.85,both_options
2025-04-08T21:55:00Z,2025-04-08T22:25:00Z,10.0,0.5,both_options
2025-04-08T22:25:00Z,2025-04-08T22:55:00Z,10.0,0.5,both_options
2025-04-08T22:55:00Z,2025-04-08T23:55:00Z,10.0,1.0,both_options
2025-04-08T23:55:00Z,2025-04-09T00:08:00Z,10.0,0.21666666666666667,both_options
2025-04-09T00:08:00Z,2025-04-09T00:50:00Z,10.0,0.7,both_options
2025-04-09T00:50:00Z,2025-04-09T00:55:00Z,9.0,0.08333333333333333,both_options
2025-04-09T00:55:00Z,2025-04-09T01:35:00Z,9.0,0.6666666666666666,both_options
2025-04-09T01:35:00Z,2025-04-09T01:55:00Z,9.0,0.3333333333333333,both_options
2025-04-09T01:55:00Z,2025-04-09T02:08:00Z,9.0,0.21666666666666667,both_options
2025-04-09T02:08:00Z,2025-04-09T02:55:00Z,9.0,0.7833333333333333,both_options
2025-04-09T02:55:00Z,2025-04-09T03:55:00Z,9.0,1.0,both_options
2025-04-09T03:55:00Z,2025-04-09T04:55:00Z,10.0,1.0,both_options
2025-04-09T04:55:00Z,2025-04-09T05:55:00Z,9.0,1.0,both_options
2025-04-09T05:55:00Z,2025-04-09T06:06:00Z,10.0,0.18333333333333332,both_options
2025-04-09T06:06:00Z,2025-04-09T06:55:00Z,10.0,0.8166666666666667,both_options
2025-04-09T06:55:00Z,2025-04-09T07:55:00Z,9.0,1.0,both_options
2025-04-09T07:55:00Z,2025-04-09T08:55:00Z,10.0,1.0,both_options
2025-04-09T08:55:00Z,2025-04-09T09:28:00Z,10.0,0.55,both_options
2025-04-09T09:28:00Z,2025-04-09T09:55:00Z,10.0,0.45,both_options
2025-04-09T09:55:00Z,2025-04-09T10:14:00Z,10.0,0.31666666666666665,both_options
2025-04-09T10:14:00Z,2025-04-09T10:28:00Z,10.0,0.23333333333333334,both_options
2025-04-09T10:28:00Z,2025-04-09T10:55:00Z,10.0,0.45,both_options
2025-04-09T10:55:00Z,2025-04-09T11:08:00Z,10.0,0.21666666666666667,both_options
2025-04-09T11:08:00Z,2025-04-09T11:55:00Z,10.0,0.7833333333333333,both_options
2025-04-09T11:55:00Z,2025-04-09T12:55:00Z,10.0,1.0,both_options
2025-04-09T12:55:00Z,2025-04-09T13:55:00Z,10.0,1.0,both_options
2025-04-09T13:55:00Z,2025-04-09T14:55:00Z,10.0,1.0,both_options
2025-04-09T14:55:00Z,2025-04-09T15:55:00Z,10.0,1.0,both_options
2025-04-09T15:55:00Z,2025-04-09T16:33:00Z,10.0,0.6333333333333333,both_options
2025-04-09T16:33:00Z,2025-04-09T16:55:00Z,10.0,0.36666666666666664,both_options
2025-04-09T16:55:00Z,2025-04-09T17:55:00Z,10.0,1.0,both_options
2025-04-09T17:55:00Z,2025-04-09T18:55:00Z,10.0,1.0,both_options
2025-04-09T18:55:00Z,2025-04-09T19:55:00Z,10.0,1.0,both_options
2025-04-09T19:55:00Z,2025-04-09T20:55:00Z,10.0,1.0,both_options
2025-04-09T20:55:00Z,2025-04-09T21:55:00Z,10.0,1.0,both_options
2025-04-09T21:55:00Z,2025-04-09T22:55:00Z,10.0,1.0,both_options
2025-04-09T22:55:00Z,2025-04-09T23:55:00Z,10.0,1.0,both_options
2025-04-09T23:55:00Z,2025-04-10T00:55:00Z,10.0,1.0,both_options
2025-04-10T00:55:00Z,2025-04-10T01:55:00Z,10.0,1.0,both_options
2025-04-10T01:55:00Z,2025-04-10T02:55:00Z,10.0,1.0,both_options
2025-04-10T02:55:00Z,2025-04-10T03:55:00Z,10.0,1.0,both_options
2025-04-10T03:55:00Z,2025-04-10T04:55:00Z,10.0,1.0,both_options
2025-04-10T04:55:00Z,2025-04-10T05:55:00Z,10.0,1.0,both_options
2025-04-10T05:55:00Z,2025-04-10T06:55:00Z,10.0,1.0,both_options
2025-04-10T06:55:00Z,2025-04-10T07:55:00Z,10.0,1.0,both_options
2025-04-10T07:55:00Z,2025-04-10T08:55:00Z,10.0,1.0,both_options
2025-04-10T08:55:00Z,2025-04-10T09:55:00Z,10.0,1.0,both_options
2025-04-10T09:55:00Z,2025-04-10T10:55:00Z,10.0,1.0,both_options
2025-04-10T10:55:00Z,2025-04-10T11:55:00Z,10.0,1.0,both_options
2025-04-10T11:55:00Z,2025-04-10T12:55:00Z,10.0,1.0,both_options
2025-04-10T12:55:00Z,2025-04-10T13:55:00Z,10.0,1.0,both_options
2025-04-10T13:55:00Z,2025-04-10T14:55:00Z,10.0,1.0,both_options
2025-04-10T14:55:00Z,2025-04-10T15:55:00Z,10.0,1.0,both_options
2025-04-10T15:55:00Z,2025-04-10T16:55:00Z,10.0,1.0,both_options
2025-04-10T16:55:00Z,2025-04-10T17:55:00Z,10.0,1.0,both_options
2025-04-10T17:55:00Z,2025-04-10T18:55:00Z,10.0,1.0,both_options
2025-04-10T18:55:00Z,2025-04-10T19:14:00Z,7.0,0.31666666666666665,both_options
2025-04-10T19:14:00Z,2025-04-10T19:21:00Z,2.5,0.11666666666666667,both_options
2025-04-10T19:21:00Z,2025-04-10T19:33:00Z,1.25,0.2,both_options
2025-04-10T19:33:00Z,2025-04-10T19:40:00Z,1.5,0.11666666666666667,both_options
2025-04-10T19:40:00Z,2025-04-10T19:52:00Z,3.0,0.2,both_options
2025-04-10T19:52:00Z,2025-04-10T19:55:00Z,2.0,0.05,both_options
2025-04-10T19:55:00Z,2025-04-10T20:21:00Z,2.0,0.43333333333333335,both_options
2025-04-10T20:21:00Z,2025-04-10T20:31:00Z,3.0,0.16666666666666666,both_options
2025-04-10T20:31:00Z,2025-04-10T20:55:00Z,7.0,0.4,both_options
2025-04-10T20:55:00Z,2025-04-10T21:19:00Z,4.0,0.4,both_options
2025-04-10T21:19:00Z,2025-04-10T21:42:00Z,3.0,0.38333333333333336,both_options
2025-04-10T21:42:00Z,2025-04-10T21:46:00Z,2.5,0.06666666666666667,both_options
2025-04-10T21:46:00Z,2025-04-10T21:55:00Z,2.5,0.15,both_options
2025-04-10T21:55:00Z,2025-04-10T22:04:00Z,3.0,0.15,both_options
2025-04-10T22:04:00Z,2025-04-10T22:24:00Z,7.0,0.3333333333333333,both_options
2025-04-10T22:24:00Z,2025-04-10T22:55:00Z,8.0,0.5166666666666667,both_options
2025-04-10T22:55:00Z,2025-04-10T23:32:00Z,8.0,0.6166666666666667,both_options
2025-04-10T23:32:00Z,2025-04-10T23:55:00Z,8.0,0.38333333333333336,both_options
2025-04-10T23:55:00Z,2025-04-11T00:00:00Z,4.0,0.08333333333333333,both_options
2025-04-11T00:00:00Z,2025-04-11T00:02:00Z,2.0,0.03333333333333333,both_options
2025-04-11T00:02:00Z,2025-04-11T00:11:00Z,1.25,0.15,both_options
2025-04-11T00:11:00Z,2025-04-11T00:19:00Z,2.0,0.13333333333333333,both_options
2025-04-11T00:19:00Z,2025-04-11T00:55:00Z,6.0,0.6,both_options
2025-04-11T00:55:00Z,2025-04-11T01:07:00Z,7.0,0.2,both_options
2025-04-11T01:07:00Z,2025-04-11T01:15:00Z,8.0,0.13333333333333333,both_options
2025-04-11T01:15:00Z,2025-04-11T01:55:00Z,8.0,0.6666666666666666,both_options
2025-04-11T01:55:00Z,2025-04-11T02:05:00Z,9.0,0.16666666666666666,both_options
2025-04-11T02:05:00Z,2025-04-11T02:41:00Z,9.0,0.6,both_options
2025-04-11T02:41:00Z,2025-04-11T02:55:00Z,9.0,0.23333333333333334,both_options
2025-04-11T02:55:00Z,2025-04-11T03:42:00Z,8.0,0.7833333333333333,both_options
2025-04-11T03:42:00Z,2025-04-11T03:55:00Z,10.0,0.21666666666666667,both_options
2025-04-11T03:55:00Z,2025-04-11T04:55:00Z,10.0,1.0,both_options
2025-04-11T04:55:00Z,2025-04-11T05:55:00Z,10.0,1.0,both_options
2025-04-11T05:55:00Z,2025-04-11T06:55:00Z,10.0,1.0,both_options
2025-04-11T06:55:00Z,2025-04-11T07:55:00Z,9.0,1.0,both_options
2025-04-11T12:55:00Z,2025-04-11T13:25:00Z,10.0,0.5,both_options
2025-04-11T13:25:00Z,2025-04-11T13:55:00Z,10.0,0.5,both_options
2025-04-11T13:55:00Z,2025-04-11T14:55:00Z,10.0,1.0,both_options
2025-04-11T14:55:00Z,2025-04-11T15:55:00Z,9.0,1.0,both_options
2025-04-11T15:55:00Z,2025-04-11T16:55:00Z,10.0,1.0,both_options
2025-04-11T16:55:00Z,2025-04-11T17:55:00Z,9.0,1.0,both_options
2025-04-11T17:55:00Z,2025-04-11T18:55:00Z,10.0,1.0,both_options
2025-04-11T18:55:00Z,2025-04-11T19:55:00Z,10.0,1.0,both_options
2025-04-11T19:55:00Z,2025-04-11T20:55:00Z,10.0,1.0,both_options
2025-04-11T20:55:00Z,2025-04-11T21:55:00Z,10.0,1.0,both_options
2025-04-11T21:55:00Z,2025-04-11T22:55:00Z,10.0,1.0,both_options
2025-04-11T22:55:00Z,2025-04-11T23:55:00Z,10.0,1.0,both_options
2025-04-11T23:55:00Z,2025-04-12T00:55:00Z,10.0,1.0,both_options
2025-04-12T00:55:00Z,2025-04-12T01:55:00Z,10.0,1.0,both_options
2025-04-12T01:55:00Z,2025-04-12T02:55:00Z,10.0,1.0,both_options
2025-04-12T02:55:00Z,2025-04-12T03:55:00Z,10.0,1.0,both_options
2025-04-12T03:55:00Z,2025-04-12T04:55:00Z,10.0,1.0,both_options
2025-04-12T04:55:00Z,2025-04-12T05:55:00Z,10.0,1.0,both_options
2025-04-12T05:55:00Z,2025-04-12T06:55:00Z,10.0,1.0,both_options
2025-04-12T06:55:00Z,2025-04-12T07:55:00Z,10.0,1.0,both_options
2025-04-12T07:55:00Z,2025-04-12T08:55:00Z,10.0,1.0,both_options
2025-04-12T08:55:00Z,2025-04-12T09:55:00Z,10.0,1.0,both_options
2025-04-12T09:55:00Z,2025-04-12T10:55:00Z,10.0,1.0,both_options
2025-04-12T10:55:00Z,2025-04-12T11:55:00Z,10.0,1.0,both_options
2025-04-12T11:55:00Z,2025-04-12T12:55:00Z,10.0,1.0,both_options
2025-04-12T12:55:00Z,2025-04-12T13:31:00Z,10.0,0.6,both_options
2025-04-12T13:31:00Z,2025-04-12T13:46:00Z,10.0,0.25,both_options
2025-04-12T13:46:00Z,2025-04-12T13:55:00Z,9.0,0.15,both_options
2025-04-12T13:55:00Z,2025-04-12T14:55:00Z,10.0,1.0,both_options
2025-04-12T14:55:00Z,2025-04-12T15:55:00Z,10.0,1.0,both_options
2025-04-12T15:55:00Z,2025-04-12T16:55:00Z,10.0,1.0,both_options
2025-04-12T16:55:00Z,2025-04-12T17:55:00Z,10.0,1.0,both_options
2025-04-12T17:55:00Z,2025-04-12T18:55:00Z,10.0,1.0,both_options
2025-04-12T18:55:00Z,2025-04-12T19:55:00Z,10.0,1.0,both_options
2025-04-12T19:55:00Z,2025-04-12T20:55:00Z,10.0,1.0,both_options
2025-04-12T20:55:00Z,2025-04-12T21:55:00Z,10.0,1.0,both_options
2025-04-12T21:55:00Z,2025-04-12T22:55:00Z,10.0,1.0,both_options
2025-04-12T22:55:00Z,2025-04-12T23:55:00Z,10.0,1.0,both_options
2025-04-12T23:55:00Z,2025-04-13T00:55:00Z,10.0,1.0,both_options
2025-04-13T00:55:00Z,2025-04-13T01:55:00Z,10.0,1.0,both_options
2025-04-13T01:55:00Z,2025-04-13T02:55:00Z,10.0,1.0,both_options
2025-04-13T02:55:00Z,2025-04-13T03:55:00Z,10.0,1.0,both_options
2025-04-13T03:55:00Z,2025-04-13T04:55:00Z,10.0,1.0,both_options
2025-04-13T04:55:00Z,2025-04-13T05:55:00Z,10.0,1.0,both_options
2025-04-13T05:55:00Z,2025-04-13T06:55:00Z,10.0,1.0,both_options
2025-04-13T06:55:00Z,2025-04-13T07:55:00Z,10.0,1.0,both_options
2025-04-13T07:55:00Z,2025-04-13T08:55:00Z,10.0,1.0,both_options
2025-04-13T08:55:00Z,2025-04-13T09:55:00Z,10.0,1.0,both_options
2025-04-13T09:55:00Z,2025-04-13T10:55:00Z,10.0,1.0,both_options
2025-04-13T10:55:00Z,2025-04-13T11:55:00Z,10.0,1.0,both_options
2025-04-13T11:55:00Z,2025-04-13T12:50:00Z,10.0,0.9166666666666666,both_options
2025-04-13T12:50:00Z,2025-04-13T12:55:00Z,2.0,0.08333333333333333,both_options
2025-04-13T12:55:00Z,2025-04-13T13:00:00Z,1.75,0.08333333333333333,both_options
2025-04-13T13:00:00Z,2025-04-13T13:55:00Z,3.0,0.9166666666666666,both_options
2025-04-13T13:55:00Z,2025-04-13T14:55:00Z,10.0,1.0,both_options
2025-04-13T14:55:00Z,2025-04-13T15:55:00Z,10.0,1.0,both_options
2025-04-13T15:55:00Z,2025-04-13T16:55:00Z,10.0,1.0,both_options
2025-04-13T16:55:00Z,2025-04-13T17:55:00Z,10.0,1.0,both_options
2025-04-13T17:55:00Z,2025-04-13T18:55:00Z,10.0,1.0,both_options
2025-04-13T18:55:00Z,2025-04-13T19:55:00Z,10.0,1.0,both_options
2025-04-13T19:55:00Z,2025-04-13T20:55:00Z,10.0,1.0,both_options
2025-04-13T20:55:00Z,2025-04-13T21:55:00Z,10.0,1.0,both_options
2025-04-13T21:55:00Z,2025-04-13T22:50:00Z,10.0,0.9166666666666666,both_options
2025-04-13T22:50:00Z,2025-04-13T22:55:00Z,10.0,0.08333333333333333,both_options
2025-04-13T22:55:00Z,2025-04-13T23:55:00Z,10.0,1.0,both_options
2025-04-13T23:55:00Z,2025-04-14T00:55:00Z,10.0,1.0,both_options
2025-04-14T00:55:00Z,2025-04-14T01:55:00Z,10.0,1.0,both_options
2025-04-14T01:55:00Z,2025-04-14T02:55:00Z,10.0,1.0,both_options
2025-04-14T02:55:00Z,2025-04-14T03:55:00Z,10.0,1.0,both_options
2025-04-14T03:55:00Z,2025-04-14T04:55:00Z,10.0,1.0,both_options
2025-04-14T04:55:00Z,2025-04-14T05:55:00Z,10.0,1.0,both_options
2025-04-14T05:55:00Z,2025-04-14T06:55:00Z,10.0,1.0,both_options
2025-04-14T06:55:00Z,2025-04-14T07:55:00Z,10.0,1.0,both_options
2025-04-14T07:55:00Z,2025-04-14T08:55:00Z,10.0,1.0,both_options
2025-04-14T08:55:00Z,2025-04-14T09:55:00Z,10.0,1.0,both_options
2025-04-14T09:55:00Z,2025-04-14T10:55:00Z,10.0,1.0,both_options
2025-04-14T10:55:00Z,2025-04-14T11:55:00Z,10.0,1.0,both_options
2025-04-14T11:55:00Z,2025-04-14T12:55:00Z,10.0,1.0,both_options
2025-04-14T12:55:00Z,2025-04-14T13:55:00Z,10.0,1.0,both_options
2025-04-14T13:55:00Z,2025-04-14T14:55:00Z,10.0,1.0,both_options
2025-04-14T14:55:00Z,2025-04-14T15:55:00Z,10.0,1.0,both_options
2025-04-14T15:55:00Z,2025-04-14T16:55:00Z,10.0,1.0,both_options
2025-04-14T16:55:00Z,2025-04-14T17:55:00Z,10.0,1.0,both_options
2025-04-14T17:55:00Z,2025-04-14T18:55:00Z,10.0,1.0,both_options
2025-04-14T18:55:00Z,2025-04-14T19:55:00Z,10.0,1.0,both_options
2025-04-14T19:55:00Z,2025-04-14T20:55:00Z,10.0,1.0,both_options
2025-04-14T20:55:00Z,2025-04-14T21:55:00Z,10.0,1.0,both_options
2025-04-14T21:55:00Z,2025-04-14T22:17:00Z,10.0,0.36666666666666664,both_options
2025-04-14T22:17:00Z,2025-04-14T22:55:00Z,10.0,0.6333333333333333,both_options
2025-04-14T22:55:00Z,2025-04-14T23:55:00Z,10.0,1.0,both_options
2025-04-14T23:55:00Z,2025-04-15T00:55:00Z,10.0,1.0,both_options
2025-04-15T00:55:00Z,2025-04-15T01:55:00Z,10.0,1.0,both_options
2025-04-15T01:55:00Z,2025-04-15T02:55:00Z,10.0,1.0,both_options
2025-04-15T02:55:00Z,2025-04-15T03:55:00Z,10.0,1.0,both_options
2025-04-15T03:55:00Z,2025-04-15T04:55:00Z,10.0,1.0,both_options
2025-04-15T04:55:00Z,2025-04-15T05:55:00Z,10.0,1.0,both_options
2025-04-15T05:55:00Z,2025-04-15T06:55:00Z,10.0,1.0,both_options
2025-04-15T06:55:00Z,2025-04-15T07:55:00Z,10.0,1.0,both_options
2025-04-15T07:55:00Z,2025-04-15T08:55:00Z,10.0,1.0,both_options
2025-04-15T08:55:00Z,2025-04-15T09:55:00Z,10.0,1.0,both_options
2025-04-15T09:55:00Z,2025-04-15T10:55:00Z,10.0,1.0,both_options
2025-04-15T10:55:00Z,2025-04-15T11:55:00Z,10.0,1.0,both_options
2025-04-15T11:55:00Z,2025-04-15T12:13:00Z,10.0,0.3,both_options
2025-04-15T12:13:00Z,2025-04-15T12:55:00Z,10.0,0.7,both_options
2025-04-15T12:55:00Z,2025-04-15T13:38:00Z,10.0,0.7166666666666667,both_options
2025-04-15T13:38:00Z,2025-04-15T13:55:00Z,9.0,0.2833333333333333,both_options
2025-04-15T13:55:00Z,2025-04-15T14:55:00Z,10.0,1.0,both_options
2025-04-15T14:55:00Z,2025-04-15T15:55:00Z,10.0,1.0,both_options
2025-04-15T15:55:00Z,2025-04-15T16:55:00Z,10.0,1.0,both_options
2025-04-15T16:55:00Z,2025-04-15T17:55:00Z,10.0,1.0,both_options
2025-04-15T17:55:00Z,2025-04-15T18:55:00Z,10.0,1.0,both_options
2025-04-15T18:55:00Z,2025-04-15T19:55:00Z,9.0,1.0,both_options
2025-04-15T19:55:00Z,2025-04-15T20:55:00Z,10.0,1.0,both_options
2025-04-15T20:55:00Z,2025-04-15T21:55:00Z,10.0,1.0,both_options
2025-04-15T21:55:00Z,2025-04-15T22:55:00Z,10.0,1.0,both_options
2025-04-15T22:55:00Z,2025-04-15T23:55:00Z,10.0,1.0,both_options
2025-04-15T23:55:00Z,2025-04-16T00:55:00Z,10.0,1.0,both_options
2025-04-16T00:55:00Z,2025-04-16T01:55:00Z,9.0,1.0,both_options
2025-04-16T01:55:00Z,2025-04-16T02:55:00Z,9.0,1.0,both_options
2025-04-16T02:55:00Z,2025-04-16T03:55:00Z,8.0,1.0,both_options
2025-04-16T03:55:00Z,2025-04-16T04:08:00Z,9.0,0.21666666666666667,both_options
2025-04-16T04:08:00Z,2025-04-16T04:34:00Z,9.0,0.43333333333333335,both_options
2025-04-16T04:34:00Z,2025-04-16T04:55:00Z,9.0,0.35,both_options
2025-04-16T04:55:00Z,2025-04-16T05:55:00Z,9.0,1.0,both_options
2025-04-16T05:55:00Z,2025-04-16T06:55:00Z,9.0,1.0,both_options
2025-04-16T06:55:00Z,2025-04-16T07:39:00Z,8.0,0.7333333333333333,both_options
2025-04-16T07:39:00Z,2025-04-16T07:55:00Z,8.0,0.26666666666666666,both_options
2025-04-16T07:55:00Z,2025-04-16T08:55:00Z,8.0,1.0,both_options
2025-04-16T08:55:00Z,2025-04-16T09:55:00Z,8.0,1.0,both_options
2025-04-16T09:55:00Z,2025-04-16T10:55:00Z,9.0,1.0,both_options
2025-04-16T10:55:00Z,2025-04-16T11:55:00Z,8.0,1.0,both_options
2025-04-16T11:55:00Z,2025-04-16T12:55:00Z,8.0,1.0,both_options
2025-04-16T12:55:00Z,2025-04-16T13:55:00Z,8.0,1.0,both_options
2025-04-16T13:55:00Z,2025-04-16T14:55:00Z,7.0,1.0,both_options
2025-04-16T14:55:00Z,2025-04-16T15:55:00Z,8.0,1.0,both_options
2025-04-16T15:55:00Z,2025-04-16T16:55:00Z,8.0,1.0,both_options
2025-04-16T16:55:00Z,2025-04-16T17:55:00Z,8.0,1.0,both_options
2025-04-16T17:55:00Z,2025-04-16T18:42:00Z,9.0,0.7833333333333333,both_options
2025-04-16T18:42:00Z,2025-04-16T18:52:00Z,9.0,0.16666666666666666,both_options
2025-04-16T18:52:00Z,2025-04-16T18:55:00Z,8.0,0.05,both_options
2025-04-16T18:55:00Z,2025-04-16T19:55:00Z,8.0,1.0,both_options
2025-04-16T19:55:00Z,2025-04-16T20:26:00Z,9.0,0.5166666666666667,both_options
2025-04-16T20:26:00Z,2025-04-16T20:55:00Z,9.0,0.48333333333333334,both_options
2025-04-16T20:55:00Z,2025-04-16T21:55:00Z,9.0,1.0,both_options
2025-04-16T21:55:00Z,2025-04-16T22:55:00Z,9.0,1.0,both_options
2025-04-16T22:55:00Z,2025-04-16T23:55:00Z,9.0,1.0,both_options
2025-04-16T23:55:00Z,2025-04-17T00:55:00Z,10.0,1.0,both_options
2025-04-17T00:55:00Z,2025-04-17T01:55:00Z,10.0,1.0,both_options
2025-04-17T01:55:00Z,2025-04-17T02:55:00Z,10.0,1.0,both_options
2025-04-17T02:55:00Z,2025-04-17T03:55:00Z,9.0,1.0,both_options
2025-04-17T03:55:00Z,2025-04-17T04:55:00Z,10.0,1.0,both_options
2025-04-17T04:55:00Z,2025-04-17T05:55:00Z,9.0,1.0,both_options
2025-04-17T05:55:00Z,2025-04-17T06:55:00Z,8.0,1.0,both_options
2025-04-17T06:55:00Z,2025-04-17T07:55:00Z,9.0,1.0,both_options
2025-04-17T07:55:00Z,2025-04-17T08:55:00Z,10.0,1.0,both_options
2025-04-17T08:55:00Z,2025-04-17T09:55:00Z,10.0,1.0,both_options
2025-04-17T09:55:00Z,2025-04-17T10:55:00Z,10.0,1.0,both_options
2025-04-17T10:55:00Z,2025-04-17T11:55:00Z,10.0,1.0,both_options
2025-04-17T11:55:00Z,2025-04-17T12:55:00Z,7.0,1.0,both_options
2025-04-17T12:55:00Z,2025-04-17T13:55:00Z,10.0,1.0,both_options
2025-04-17T13:55:00Z,2025-04-17T14:55:00Z,10.0,1.0,both_options
2025-04-17T14:55:00Z,2025-04-17T15:55:00Z,10.0,1.0,both_options
2025-04-17T15:55:00Z,2025-04-17T16:55:00Z,10.0,1.0,both_options
2025-04-17T16:55:00Z,2025-04-17T17:55:00Z,10.0,1.0,both_options
2025-04-17T17:55:00Z,2025-04-17T18:55:00Z,10.0,1.0,both_options
2025-04-17T18:55:00Z,2025-04-17T19:55:00Z,10.0,1.0,both_options
2025-04-17T19:55:00Z,2025-04-17T20:55:00Z,10.0,1.0,both_options
2025-04-17T20:55:00Z,2025-04-17T21:55:00Z,10.0,1.0,both_options
2025-04-17T21:55:00Z,2025-04-17T22:55:00Z,10.0,1.0,both_options
2025-04-17T22:55:00Z,2025-04-17T23:55:00Z,10.0,1.0,both_options
2025-04-17T23:55:00Z,2025-04-18T00:55:00Z,10.0,1.0,both_options
2025-04-18T00:55:00Z,2025-04-18T01:55:00Z,10.0,1.0,both_options
2025-04-18T01:55:00Z,2025-04-18T02:55:00Z,10.0,1.0,both_options
2025-04-18T02:55:00Z,2025-04-18T03:55:00Z,10.0,1.0,both_options
2025-04-18T03:55:00Z,2025-04-18T04:55:00Z,10.0,1.0,both_options
2025-04-18T04:55:00Z,2025-04-18T05:55:00Z,10.0,1.0,both_options
2025-04-18T05:55:00Z,2025-04-18T06:55:00Z,10.0,1.0,both_options
2025-04-18T06:55:00Z,2025-04-18T07:55:00Z,10.0,1.0,both_options
2025-04-18T07:55:00Z,2025-04-18T08:55:00Z,10.0,1.0,both_options
2025-04-18T08:55:00Z,2025-04-18T09:55:00Z,10.0,1.0,both_options
2025-04-18T09:55:00Z,2025-04-18T10:55:00Z,10.0,1.0,both_options
2025-04-18T10:55:00Z,2025-04-18T11:55:00Z,10.0,1.0,both_options
2025-04-18T11:55:00Z,2025-04-18T12:55:00Z,10.0,1.0,both_options
2025-04-18T12:55:00Z,2025-04-18T13:55:00Z,10.0,1.0,both_options
2025-04-18T13:55:00Z,2025-04-18T14:55:00Z,10.0,1.0,both_options
2025-04-18T14:55:00Z,2025-04-18T15:55:00Z,10.0,1.0,both_options
2025-04-18T15:55:00Z,2025-04-18T16:55:00Z,10.0,1.0,both_options
2025-04-18T16:55:00Z,2025-04-18T17:55:00Z,10.0,1.0,both_options
2025-04-18T17:55:00Z,2025-04-18T18:55:00Z,10.0,1.0,both_options
2025-04-18T18:55:00Z,2025-04-18T19:55:00Z,10.0,1.0,both_options
2025-04-18T19:55:00Z,2025-04-18T20:29:00Z,10.0,0.5666666666666667,both_options
2025-04-18T20:29:00Z,2025-04-18T20:55:00Z,10.0,0.43333333333333335,both_options
2025-04-18T20:55:00Z,2025-04-18T21:55:00Z,10.0,1.0,both_options
2025-04-18T21:55:00Z,2025-04-18T22:55:00Z,10.0,1.0,both_options
2025-04-18T22:55:00Z,2025-04-18T23:55:00Z,10.0,1.0,both_options
2025-04-18T23:55:00Z,2025-04-19T00:55:00Z,10.0,1.0,both_options
2025-04-19T00:55:00Z,2025-04-19T01:55:00Z,9.0,1.0,both_options
2025-04-19T01:55:00Z,2025-04-19T02:55:00Z,9.0,1.0,both_options
2025-04-19T02:55:00Z,2025-04-19T03:03:00Z,9.0,0.13333333333333333,both_options
2025-04-19T03:03:00Z,2025-04-19T03:55:00Z,9.0,0.8666666666666667,both_options
2025-04-19T03:55:00Z,2025-04-19T04:08:00Z,10.0,0.21666666666666667,both_options
2025-04-19T04:08:00Z,2025-04-19T04:48:00Z,10.0,0.6666666666666666,both_options
2025-04-19T04:48:00Z,2025-04-19T04:55:00Z,10.0,0.11666666666666667,both_options
2025-04-19T04:55:00Z,2025-04-19T05:32:00Z,10.0,0.6166666666666667,both_options
2025-04-19T05:32:00Z,2025-04-19T05:55:00Z,10.0,0.38333333333333336,both_options
2025-04-19T05:55:00Z,2025-04-19T06:42:00Z,6.0,0.7833333333333333,both_options
2025-04-19T06:42:00Z,2025-04-19T06:55:00Z,10.0,0.21666666666666667,both_options
2025-04-19T06:55:00Z,2025-04-19T07:40:00Z,10.0,0.75,both_options
2025-04-19T07:40:00Z,2025-04-19T07:55:00Z,10.0,0.25,both_options
2025-04-19T07:55:00Z,2025-04-19T08:55:00Z,10.0,1.0,both_options
2025-04-19T08:55:00Z,2025-04-19T09:55:00Z,9.0,1.0,both_options
2025-04-19T09:55:00Z,2025-04-19T10:24:00Z,9.0,0.48333333333333334,both_options
2025-04-19T10:24:00Z,2025-04-19T10:55:00Z,7.0,0.5166666666666667,both_options
2025-04-19T10:55:00Z,2025-04-19T11:55:00Z,7.0,1.0,both_options
2025-04-19T11:55:00Z,2025-04-19T12:55:00Z,8.0,1.0,both_options
2025-04-19T12:55:00Z,2025-04-19T13:55:00Z,9.0,1.0,both_options
2025-04-19T13:55:00Z,2025-04-19T14:55:00Z,9.0,1.0,both_options
2025-04-19T14:55:00Z,2025-04-19T15:55:00Z,8.0,1.0,both_options
2025-04-19T15:55:00Z,2025-04-19T16:43:00Z,9.0,0.8,both_options
2025-04-19T16:43:00Z,2025-04-19T16:55:00Z,9.0,0.2,both_options
2025-04-19T16:55:00Z,2025-04-19T17:55:00Z,9.0,1.0,both_options
2025-04-19T17:55:00Z,2025-04-19T18:55:00Z,9.0,1.0,both_options
2025-04-19T18:55:00Z,2025-04-19T19:55:00Z,9.0,1.0,both_options
2025-04-19T19:55:00Z,2025-04-19T20:55:00Z,9.0,1.0,both_options
2025-04-19T20:55:00Z,2025-04-19T21:55:00Z,10.0,1.0,both_options
2025-04-19T21:55:00Z,2025-04-19T22:55:00Z,9.0,1.0,both_options
2025-04-19T22:55:00Z,2025-04-19T23:55:00Z,10.0,1.0,both_options
2025-04-19T23:55:00Z,2025-04-20T00:55:00Z,10.0,1.0,both_options
2025-04-20T00:55:00Z,2025-04-20T01:55:00Z,10.0,1.0,both_options
2025-04-20T01:55:00Z,2025-04-20T02:55:00Z,10.0,1.0,both_options
2025-04-20T02:55:00Z,2025-04-20T03:55:00Z,10.0,1.0,both_options
2025-04-20T03:55:00Z,2025-04-20T04:55:00Z,10.0,1.0,both_options
2025-04-20T04:55:00Z,2025-04-20T05:23:00Z,10.0,0.4666666666666667,both_options
2025-04-20T05:23:00Z,2025-04-20T05:32:00Z,10.0,0.15,both_options
2025-04-20T05:32:00Z,2025-04-20T05:55:00Z,10.0,0.38333333333333336,both_options
2025-04-20T05:55:00Z,2025-04-20T06:55:00Z,10.0,1.0,both_options
2025-04-20T06:55:00Z,2025-04-20T07:55:00Z,10.0,1.0,both_options
2025-04-20T07:55:00Z,2025-04-20T08:55:00Z,10.0,1.0,both_options
2025-04-20T08:55:00Z,2025-04-20T09:10:00Z,10.0,0.25,both_options
2025-04-20T09:10:00Z,2025-04-20T09:32:00Z,10.0,0.36666666666666664,both_options
2025-04-20T09:32:00Z,2025-04-20T09:55:00Z,5.0,0.38333333333333336,both_options
2025-04-20T09:55:00Z,2025-04-20T10:28:00Z,10.0,0.55,both_options
2025-04-20T10:28:00Z,2025-04-20T10:55:00Z,9.0,0.45,both_options
2025-04-20T10:55:00Z,2025-04-20T11:36:00Z,8.0,0.6833333333333333,both_options
2025-04-20T11:36:00Z,2025-04-20T11:44:00Z,3.0,0.13333333333333333,both_options
2025-04-20T11:44:00Z,2025-04-20T11:55:00Z,2.5,0.18333333333333332,both_options
2025-04-20T11:55:00Z,2025-04-20T12:08:00Z,5.0,0.21666666666666667,both_options
2025-04-20T12:08:00Z,2025-04-20T12:16:00Z,10.0,0.13333333333333333,both_options
2025-04-20T12:16:00Z,2025-04-20T12:55:00Z,10.0,0.65,both_options
2025-04-20T12:55:00Z,2025-04-20T13:37:00Z,10.0,0.7,both_options
2025-04-20T13:37:00Z,2025-04-20T13:55:00Z,10.0,0.3,both_options
2025-04-20T13:55:00Z,2025-04-20T14:19:00Z,10.0,0.4,both_options
2025-04-20T14:19:00Z,2025-04-20T14:55:00Z,10.0,0.6,both_options
2025-04-20T14:55:00Z,2025-04-20T15:42:00Z,8.0,0.7833333333333333,both_options
2025-04-20T15:42:00Z,2025-04-20T15:55:00Z,9.0,0.21666666666666667,both_options
2025-04-20T15:55:00Z,2025-04-20T16:55:00Z,6.0,1.0,both_options
2025-04-20T16:55:00Z,2025-04-20T17:55:00Z,4.0,1.0,both_options
2025-04-20T17:55:00Z,2025-04-20T18:36:00Z,10.0,0.6833333333333333,both_options
2025-04-20T18:36:00Z,2025-04-20T18:55:00Z,8.0,0.31666666666666665,both_options
2025-04-20T18:55:00Z,2025-04-20T18:59:00Z,2.5,0.06666666666666667,both_options
2025-04-20T18:59:00Z,2025-04-20T19:07:00Z,3.0,0.13333333333333333,both_options
2025-04-20T19:07:00Z,2025-04-20T19:26:00Z,3.0,0.31666666666666665,both_options
2025-04-20T19:26:00Z,2025-04-20T19:33:00Z,3.0,0.11666666666666667,both_options
2025-04-20T19:33:00Z,2025-04-20T19:47:00Z,1.75,0.23333333333333334,both_options
2025-04-20T19:47:00Z,2025-04-20T19:55:00Z,2.0,0.13333333333333333,both_options
2025-04-20T19:55:00Z,2025-04-20T20:16:00Z,3.0,0.35,both_options
2025-04-20T20:16:00Z,2025-04-20T20:55:00Z,10.0,0.65,both_options
2025-04-20T20:55:00Z,2025-04-20T21:07:00Z,5.0,0.2,both_options
2025-04-20T21:07:00Z,2025-04-20T21:55:00Z,10.0,0.8,both_options
2025-04-20T21:55:00Z,2025-04-20T22:55:00Z,10.0,1.0,both_options
2025-04-20T22:55:00Z,2025-04-20T23:55:00Z,10.0,1.0,both_options
2025-04-20T23:55:00Z,2025-04-21T00:06:00Z,10.0,0.18333333333333332,both_options
2025-04-21T00:06:00Z,2025-04-21T00:44:00Z,10.0,0.6333333333333333,both_options
2025-04-21T00:44:00Z,2025-04-21T00:55:00Z,7.0,0.18333333333333332,both_options
2025-04-21T00:55:00Z,2025-04-21T01:13:00Z,10.0,0.3,both_options
2025-04-21T01:13:00Z,2025-04-21T01:28:00Z,10.0,0.25,both_options
2025-04-21T01:28:00Z,2025-04-21T01:37:00Z,10.0,0.15,both_options
2025-04-21T01:37:00Z,2025-04-21T01:50:00Z,10.0,0.21666666666666667,both_options
2025-04-21T01:50:00Z,2025-04-21T01:55:00Z,10.0,0.08333333333333333,both_options
2025-04-21T01:55:00Z,2025-04-21T02:55:00Z,10.0,1.0,both_options
2025-04-21T02:55:00Z,2025-04-21T03:55:00Z,10.0,1.0,both_options
2025-04-21T03:55:00Z,2025-04-21T04:27:00Z,7.0,0.5333333333333333,both_options
2025-04-21T04:27:00Z,2025-04-21T04:41:00Z,7.0,0.23333333333333334,both_options
2025-04-21T04:41:00Z,2025-04-21T04:43:00Z,2.5,0.03333333333333333,both_options
2025-04-21T04:43:00Z,2025-04-21T04:55:00Z,3.0,0.2,both_options
2025-04-21T04:55:00Z,2025-04-21T05:47:00Z,6.0,0.8666666666666667,both_options
2025-04-21T05:47:00Z,2025-04-21T05:55:00Z,10.0,0.13333333333333333,both_options
2025-04-21T05:55:00Z,2025-04-21T06:55:00Z,10.0,1.0,both_options
2025-04-21T06:55:00Z,2025-04-21T07:55:00Z,10.0,1.0,both_options
2025-04-21T07:55:00Z,2025-04-21T08:55:00Z,10.0,1.0,both_options
2025-04-21T08:55:00Z,2025-04-21T09:55:00Z,10.0,1.0,both_options
2025-04-21T09:55:00Z,2025-04-21T10:55:00Z,9.0,1.0,both_options
2025-04-21T10:55:00Z,2025-04-21T11:46:00Z,10.0,0.85,both_options
2025-04-21T11:46:00Z,2025-04-21T11:55:00Z,10.0,0.15,both_options
2025-04-21T11:55:00Z,2025-04-21T12:55:00Z,10.0,1.0,both_options
2025-04-21T12:55:00Z,2025-04-21T13:15:00Z,10.0,0.3333333333333333,both_options
2025-04-21T13:15:00Z,2025-04-21T13:55:00Z,7.0,0.6666666666666666,both_options
2025-04-21T13:55:00Z,2025-04-21T14:31:00Z,10.0,0.6,both_options
2025-04-21T14:31:00Z,2025-04-21T14:38:00Z,10.0,0.11666666666666667,both_options
2025-04-21T14:38:00Z,2025-04-21T14:55:00Z,8.0,0.2833333333333333,both_options
2025-04-21T14:55:00Z,2025-04-21T15:55:00Z,10.0,1.0,both_options
2025-04-21T15:55:00Z,2025-04-21T16:16:00Z,10.0,0.35,both_options
2025-04-21T16:16:00Z,2025-04-21T16:42:00Z,10.0,0.43333333333333335,both_options
2025-04-21T16:42:00Z,2025-04-21T16:55:00Z,10.0,0.21666666666666667,both_options
2025-04-21T16:55:00Z,2025-04-21T17:55:00Z,10.0,1.0,both_options
2025-04-21T17:55:00Z,2025-04-21T18:55:00Z,10.0,1.0,both_options
2025-04-21T18:55:00Z,2025-04-21T19:55:00Z,10.0,1.0,both_options
2025-04-21T19:55:00Z,2025-04-21T20:55:00Z,10.0,1.0,both_options
2025-04-21T20:55:00Z,2025-04-21T21:29:00Z,10.0,0.5666666666666667,both_options
2025-04-21T21:29:00Z,2025-04-21T21:35:00Z,10.0,0.1,both_options
2025-04-21T21:35:00Z,2025-04-21T21:55:00Z,10.0,0.3333333333333333,both_options
2025-04-21T21:55:00Z,2025-04-21T22:55:00Z,10.0,1.0,both_options
2025-04-21T22:55:00Z,2025-04-21T23:55:00Z,10.0,1.0,both_options
2025-04-21T23:55:00Z,2025-04-22T00:55:00Z,10.0,1.0,both_options
2025-04-22T00:55:00Z,2025-04-22T01:55:00Z,10.0,1.0,both_options
2025-04-22T01:55:00Z,2025-04-22T02:55:00Z,10.0,1.0,both_options
2025-04-22T02:55:00Z,2025-04-22T03:55:00Z,10.0,1.0,both_options
2025-04-22T03:55:00Z,2025-04-22T04:55:00Z,10.0,1.0,both_options
2025-04-22T04:55:00Z,2025-04-22T05:55:00Z,10.0,1.0,both_options
2025-04-22T05:55:00Z,2025-04-22T06:55:00Z,10.0,1.0,both_options
2025-04-22T06:55:00Z,2025-04-22T07:55:00Z,10.0,1.0,both_options
2025-04-22T07:55:00Z,2025-04-22T08:55:00Z,10.0,1.0,both_options
2025-04-22T08:55:00Z,2025-04-22T09:55:00Z,10.0,1.0,both_options
2025-04-22T09:55:00Z,2025-04-22T10:55:00Z,10.0,1.0,both_options
2025-04-22T10:55:00Z,2025-04-22T11:55:00Z,10.0,1.0,both_options
2025-04-22T11:55:00Z,2025-04-22T12:55:00Z,10.0,1.0,both_options
2025-04-22T12:55:00Z,2025-04-22T13:55:00Z,10.0,1.0,both_options
2025-04-22T13:55:00Z,2025-04-22T14:55:00Z,10.0,1.0,both_options
2025-04-22T14:55:00Z,2025-04-22T15:55:00Z,10.0,1.0,both_options
2025-04-22T15:55:00Z,2025-04-22T16:55:00Z,10.0,1.0,both_options
2025-04-22T16:55:00Z,2025-04-22T17:55:00Z,10.0,1.0,both_options
2025-04-22T17:55:00Z,2025-04-22T18:55:00Z,10.0,1.0,both_options
2025-04-22T18:55:00Z,2025-04-22T19:55:00Z,10.0,1.0,both_options
2025-04-22T19:55:00Z,2025-04-22T20:55:00Z,10.0,1.0,both_options
2025-04-22T20:55:00Z,2025-04-22T21:55:00Z,10.0,1.0,both_options
2025-04-22T21:55:00Z,2025-04-22T22:55:00Z,10.0,1.0,both_options
2025-04-22T22:55:00Z,2025-04-22T23:55:00Z,10.0,1.0,both_options
2025-04-22T23:55:00Z,2025-04-23T00:55:00Z,10.0,1.0,both_options
2025-04-23T00:55:00Z,2025-04-23T01:55:00Z,10.0,1.0,both_options
2025-04-23T01:55:00Z,2025-04-23T02:55:00Z,10.0,1.0,both_options
2025-04-23T02:55:00Z,2025-04-23T03:55:00Z,10.0,1.0,both_options
2025-04-23T03:55:00Z,2025-04-23T04:55:00Z,10.0,1.0,both_options
2025-04-23T04:55:00Z,2025-04-23T05:55:00Z,10.0,1.0,both_options
2025-04-23T05:55:00Z,2025-04-23T06:55:00Z,10.0,1.0,both_options
2025-04-23T06:55:00Z,2025-04-23T07:55:00Z,10.0,1.0,both_options
2025-04-23T07:55:00Z,2025-04-23T08:55:00Z,10.0,1.0,both_options
2025-04-23T08:55:00Z,2025-04-23T09:55:00Z,10.0,1.0,both_options
2025-04-23T09:55:00Z,2025-04-23T10:55:00Z,10.0,1.0,both_options
2025-04-23T10:55:00Z,2025-04-23T11:55:00Z,10.0,1.0,both_options
2025-04-23T11:55:00Z,2025-04-23T12:52:00Z,10.0,0.95,both_options
2025-04-23T12:52:00Z,2025-04-23T12:55:00Z,2.0,0.05,both_options
2025-04-23T12:55:00Z,2025-04-23T13:04:00Z,1.25,0.15,both_options
2025-04-23T13:04:00Z,2025-04-23T13:11:00Z,2.5,0.11666666666666667,both_options
2025-04-23T13:11:00Z,2025-04-23T13:45:00Z,6.0,0.5666666666666667,both_options
2025-04-23T13:45:00Z,2025-04-23T13:55:00Z,10.0,0.16666666666666666,both_options
2025-04-23T13:55:00Z,2025-04-23T14:55:00Z,10.0,1.0,both_options
2025-04-23T14:55:00Z,2025-04-23T15:22:00Z,10.0,0.45,both_options
2025-04-23T15:22:00Z,2025-04-23T15:50:00Z,10.0,0.4666666666666667,both_options
2025-04-23T15:50:00Z,2025-04-23T15:55:00Z,10.0,0.08333333333333333,both_options
2025-04-23T15:55:00Z,2025-04-23T16:55:00Z,10.0,1.0,both_options
2025-04-23T16:55:00Z,2025-04-23T17:55:00Z,10.0,1.0,both_options
2025-04-23T17:55:00Z,2025-04-23T18:55:00Z,10.0,1.0,both_options
2025-04-23T18:55:00Z,2025-04-23T19:55:00Z,10.0,1.0,both_options
2025-04-23T19:55:00Z,2025-04-23T20:55:00Z,10.0,1.0,both_options
2025-04-23T20:55:00Z,2025-04-23T21:55:00Z,10.0,1.0,both_options
2025-04-23T21:55:00Z,2025-04-23T22:55:00Z,10.0,1.0,both_options
2025-04-23T22:55:00Z,2025-04-23T23:55:00Z,10.0,1.0,both_options
2025-04-23T23:55:00Z,2025-04-24T00:55:00Z,10.0,1.0,both_options
2025-04-24T00:55:00Z,2025-04-24T01:55:00Z,10.0,1.0,both_options
2025-04-24T01:55:00Z,2025-04-24T02:55:00Z,10.0,1.0,both_options
2025-04-24T02:55:00Z,2025-04-24T03:55:00Z,10.0,1.0,both_options
2025-04-24T03:55:00Z,2025-04-24T04:55:00Z,10.0,1.0,both_options
2025-04-24T04:55:00Z,2025-04-24T05:55:00Z,10.0,1.0,both_options
2025-04-24T05:55:00Z,2025-04-24T06:55:00Z,10.0,1.0,both_options
2025-04-24T06:55:00Z,2025-04-24T07:55:00Z,10.0,1.0,both_options
2025-04-24T07:55:00Z,2025-04-24T08:55:00Z,10.0,1.0,both_options
2025-04-24T08:55:00Z,2025-04-24T09:55:00Z,10.0,1.0,both_options
2025-04-24T09:55:00Z,2025-04-24T10:55:00Z,10.0,1.0,both_options
2025-04-24T10:55:00Z,2025-04-24T11:55:00Z,10.0,1.0,both_options
2025-04-24T11:55:00Z,2025-04-24T12:48:00Z,10.0,0.8833333333333333,both_options
2025-04-24T12:48:00Z,2025-04-24T12:50:00Z,2.0,0.03333333333333333,both_options
2025-04-24T12:50:00Z,2025-04-24T12:55:00Z,1.0,0.08333333333333333,both_options
2025-04-24T12:55:00Z,2025-04-24T13:24:00Z,0.25,0.48333333333333334,neither_option
2025-04-24T13:24:00Z,2025-04-24T13:34:00Z,0.25,0.16666666666666666,neither_option
2025-04-24T13:34:00Z,2025-04-24T13:39:00Z,0.25,0.08333333333333333,neither_option
2025-04-24T13:39:00Z,2025-04-24T13:45:00Z,1.0,0.1,both_options
2025-04-24T13:45:00Z,2025-04-24T13:51:00Z,0.25,0.1,neither_option
2025-04-24T13:51:00Z,2025-04-24T13:55:00Z,0.25,0.06666666666666667,neither_option
2025-04-24T13:55:00Z,2025-04-24T14:53:00Z,0.25,0.9666666666666667,neither_option
2025-04-24T14:53:00Z,2025-04-24T14:55:00Z,0.25,0.03333333333333333,neither_option
2025-04-24T14:55:00Z,2025-04-24T15:11:00Z,0.25,0.26666666666666666,neither_option
2025-04-24T15:11:00Z,2025-04-24T15:14:00Z,1.0,0.05,both_options
2025-04-24T15:14:00Z,2025-04-24T15:21:00Z,2.0,0.11666666666666667,both_options
2025-04-24T15:21:00Z,2025-04-24T15:55:00Z,3.0,0.5666666666666667,both_options
2025-04-24T15:55:00Z,2025-04-24T16:42:00Z,6.0,0.7833333333333333,both_options
2025-04-24T16:42:00Z,2025-04-24T16:55:00Z,9.0,0.21666666666666667,both_options
2025-04-24T16:55:00Z,2025-04-24T17:55:00Z,10.0,1.0,both_options
2025-04-24T17:55:00Z,2025-04-24T18:55:00Z,10.0,1.0,both_options
2025-04-24T18:55:00Z,2025-04-24T19:55:00Z,10.0,1.0,both_options
2025-04-24T19:55:00Z,2025-04-24T20:55:00Z,10.0,1.0,both_options
2025-04-24T20:55:00Z,2025-04-24T21:55:00Z,10.0,1.0,both_options
2025-04-24T21:55:00Z,2025-04-24T22:55:00Z,10.0,1.0,both_options
2025-04-24T22:55:00Z,2025-04-24T23:55:00Z,10.0,1.0,both_options
2025-04-24T23:55:00Z,2025-04-25T00:55:00Z,9.0,1.0,both_options
2025-04-25T00:55:00Z,2025-04-25T01:12:00Z,9.0,0.2833333333333333,both_options
2025-04-25T01:12:00Z,2025-04-25T01:40:00Z,9.0,0.4666666666666667,both_options
2025-04-25T01:40:00Z,2025-04-25T01:55:00Z,9.0,0.25,both_options
2025-04-25T01:55:00Z,2025-04-25T02:40:00Z,8.0,0.75,both_options
2025-04-25T02:40:00Z,2025-04-25T02:55:00Z,8.0,0.25,both_options
2025-04-25T02:55:00Z,2025-04-25T03:55:00Z,9.0,1.0,both_options
2025-04-25T03:55:00Z,2025-04-25T04:55:00Z,10.0,1.0,both_options
2025-04-25T04:55:00Z,2025-04-25T05:55:00Z,10.0,1.0,both_options
2025-04-25T05:55:00Z,2025-04-25T06:55:00Z,10.0,1.0,both_options
2025-04-25T06:55:00Z,2025-04-25T07:19:00Z,10.0,0.4,both_options
2025-04-25T07:19:00Z,2025-04-25T07:26:00Z,10.0,0.11666666666666667,both_options
2025-04-25T07:26:00Z,2025-04-25T07:55:00Z,10.0,0.48333333333333334,both_options
2025-04-25T07:55:00Z,2025-04-25T08:55:00Z,10.0,1.0,both_options
2025-04-25T08:55:00Z,2025-04-25T09:55:00Z,10.0,1.0,both_options
2025-04-25T09:55:00Z,2025-04-25T10:55:00Z,10.0,1.0,both_options
2025-04-25T10:55:00Z,2025-04-25T11:55:00Z,9.0,1.0,both_options
2025-04-25T11:55:00Z,2025-04-25T12:55:00Z,9.0,1.0,both_options
2025-04-25T12:55:00Z,2025-04-25T13:28:00Z,6.0,0.55,both_options
2025-04-25T13:28:00Z,2025-04-25T13:55:00Z,7.0,0.45,both_options
2025-04-25T13:55:00Z,2025-04-25T14:40:00Z,6.0,0.75,both_options
2025-04-25T14:40:00Z,2025-04-25T14:55:00Z,3.0,0.25,both_options
2025-04-25T14:55:00Z,2025-04-25T15:55:00Z,5.0,1.0,both_options
2025-04-25T15:55:00Z,2025-04-25T16:55:00Z,9.0,1.0,both_options
2025-04-25T16:55:00Z,2025-04-25T17:55:00Z,10.0,1.0,both_options
2025-04-25T17:55:00Z,2025-04-25T18:17:00Z,10.0,0.36666666666666664,both_options
2025-04-25T18:17:00Z,2025-04-25T18:55:00Z,10.0,0.6333333333333333,both_options
2025-04-25T18:55:00Z,2025-04-25T19:55:00Z,10.0,1.0,both_options
2025-04-25T19:55:00Z,2025-04-25T20:55:00Z,10.0,1.0,both_options
2025-04-25T20:55:00Z,2025-04-25T21:03:00Z,9.0,0.13333333333333333,both_options
2025-04-25T21:03:00Z,2025-04-25T21:55:00Z,9.0,0.8666666666666667,both_options
2025-04-25T21:55:00Z,2025-04-25T22:28:00Z,9.0,0.55,both_options
2025-04-25T22:28:00Z,2025-04-25T22:55:00Z,9.0,0.45,both_options
2025-04-25T22:55:00Z,2025-04-25T23:55:00Z,9.0,1.0,both_options
2025-04-25T23:55:00Z,2025-04-26T00:55:00Z,8.0,1.0,both_options
2025-04-26T00:55:00Z,2025-04-26T01:55:00Z,9.0,1.0,both_options
2025-04-26T01:55:00Z,2025-04-26T02:55:00Z,8.0,1.0,both_options
2025-04-26T02:55:00Z,2025-04-26T03:45:00Z,8.0,0.8333333333333334,both_options
2025-04-26T03:45:00Z,2025-04-26T03:55:00Z,9.0,0.16666666666666666,both_options
2025-04-26T03:55:00Z,2025-04-26T04:55:00Z,9.0,1.0,both_options
2025-04-26T04:55:00Z,2025-04-26T05:55:00Z,8.0,1.0,both_options
2025-04-26T05:55:00Z,2025-04-26T06:55:00Z,8.0,1.0,both_options
2025-04-26T06:55:00Z,2025-04-26T07:55:00Z,8.0,1.0,both_options
2025-04-26T07:55:00Z,2025-04-26T08:55:00Z,8.0,1.0,both_options
2025-04-26T08:55:00Z,2025-04-26T09:55:00Z,8.0,1.0,both_options
2025-04-26T09:55:00Z,2025-04-26T10:55:00Z,8.0,1.0,both_options
2025-04-26T10:55:00Z,2025-04-26T11:55:00Z,8.0,1.0,both_options
2025-04-26T11:55:00Z,2025-04-26T12:55:00Z,9.0,1.0,both_options
2025-04-26T12:55:00Z,2025-04-26T13:55:00Z,6.0,1.0,both_options
2025-04-26T13:55:00Z,2025-04-26T14:17:00Z,5.0,0.36666666666666664,both_options
2025-04-26T14:17:00Z,2025-04-26T14:35:00Z,5.0,0.3,both_options
2025-04-26T14:35:00Z,2025-04-26T14:55:00Z,5.0,0.3333333333333333,both_options
2025-04-26T14:55:00Z,2025-04-26T15:31:00Z,5.0,0.6,both_options
2025-04-26T15:31:00Z,2025-04-26T15:55:00Z,5.0,0.4,both_options
2025-04-26T15:55:00Z,2025-04-26T16:04:00Z,5.0,0.15,both_options
2025-04-26T16:04:00Z,2025-04-26T16:55:00Z,6.0,0.85,both_options
2025-04-26T16:55:00Z,2025-04-26T17:55:00Z,6.0,1.0,both_options
2025-04-26T17:55:00Z,2025-04-26T18:55:00Z,9.0,1.0,both_options
2025-04-26T18:55:00Z,2025-04-26T19:55:00Z,9.0,1.0,both_options
2025-04-26T19:55:00Z,2025-04-26T20:55:00Z,9.0,1.0,both_options
2025-04-26T20:55:00Z,2025-04-26T21:55:00Z,9.0,1.0,both_options
2025-04-26T21:55:00Z,2025-04-26T22:55:00Z,9.0,1.0,both_options
2025-04-26T22:55:00Z,2025-04-26T23:55:00Z,10.0,1.0,both_options
2025-04-26T23:55:00Z,2025-04-27T00:55:00Z,10.0,1.0,both_options
2025-04-27T00:55:00Z,2025-04-27T01:55:00Z,10.0,1.0,both_options
2025-04-27T01:55:00Z,2025-04-27T02:55:00Z,10.0,1.0,both_options
2025-04-27T02:55:00Z,2025-04-27T03:55:00Z,10.0,1.0,both_options
2025-04-27T03:55:00Z,2025-04-27T04:13:00Z,10.0,0.3,both_options
2025-04-27T04:13:00Z,2025-04-27T04:55:00Z,10.0,0.7,both_options
2025-04-27T04:55:00Z,2025-04-27T05:55:00Z,10.0,1.0,both_options
2025-04-27T05:55:00Z,2025-04-27T06:55:00Z,10.0,1.0,both_options
2025-04-27T06:55:00Z,2025-04-27T07:55:00Z,10.0,1.0,both_options
2025-04-27T07:55:00Z,2025-04-27T08:55:00Z,10.0,1.0,both_options
2025-04-27T08:55:00Z,2025-04-27T09:55:00Z,10.0,1.0,both_options
2025-04-27T09:55:00Z,2025-04-27T10:55:00Z,10.0,1.0,both_options
2025-04-27T10:55:00Z,2025-04-27T11:55:00Z,10.0,1.0,both_options
2025-04-27T11:55:00Z,2025-04-27T12:55:00Z,10.0,1.0,both_options
2025-04-27T12:55:00Z,2025-04-27T13:55:00Z,10.0,1.0,both_options
2025-04-27T13:55:00Z,2025-04-27T14:55:00Z,8.0,1.0,both_options
2025-04-27T14:55:00Z,2025-04-27T15:55:00Z,9.0,1.0,both_options
2025-04-27T15:55:00Z,2025-04-27T16:55:00Z,10.0,1.0,both_options
2025-04-27T16:55:00Z,2025-04-27T17:04:00Z,9.0,0.15,both_options
2025-04-27T17:04:00Z,2025-04-27T17:12:00Z,10.0,0.13333333333333333,both_options
2025-04-27T17:12:00Z,2025-04-27T17:55:00Z,10.0,0.7166666666666667,both_options
2025-04-27T17:55:00Z,2025-04-27T18:02:00Z,10.0,0.11666666666666667,both_options
2025-04-27T18:02:00Z,2025-04-27T18:55:00Z,10.0,0.8833333333333333,both_options
2025-04-27T18:55:00Z,2025-04-27T19:55:00Z,10.0,1.0,both_options
2025-04-27T19:55:00Z,2025-04-27T20:55:00Z,9.0,1.0,both_options
2025-04-27T20:55:00Z,2025-04-27T21:26:00Z,10.0,0.5166666666666667,both_options
2025-04-27T21:26:00Z,2025-04-27T21:55:00Z,3.0,0.48333333333333334,both_options
2025-04-27T21:55:00Z,2025-04-27T22:11:00Z,10.0,0.26666666666666666,both_options
2025-04-27T22:11:00Z,2025-04-27T22:38:00Z,10.0,0.45,both_options
2025-04-27T22:38:00Z,2025-04-27T22:55:00Z,10.0,0.2833333333333333,both_options
2025-04-27T22:55:00Z,2025-04-27T23:55:00Z,10.0,1.0,both_options
2025-04-27T23:55:00Z,2025-04-28T00:50:00Z,10.0,0.9166666666666666,both_options
2025-04-28T00:50:00Z,2025-04-28T00:55:00Z,10.0,0.08333333333333333,both_options
2025-04-28T00:55:00Z,2025-04-28T01:04:00Z,10.0,0.15,both_options
2025-04-28T01:04:00Z,2025-04-28T01:55:00Z,10.0,0.85,both_options
2025-04-28T01:55:00Z,2025-04-28T02:32:00Z,10.0,0.6166666666666667,both_options
2025-04-28T02:32:00Z,2025-04-28T02:55:00Z,6.0,0.38333333333333336,both_options
2025-04-28T02:55:00Z,2025-04-28T02:59:00Z,7.0,0.06666666666666667,both_options
2025-04-28T02:59:00Z,2025-04-28T03:47:00Z,9.0,0.8,both_options
2025-04-28T03:47:00Z,2025-04-28T03:55:00Z,10.0,0.13333333333333333,both_options
2025-04-28T03:55:00Z,2025-04-28T04:37:00Z,10.0,0.7,both_options
2025-04-28T04:37:00Z,2025-04-28T04:55:00Z,10.0,0.3,both_options
2025-04-28T04:55:00Z,2025-04-28T05:55:00Z,10.0,1.0,both_options
2025-04-28T05:55:00Z,2025-04-28T06:55:00Z,10.0,1.0,both_options
2025-04-28T06:55:00Z,2025-04-28T07:55:00Z,10.0,1.0,both_options
2025-04-28T07:55:00Z,2025-04-28T08:55:00Z,10.0,1.0,both_options
2025-04-28T08:55:00Z,2025-04-28T09:23:00Z,10.0,0.4666666666666667,both_options
2025-04-28T09:23:00Z,2025-04-28T09:50:00Z,10.0,0.45,both_options
2025-04-28T09:50:00Z,2025-04-28T09:55:00Z,10.0,0.08333333333333333,both_options
2025-04-28T09:55:00Z,2025-04-28T10:55:00Z,10.0,1.0,both_options
2025-04-28T10:55:00Z,2025-04-28T11:03:00Z,10.0,0.13333333333333333,both_options
2025-04-28T11:03:00Z,2025-04-28T11:55:00Z,10.0,0.8666666666666667,both_options
2025-04-28T11:55:00Z,2025-04-28T12:55:00Z,10.0,1.0,both_options
2025-04-28T12:55:00Z,2025-04-28T13:55:00Z,10.0,1.0,both_options
2025-04-28T13:55:00Z,2025-04-28T14:55:00Z,10.0,1.0,both_options
2025-04-28T14:55:00Z,2025-04-28T15:55:00Z,10.0,1.0,both_options
2025-04-28T15:55:00Z,2025-04-28T16:55:00Z,10.0,1.0,both_options
2025-04-28T16:55:00Z,2025-04-28T17:55:00Z,10.0,1.0,both_options
2025-04-28T17:55:00Z,2025-04-28T18:55:00Z,10.0,1.0,both_options
2025-04-28T18:55:00Z,2025-04-28T19:55:00Z,10.0,1.0,both_options
2025-04-28T19:55:00Z,2025-04-28T20:55:00Z,10.0,1.0,both_options
2025-04-28T20:55:00Z,2025-04-28T21:55:00Z,10.0,1.0,both_options
2025-04-28T21:55:00Z,2025-04-28T22:55:00Z,10.0,1.0,both_options
2025-04-28T22:55:00Z,2025-04-28T23:55:00Z,10.0,1.0,both_options
2025-04-28T23:55:00Z,2025-04-29T00:55:00Z,10.0,1.0,both_options
2025-04-29T00:55:00Z,2025-04-29T01:55:00Z,10.0,1.0,both_options
2025-04-29T01:55:00Z,2025-04-29T02:55:00Z,10.0,1.0,both_options
2025-04-29T02:55:00Z,2025-04-29T03:55:00Z,10.0,1.0,both_options
2025-04-29T03:55:00Z,2025-04-29T04:55:00Z,10.0,1.0,both_options
2025-04-29T04:55:00Z,2025-04-29T05:34:00Z,9.0,0.65,both_options
2025-04-29T05:34:00Z,2025-04-29T05:55:00Z,9.0,0.35,both_options
2025-04-29T05:55:00Z,2025-04-29T06:18:00Z,9.0,0.38333333333333336,both_options
2025-04-29T06:18:00Z,2025-04-29T06:44:00Z,10.0,0.43333333333333335,both_options
2025-04-29T06:44:00Z,2025-04-29T06:55:00Z,10.0,0.18333333333333332,both_options
2025-04-29T06:55:00Z,2025-04-29T07:26:00Z,8.0,0.5166666666666667,both_options
2025-04-29T07:26:00Z,2025-04-29T07:34:00Z,3.0,0.13333333333333333,both_options
2025-04-29T07:34:00Z,2025-04-29T07:50:00Z,2.5,0.26666666666666666,both_options
2025-04-29T07:50:00Z,2025-04-29T07:55:00Z,4.0,0.08333333333333333,both_options
2025-04-29T07:55:00Z,2025-04-29T08:25:00Z,5.0,0.5,both_options
2025-04-29T08:25:00Z,2025-04-29T08:55:00Z,9.0,0.5,both_options
2025-04-29T08:55:00Z,2025-04-29T09:01:00Z,3.0,0.1,both_options
2025-04-29T09:01:00Z,2025-04-29T09:29:00Z,2.5,0.4666666666666667,both_options
2025-04-29T09:29:00Z,2025-04-29T09:55:00Z,3.0,0.43333333333333335,both_options
2025-04-29T09:55:00Z,2025-04-29T10:02:00Z,3.0,0.11666666666666667,both_options
2025-04-29T10:02:00Z,2025-04-29T10:13:00Z,2.5,0.18333333333333332,both_options
2025-04-29T10:13:00Z,2025-04-29T10:39:00Z,2.5,0.43333333333333335,both_options
2025-04-29T10:39:00Z,2025-04-29T10:43:00Z,2.5,0.06666666666666667,both_options
2025-04-29T10:43:00Z,2025-04-29T10:55:00Z,3.0,0.2,both_options
2025-04-29T10:55:00Z,2025-04-29T11:36:00Z,3.0,0.6833333333333333,both_options
2025-04-29T11:36:00Z,2025-04-29T11:55:00Z,2.5,0.31666666666666665,both_options
2025-04-29T11:55:00Z,2025-04-29T12:14:00Z,2.5,0.31666666666666665,both_options
2025-04-29T12:14:00Z,2025-04-29T12:34:00Z,2.5,0.3333333333333333,both_options
2025-04-29T12:34:00Z,2025-04-29T12:55:00Z,3.0,0.35,both_options
2025-04-29T12:55:00Z,2025-04-29T13:55:00Z,4.0,1.0,both_options
2025-04-29T13:55:00Z,2025-04-29T14:55:00Z,9.0,1.0,both_options
2025-04-30T17:55:00Z,2025-04-30T18:55:00Z,10.0,1.0,both_options
2025-04-30T18:55:00Z,2025-04-30T19:55:00Z,10.0,1.0,both_options
2025-04-30T19:55:00Z,2025-04-30T20:55:00Z,,1.0,unknown
2025-04-30T20:55:00Z,2025-04-30T21:55:00Z,10.0,1.0,both_options
2025-04-30T21:55:00Z,2025-04-30T22:55:00Z,10.0,1.0,both_options
2025-04-30T22:55:00Z,2025-04-30T23:55:00Z,10.0,1.0,both_options
2025-04-30T23:55:00Z,2025-05-01T00:55:00Z,10.0,1.0,both_options
2025-05-01T00:55:00Z,2025-05-01T01:55:00Z,10.0,1.0,both_options
2025-05-01T01:55:00Z,2025-05-01T02:55:00Z,10.0,1.0,both_options
2025-05-01T02:55:00Z,2025-05-01T03:55:00Z,10.0,1.0,both_options
2025-05-01T03:55:00Z,2025-05-01T04:55:00Z,10.0,1.0,both_options
2025-05-01T04:55:00Z,2025-05-01T05:55:00Z,10.0,1.0,both_options
2025-05-01T05:55:00Z,2025-05-01T06:55:00Z,10.0,1.0,both_options
2025-05-01T06:55:00Z,2025-05-01T07:55:00Z,10.0,1.0,both_options
2025-05-01T07:55:00Z,2025-05-01T08:55:00Z,10.0,1.0,both_options
2025-05-01T08:55:00Z,2025-05-01T09:41:00Z,10.0,0.7666666666666667,both_options
2025-05-01T09:41:00Z,2025-05-01T09:43:00Z,2.0,0.03333333333333333,both_options
2025-05-01T09:43:00Z,2025-05-01T09:50:00Z,1.0,0.11666666666666667,both_options
2025-05-01T09:50:00Z,2025-05-01T09:55:00Z,0.5,0.08333333333333333,neither_option
2025-05-01T09:55:00Z,2025-05-01T09:57:00Z,0.75,0.03333333333333333,lower_only
2025-05-01T09:57:00Z,2025-05-01T10:01:00Z,1.25,0.06666666666666667,both_options
2025-05-01T10:01:00Z,2025-05-01T10:08:00Z,2.5,0.11666666666666667,both_options
2025-05-01T10:08:00Z,2025-05-01T10:55:00Z,10.0,0.7833333333333333,both_options
2025-05-01T10:55:00Z,2025-05-01T11:43:00Z,8.0,0.8,both_options
2025-05-01T11:43:00Z,2025-05-01T11:55:00Z,10.0,0.2,both_options
2025-05-01T11:55:00Z,2025-05-01T12:14:00Z,10.0,0.31666666666666665,both_options
2025-05-01T12:14:00Z,2025-05-01T12:49:00Z,10.0,0.5833333333333334,both_options
2025-05-01T12:49:00Z,2025-05-01T12:50:00Z,2.5,0.016666666666666666,both_options
2025-05-01T12:50:00Z,2025-05-01T12:53:00Z,2.0,0.05,both_options
2025-05-01T12:53:00Z,2025-05-01T13:01:00Z,1.25,0.13333333333333333,both_options
2025-05-01T13:01:00Z,2025-05-01T13:17:00Z,0.5,0.26666666666666666,neither_option
2025-05-01T13:17:00Z,2025-05-01T13:26:00Z,0.25,0.15,neither_option
2025-05-01T13:26:00Z,2025-05-01T13:55:00Z,0.25,0.48333333333333334,neither_option
2025-05-01T13:55:00Z,2025-05-01T14:14:00Z,0.25,0.31666666666666665,neither_option
2025-05-01T14:14:00Z,2025-05-01T14:26:00Z,0.25,0.2,neither_option
2025-05-01T14:26:00Z,2025-05-01T14:29:00Z,1.0,0.05,both_options
2025-05-01T14:29:00Z,2025-05-01T14:36:00Z,2.0,0.11666666666666667,both_options
2025-05-01T14:36:00Z,2025-05-01T14:45:00Z,9.0,0.15,both_options
2025-05-01T14:45:00Z,2025-05-01T14:55:00Z,10.0,0.16666666666666666,both_options
2025-05-01T14:55:00Z,2025-05-01T15:55:00Z,10.0,1.0,both_options
2025-05-01T15:55:00Z,2025-05-01T16:55:00Z,10.0,1.0,both_options
2025-05-01T16:55:00Z,2025-05-01T17:55:00Z,10.0,1.0,both_options
2025-05-01T17:55:00Z,2025-05-01T18:55:00Z,10.0,1.0,both_options
2025-05-01T18:55:00Z,2025-05-01T19:55:00Z,10.0,1.0,both_options
2025-05-01T19:55:00Z,2025-05-01T20:55:00Z,10.0,1.0,both_options
2025-05-01T20:55:00Z,2025-05-01T21:55:00Z,10.0,1.0,both_options
2025-05-01T21:55:00Z,2025-05-01T22:55:00Z,10.0,1.0,both_options
2025-05-01T22:55:00Z,2025-05-01T23:55:00Z,10.0,1.0,both_options
2025-05-01T23:55:00Z,2025-05-02T00:55:00Z,10.0,1.0,both_options
2025-05-02T00:55:00Z,2025-05-02T01:55:00Z,10.0,1.0,both_options
2025-05-02T01:55:00Z,2025-05-02T02:55:00Z,10.0,1.0,both_options
2025-05-02T02:55:00Z,2025-05-02T03:55:00Z,10.0,1.0,both_options
2025-05-02T03:55:00Z,2025-05-02T04:55:00Z,10.0,1.0,both_options
2025-05-02T04:55:00Z,2025-05-02T05:55:00Z,10.0,1.0,both_options
2025-05-02T05:55:00Z,2025-05-02T06:55:00Z,10.0,1.0,both_options
2025-05-02T06:55:00Z,2025-05-02T07:22:00Z,10.0,0.45,both_options
2025-05-02T07:22:00Z,2025-05-02T07:41:00Z,10.0,0.31666666666666665,both_options
2025-05-02T07:41:00Z,2025-05-02T07:55:00Z,9.0,0.23333333333333334,both_options
2025-05-02T07:55:00Z,2025-05-02T08:42:00Z,10.0,0.7833333333333333,both_options
2025-05-02T08:42:00Z,2025-05-02T08:55:00Z,10.0,0.21666666666666667,both_options
2025-05-02T08:55:00Z,2025-05-02T09:55:00Z,10.0,1.0,both_options
2025-05-02T09:55:00Z,2025-05-02T10:55:00Z,10.0,1.0,both_options
2025-05-02T10:55:00Z,2025-05-02T11:55:00Z,9.0,1.0,both_options
2025-05-02T11:55:00Z,2025-05-02T12:22:00Z,9.0,0.45,both_options
2025-05-02T12:22:00Z,2025-05-02T12:55:00Z,9.0,0.55,both_options
2025-05-02T12:55:00Z,2025-05-02T13:43:00Z,10.0,0.8,both_options
2025-05-02T13:43:00Z,2025-05-02T13:55:00Z,9.0,0.2,both_options
2025-05-02T13:55:00Z,2025-05-02T14:55:00Z,10.0,1.0,both_options
2025-05-02T14:55:00Z,2025-05-02T15:55:00Z,10.0,1.0,both_options
2025-05-02T15:55:00Z,2025-05-02T16:55:00Z,10.0,1.0,both_options
2025-05-02T16:55:00Z,2025-05-02T17:20:00Z,10.0,0.4166666666666667,both_options
2025-05-02T17:20:00Z,2025-05-02T17:55:00Z,10.0,0.5833333333333334,both_options
2025-05-02T17:55:00Z,2025-05-02T18:36:00Z,10.0,0.6833333333333333,both_options
2025-05-02T18:36:00Z,2025-05-02T18:55:00Z,10.0,0.31666666666666665,both_options
2025-05-02T18:55:00Z,2025-05-02T19:55:00Z,10.0,1.0,both_options
2025-05-02T19:55:00Z,2025-05-02T20:46:00Z,10.0,0.85,both_options
2025-05-02T20:46:00Z,2025-05-02T20:55:00Z,10.0,0.15,both_options
2025-05-02T20:55:00Z,2025-05-02T21:55:00Z,10.0,1.0,both_options
2025-05-02T21:55:00Z,2025-05-02T22:53:00Z,10.0,0.9666666666666667,both_options
2025-05-02T22:53:00Z,2025-05-02T22:55:00Z,10.0,0.03333333333333333,both_options
2025-05-02T22:55:00Z,2025-05-02T23:21:00Z,10.0,0.43333333333333335,both_options
2025-05-02T23:21:00Z,2025-05-02T23:25:00Z,3.0,0.06666666666666667,both_options
2025-05-02T23:25:00Z,2025-05-02T23:29:00Z,2.5,0.06666666666666667,both_options
2025-05-02T23:29:00Z,2025-05-02T23:38:00Z,1.75,0.15,both_options
2025-05-02T23:38:00Z,2025-05-02T23:55:00Z,1.25,0.2833333333333333,both_options
2025-05-02T23:55:00Z,2025-05-02T23:59:00Z,1.75,0.06666666666666667,both_options
2025-05-02T23:59:00Z,2025-05-03T00:46:00Z,3.0,0.7833333333333333,both_options
2025-05-03T00:46:00Z,2025-05-03T00:55:00Z,4.0,0.15,both_options
2025-05-03T00:55:00Z,2025-05-03T01:08:00Z,4.0,0.21666666666666667,both_options
2025-05-03T01:08:00Z,2025-05-03T01:37:00Z,3.0,0.48333333333333334,both_options
2025-05-03T01:37:00Z,2025-05-03T01:55:00Z,10.0,0.3,both_options
2025-05-03T01:55:00Z,2025-05-03T02:38:00Z,8.0,0.7166666666666667,both_options
2025-05-03T02:38:00Z,2025-05-03T02:55:00Z,10.0,0.2833333333333333,both_options
2025-05-03T02:55:00Z,2025-05-03T03:11:00Z,10.0,0.26666666666666666,both_options
2025-05-03T03:11:00Z,2025-05-03T03:20:00Z,3.0,0.15,both_options
2025-05-03T03:20:00Z,2025-05-03T03:27:00Z,2.5,0.11666666666666667,both_options
2025-05-03T03:27:00Z,2025-05-03T03:44:00Z,4.0,0.2833333333333333,both_options
2025-05-03T03:44:00Z,2025-05-03T03:55:00Z,10.0,0.18333333333333332,both_options
2025-05-03T03:55:00Z,2025-05-03T04:02:00Z,2.5,0.11666666666666667,both_options
2025-05-03T04:02:00Z,2025-05-03T04:23:00Z,4.0,0.35,both_options
2025-05-03T04:23:00Z,2025-05-03T04:55:00Z,10.0,0.5333333333333333,both_options
2025-05-03T04:55:00Z,2025-05-03T05:04:00Z,10.0,0.15,both_options
2025-05-03T05:04:00Z,2025-05-03T05:21:00Z,10.0,0.2833333333333333,both_options
2025-05-03T05:21:00Z,2025-05-03T05:28:00Z,10.0,0.11666666666666667,both_options
2025-05-03T05:28:00Z,2025-05-03T05:38:00Z,10.0,0.16666666666666666,both_options
2025-05-03T05:38:00Z,2025-05-03T05:55:00Z,10.0,0.2833333333333333,both_options
2025-05-03T05:55:00Z,2025-05-03T06:03:00Z,10.0,0.13333333333333333,both_options
2025-05-03T06:03:00Z,2025-05-03T06:31:00Z,10.0,0.4666666666666667,both_options
2025-05-03T06:31:00Z,2025-05-03T06:51:00Z,10.0,0.3333333333333333,both_options
2025-05-03T06:51:00Z,2025-05-03T06:55:00Z,10.0,0.06666666666666667,both_options
2025-05-03T06:55:00Z,2025-05-03T07:21:00Z,10.0,0.43333333333333335,both_options
2025-05-03T07:21:00Z,2025-05-03T07:53:00Z,10.0,0.5333333333333333,both_options
2025-05-03T07:53:00Z,2025-05-03T07:55:00Z,10.0,0.03333333333333333,both_options
2025-05-03T07:55:00Z,2025-05-03T08:55:00Z,10.0,1.0,both_options
2025-05-03T08:55:00Z,2025-05-03T09:55:00Z,10.0,1.0,both_options
2025-05-03T09:55:00Z,2025-05-03T10:55:00Z,4.0,1.0,both_options
2025-05-03T10:55:00Z,2025-05-03T11:55:00Z,10.0,1.0,both_options
2025-05-03T11:55:00Z,2025-05-03T12:55:00Z,10.0,1.0,both_options
2025-05-03T12:55:00Z,2025-05-03T13:55:00Z,10.0,1.0,both_options
2025-05-03T13:55:00Z,2025-05-03T14:05:00Z,10.0,0.16666666666666666,both_options
2025-05-03T14:05:00Z,2025-05-03T14:55:00Z,10.0,0.8333333333333334,both_options
2025-05-03T14:55:00Z,2025-05-03T15:55:00Z,10.0,1.0,both_options
2025-05-03T15:55:00Z,2025-05-03T16:34:00Z,10.0,0.65,both_options
2025-05-03T16:34:00Z,2025-05-03T16:51:00Z,10.0,0.2833333333333333,both_options
2025-05-03T16:51:00Z,2025-05-03T16:55:00Z,10.0,0.06666666666666667,both_options
2025-05-03T16:55:00Z,2025-05-03T17:55:00Z,10.0,1.0,both_options
2025-05-03T17:55:00Z,2025-05-03T18:55:00Z,10.0,1.0,both_options
2025-05-03T18:55:00Z,2025-05-03T19:55:00Z,10.0,1.0,both_options
2025-05-03T19:55:00Z,2025-05-03T20:55:00Z,10.0,1.0,both_options
2025-05-03T20:55:00Z,2025-05-03T21:55:00Z,10.0,1.0,both_options
2025-05-03T21:55:00Z,2025-05-03T22:55:00Z,10.0,1.0,both_options
2025-05-03T22:55:00Z,2025-05-03T23:55:00Z,10.0,1.0,both_options
2025-05-03T23:55:00Z,2025-05-04T00:55:00Z,10.0,1.0,both_options
2025-05-04T00:55:00Z,2025-05-04T01:55:00Z,10.0,1.0,both_options
2025-05-04T01:55:00Z,2025-05-04T02:55:00Z,10.0,1.0,both_options
2025-05-04T02:55:00Z,2025-05-04T03:55:00Z,10.0,1.0,both_options
2025-05-04T03:55:00Z,2025-05-04T04:55:00Z,10.0,1.0,both_options
2025-05-04T04:55:00Z,2025-05-04T05:19:00Z,10.0,0.4,both_options
2025-05-04T05:19:00Z,2025-05-04T05:55:00Z,10.0,0.6,both_options
2025-05-04T05:55:00Z,2025-05-04T06:15:00Z,10.0,0.3333333333333333,both_options
2025-05-04T06:15:00Z,2025-05-04T06:31:00Z,10.0,0.26666666666666666,both_options
2025-05-04T06:31:00Z,2025-05-04T06:47:00Z,10.0,0.26666666666666666,both_options
2025-05-04T06:47:00Z,2025-05-04T06:55:00Z,10.0,0.13333333333333333,both_options
2025-05-04T06:55:00Z,2025-05-04T07:55:00Z,10.0,1.0,both_options
2025-05-04T07:55:00Z,2025-05-04T08:55:00Z,10.0,1.0,both_options
2025-05-04T08:55:00Z,2025-05-04T09:13:00Z,7.0,0.3,both_options
2025-05-04T09:13:00Z,2025-05-04T09:55:00Z,7.0,0.7,both_options
2025-05-04T09:55:00Z,2025-05-04T10:55:00Z,7.0,1.0,both_options
2025-05-04T10:55:00Z,2025-05-04T11:55:00Z,8.0,1.0,both_options
2025-05-04T11:55:00Z,2025-05-04T12:55:00Z,8.0,1.0,both_options
2025-05-04T12:55:00Z,2025-05-04T13:55:00Z,6.0,1.0,both_options
2025-05-04T13:55:00Z,2025-05-04T14:55:00Z,8.0,1.0,both_options
2025-05-04T14:55:00Z,2025-05-04T15:55:00Z,10.0,1.0,both_options
2025-05-04T15:55:00Z,2025-05-04T16:55:00Z,10.0,1.0,both_options
2025-05-04T16:55:00Z,2025-05-04T17:55:00Z,10.0,1.0,both_options
2025-05-04T17:55:00Z,2025-05-04T18:55:00Z,10.0,1.0,both_options
2025-05-04T18:55:00Z,2025-05-04T19:55:00Z,10.0,1.0,both_options
2025-05-04T19:55:00Z,2025-05-04T20:55:00Z,10.0,1.0,both_options
2025-05-04T20:55:00Z,2025-05-04T21:55:00Z,10.0,1.0,both_options
2025-05-04T21:55:00Z,2025-05-04T22:55:00Z,10.0,1.0,both_options
2025-05-04T22:55:00Z,2025-05-04T23:55:00Z,10.0,1.0,both_options
2025-05-04T23:55:00Z,2025-05-05T00:55:00Z,10.0,1.0,both_options
2025-05-05T00:55:00Z,2025-05-05T01:55:00Z,10.0,1.0,both_options
2025-05-05T01:55:00Z,2025-05-05T02:55:00Z,10.0,1.0,both_options
2025-05-05T02:55:00Z,2025-05-05T03:55:00Z,10.0,1.0,both_options
2025-05-05T03:55:00Z,2025-05-05T04:55:00Z,10.0,1.0,both_options
2025-05-05T04:55:00Z,2025-05-05T05:55:00Z,10.0,1.0,both_options
2025-05-05T05:55:00Z,2025-05-05T06:55:00Z,10.0,1.0,both_options
2025-05-05T06:55:00Z,2025-05-05T07:55:00Z,10.0,1.0,both_options
2025-05-05T07:55:00Z,2025-05-05T08:55:00Z,10.0,1.0,both_options
2025-05-05T08:55:00Z,2025-05-05T09:55:00Z,10.0,1.0,both_options
2025-05-05T09:55:00Z,2025-05-05T10:55:00Z,10.0,1.0,both_options
2025-05-05T10:55:00Z,2025-05-05T11:55:00Z,10.0,1.0,both_options
2025-05-05T11:55:00Z,2025-05-05T12:55:00Z,10.0,1.0,both_options
2025-05-05T12:55:00Z,2025-05-05T13:55:00Z,10.0,1.0,both_options
2025-05-05T13:55:00Z,2025-05-05T14:55:00Z,10.0,1.0,both_options
2025-05-05T14:55:00Z,2025-05-05T15:55:00Z,10.0,1.0,both_options
2025-05-05T15:55:00Z,2025-05-05T16:55:00Z,10.0,1.0,both_options
2025-05-05T16:55:00Z,2025-05-05T17:55:00Z,10.0,1.0,both_options
2025-05-05T17:55:00Z,2025-05-05T18:55:00Z,10.0,1.0,both_options
2025-05-05T18:55:00Z,2025-05-05T19:55:00Z,10.0,1.0,both_options
2025-05-05T19:55:00Z,2025-05-05T20:55:00Z,10.0,1.0,both_options
2025-05-05T20:55:00Z,2025-05-05T21:55:00Z,10.0,1.0,both_options
2025-05-05T21:55:00Z,2025-05-05T22:55:00Z,10.0,1.0,both_options
2025-05-05T22:55:00Z,2025-05-05T23:55:00Z,10.0,1.0,both_options
2025-05-05T23:55:00Z,2025-05-06T00:55:00Z,10.0,1.0,both_options
2025-05-06T00:55:00Z,2025-05-06T01:55:00Z,10.0,1.0,both_options
2025-05-06T01:55:00Z,2025-05-06T02:55:00Z,10.0,1.0,both_options
2025-05-06T02:55:00Z,2025-05-06T03:55:00Z,10.0,1.0,both_options
2025-05-06T03:55:00Z,2025-05-06T04:55:00Z,10.0,1.0,both_options
2025-05-06T04:55:00Z,2025-05-06T05:55:00Z,10.0,1.0,both_options
2025-05-06T05:55:00Z,2025-05-06T06:55:00Z,10.0,1.0,both_options
2025-05-06T06:55:00Z,2025-05-06T07:55:00Z,10.0,1.0,both_options
2025-05-06T07:55:00Z,2025-05-06T08:55:00Z,10.0,1.0,both_options
2025-05-06T08:55:00Z,2025-05-06T09:55:00Z,10.0,1.0,both_options
2025-05-06T09:55:00Z,2025-05-06T10:55:00Z,10.0,1.0,both_options
2025-05-06T10:55:00Z,2025-05-06T11:55:00Z,10.0,1.0,both_options
2025-05-06T11:55:00Z,2025-05-06T12:55:00Z,10.0,1.0,both_options
2025-05-06T12:55:00Z,2025-05-06T13:55:00Z,10.0,1.0,both_options
2025-05-06T13:55:00Z,2025-05-06T14:55:00Z,10.0,1.0,both_options
2025-05-06T14:55:00Z,2025-05-06T15:55:00Z,10.0,1.0,both_options
2025-05-06T15:55:00Z,2025-05-06T16:55:00Z,10.0,1.0,both_options
2025-05-06T16:55:00Z,2025-05-06T17:55:00Z,10.0,1.0,both_options
2025-05-06T17:55:00Z,2025-05-06T18:55:00Z,10.0,1.0,both_options
2025-05-06T18:55:00Z,2025-05-06T19:55:00Z,10.0,1.0,both_options
2025-05-06T19:55:00Z,2025-05-06T20:55:00Z,10.0,1.0,both_options
2025-05-06T20:55:00Z,2025-05-06T21:55:00Z,10.0,1.0,both_options
2025-05-06T21:55:00Z,2025-05-06T22:55:00Z,10.0,1.0,both_options
2025-05-06T22:55:00Z,2025-05-06T23:55:00Z,10.0,1.0,both_options
2025-05-06T23:55:00Z,2025-05-07T00:55:00Z,10.0,1.0,both_options
2025-05-07T00:55:00Z,2025-05-07T01:55:00Z,10.0,1.0,both_options
2025-05-07T01:55:00Z,2025-05-07T02:55:00Z,10.0,1.0,both_options
2025-05-07T02:55:00Z,2025-05-07T03:55:00Z,10.0,1.0,both_options
2025-05-07T03:55:00Z,2025-05-07T04:55:00Z,10.0,1.0,both_options
2025-05-07T04:55:00Z,2025-05-07T05:55:00Z,10.0,1.0,both_options
2025-05-07T05:55:00Z,2025-05-07T06:55:00Z,10.0,1.0,both_options
2025-05-07T06:55:00Z,2025-05-07T07:14:00Z,10.0,0.31666666666666665,both_options
2025-05-07T07:14:00Z,2025-05-07T07:25:00Z,10.0,0.18333333333333332,both_options
2025-05-07T07:25:00Z,2025-05-07T07:39:00Z,10.0,0.23333333333333334,both_options
2025-05-07T07:39:00Z,2025-05-07T07:55:00Z,9.0,0.26666666666666666,both_options
2025-05-07T07:55:00Z,2025-05-07T08:29:00Z,9.0,0.5666666666666667,both_options
2025-05-07T08:29:00Z,2025-05-07T08:55:00Z,7.0,0.43333333333333335,both_options
2025-05-07T08:55:00Z,2025-05-07T09:40:00Z,8.0,0.75,both_options
2025-05-07T09:40:00Z,2025-05-07T09:55:00Z,7.0,0.25,both_options
2025-05-07T09:55:00Z,2025-05-07T10:03:00Z,6.0,0.13333333333333333,both_options
2025-05-07T10:03:00Z,2025-05-07T10:28:00Z,8.0,0.4166666666666667,both_options
2025-05-07T10:28:00Z,2025-05-07T10:42:00Z,6.0,0.23333333333333334,both_options
2025-05-07T10:42:00Z,2025-05-07T10:51:00Z,9.0,0.15,both_options
2025-05-07T10:51:00Z,2025-05-07T10:55:00Z,9.0,0.06666666666666667,both_options
2025-05-07T10:55:00Z,2025-05-07T11:21:00Z,9.0,0.43333333333333335,both_options
2025-05-07T11:21:00Z,2025-05-07T11:42:00Z,10.0,0.35,both_options
2025-05-07T11:42:00Z,2025-05-07T11:55:00Z,2.5,0.21666666666666667,both_options
2025-05-07T11:55:00Z,2025-05-07T12:30:00Z,2.0,0.5833333333333334,both_options
2025-05-07T12:30:00Z,2025-05-07T12:38:00Z,3.0,0.13333333333333333,both_options
2025-05-07T12:38:00Z,2025-05-07T12:55:00Z,2.0,0.2833333333333333,both_options
2025-05-07T12:55:00Z,2025-05-07T13:05:00Z,2.5,0.16666666666666666,both_options
2025-05-07T13:05:00Z,2025-05-07T13:35:00Z,3.0,0.5,both_options
2025-05-07T13:35:00Z,2025-05-07T13:44:00Z,1.75,0.15,both_options
2025-05-07T13:44:00Z,2025-05-07T13:53:00Z,1.25,0.15,both_options
2025-05-07T13:53:00Z,2025-05-07T13:55:00Z,1.75,0.03333333333333333,both_options
2025-05-07T13:55:00Z,2025-05-07T14:44:00Z,2.0,0.8166666666666667,both_options
2025-05-07T14:44:00Z,2025-05-07T14:55:00Z,2.0,0.18333333333333332,both_options
2025-05-07T14:55:00Z,2025-05-07T15:03:00Z,1.5,0.13333333333333333,both_options
2025-05-07T15:03:00Z,2025-05-07T15:12:00Z,1.25,0.15,both_options
2025-05-07T15:12:00Z,2025-05-07T15:26:00Z,2.0,0.23333333333333334,both_options
2025-05-07T15:26:00Z,2025-05-07T15:36:00Z,1.75,0.16666666666666666,both_options
2025-05-07T15:36:00Z,2025-05-07T15:50:00Z,2.5,0.23333333333333334,both_options
2025-05-07T15:50:00Z,2025-05-07T15:55:00Z,1.25,0.08333333333333333,both_options
2025-05-07T15:55:00Z,2025-05-07T16:17:00Z,1.0,0.36666666666666664,both_options
2025-05-07T16:17:00Z,2025-05-07T16:24:00Z,1.75,0.11666666666666667,both_options
2025-05-07T16:24:00Z,2025-05-07T16:38:00Z,2.0,0.23333333333333334,both_options
2025-05-07T16:38:00Z,2025-05-07T16:52:00Z,1.75,0.23333333333333334,both_options
2025-05-07T16:52:00Z,2025-05-07T16:55:00Z,2.5,0.05,both_options
2025-05-07T16:55:00Z,2025-05-07T17:02:00Z,2.5,0.11666666666666667,both_options
2025-05-07T17:02:00Z,2025-05-07T17:33:00Z,4.0,0.5166666666666667,both_options
2025-05-07T17:33:00Z,2025-05-07T17:49:00Z,10.0,0.26666666666666666,both_options
2025-05-07T17:49:00Z,2025-05-07T17:55:00Z,9.0,0.1,both_options
2025-05-07T17:55:00Z,2025-05-07T18:21:00Z,8.0,0.43333333333333335,both_options
2025-05-07T18:21:00Z,2025-05-07T18:55:00Z,8.0,0.5666666666666667,both_options
2025-05-07T18:55:00Z,2025-05-07T19:55:00Z,9.0,1.0,both_options
2025-05-07T19:55:00Z,2025-05-07T20:55:00Z,9.0,1.0,both_options
2025-05-07T20:55:00Z,2025-05-07T21:55:00Z,10.0,1.0,both_options
2025-05-07T21:55:00Z,2025-05-07T22:55:00Z,10.0,1.0,both_options
2025-05-07T22:55:00Z,2025-05-07T23:38:00Z,10.0,0.7166666666666667,both_options
2025-05-07T23:38:00Z,2025-05-07T23:55:00Z,10.0,0.2833333333333333,both_options
2025-05-07T23:55:00Z,2025-05-08T00:55:00Z,10.0,1.0,both_options
2025-05-08T00:55:00Z,2025-05-08T01:55:00Z,10.0,1.0,both_options
2025-05-08T01:55:00Z,2025-05-08T02:55:00Z,10.0,1.0,both_options
2025-05-08T02:55:00Z,2025-05-08T03:55:00Z,10.0,1.0,both_options
2025-05-08T03:55:00Z,2025-05-08T04:55:00Z,10.0,1.0,both_options
2025-05-08T04:55:00Z,2025-05-08T05:55:00Z,10.0,1.0,both_options
2025-05-08T05:55:00Z,2025-05-08T06:55:00Z,9.0,1.0,both_options
2025-05-08T06:55:00Z,2025-05-08T07:55:00Z,9.0,1.0,both_options
2025-05-08T07:55:00Z,2025-05-08T08:55:00Z,10.0,1.0,both_options
2025-05-08T08:55:00Z,2025-05-08T09:55:00Z,9.0,1.0,both_options
2025-05-08T09:55:00Z,2025-05-08T10:55:00Z,9.0,1.0,both_options
2025-05-08T10:55:00Z,2025-05-08T11:55:00Z,10.0,1.0,both_options
2025-05-08T11:55:00Z,2025-05-08T12:55:00Z,10.0,1.0,both_options
2025-05-08T12:55:00Z,2025-05-08T13:55:00Z,10.0,1.0,both_options
2025-05-08T13:55:00Z,2025-05-08T14:55:00Z,10.0,1.0,both_options
2025-05-08T14:55:00Z,2025-05-08T15:55:00Z,10.0,1.0,both_options
2025-05-08T15:55:00Z,2025-05-08T16:55:00Z,10.0,1.0,both_options
2025-05-08T16:55:00Z,2025-05-08T17:55:00Z,10.0,1.0,both_options
2025-05-08T17:55:00Z,2025-05-08T18:55:00Z,10.0,1.0,both_options
2025-05-08T18:55:00Z,2025-05-08T19:55:00Z,10.0,1.0,both_options
2025-05-08T19:55:00Z,2025-05-08T20:55:00Z,10.0,1.0,both_options
2025-05-08T20:55:00Z,2025-05-08T21:55:00Z,10.0,1.0,both_options
2025-05-08T21:55:00Z,2025-05-08T22:55:00Z,10.0,1.0,both_options
2025-05-08T22:55:00Z,2025-05-08T23:55:00Z,10.0,1.0,both_options
2025-05-08T23:55:00Z,2025-05-09T00:55:00Z,10.0,1.0,both_options
2025-05-09T00:55:00Z,2025-05-09T01:55:00Z,10.0,1.0,both_options
2025-05-09T01:55:00Z,2025-05-09T02:55:00Z,10.0,1.0,both_options
2025-05-09T02:55:00Z,2025-05-09T03:55:00Z,10.0,1.0,both_options
2025-05-09T03:55:00Z,2025-05-09T04:55:00Z,10.0,1.0,both_options
2025-05-09T04:55:00Z,2025-05-09T05:55:00Z,10.0,1.0,both_options
2025-05-09T05:55:00Z,2025-05-09T06:55:00Z,10.0,1.0,both_options
2025-05-09T06:55:00Z,2025-05-09T07:55:00Z,10.0,1.0,both_options
2025-05-09T07:55:00Z,2025-05-09T08:55:00Z,10.0,1.0,both_options
2025-05-09T08:55:00Z,2025-05-09T09:55:00Z,10.0,1.0,both_options
2025-05-09T09:55:00Z,2025-05-09T10:55:00Z,10.0,1.0,both_options
2025-05-09T10:55:00Z,2025-05-09T11:55:00Z,10.0,1.0,both_options
2025-05-09T11:55:00Z,2025-05-09T12:55:00Z,10.0,1.0,both_options
2025-05-09T12:55:00Z,2025-05-09T13:55:00Z,10.0,1.0,both_options
2025-05-09T13:55:00Z,2025-05-09T14:55:00Z,10.0,1.0,both_options
2025-05-09T14:55:00Z,2025-05-09T15:55:00Z,10.0,1.0,both_options
2025-05-09T15:55:00Z,2025-05-09T16:55:00Z,10.0,1.0,both_options
2025-05-09T16:55:00Z,2025-05-09T17:55:00Z,10.0,1.0,both_options
2025-05-09T17:55:00Z,2025-05-09T18:55:00Z,10.0,1.0,both_options
2025-05-09T18:55:00Z,2025-05-09T19:55:00Z,10.0,1.0,both_options
2025-05-09T19:55:00Z,2025-05-09T20:55:00Z,10.0,1.0,both_options
2025-05-09T20:55:00Z,2025-05-09T21:55:00Z,10.0,1.0,both_options
2025-05-09T21:55:00Z,2025-05-09T22:55:00Z,10.0,1.0,both_options
2025-05-09T22:55:00Z,2025-05-09T23:55:00Z,10.0,1.0,both_options
2025-05-09T23:55:00Z,2025-05-10T00:55:00Z,10.0,1.0,both_options
2025-05-10T00:55:00Z,2025-05-10T01:55:00Z,10.0,1.0,both_options
2025-05-10T01:55:00Z,2025-05-10T02:55:00Z,10.0,1.0,both_options
2025-05-10T02:55:00Z,2025-05-10T03:55:00Z,10.0,1.0,both_options
2025-05-10T03:55:00Z,2025-05-10T04:55:00Z,10.0,1.0,both_options
2025-05-10T04:55:00Z,2025-05-10T05:55:00Z,10.0,1.0,both_options
2025-05-10T05:55:00Z,2025-05-10T06:55:00Z,10.0,1.0,both_options
2025-05-10T06:55:00Z,2025-05-10T07:55:00Z,10.0,1.0,both_options
2025-05-10T07:55:00Z,2025-05-10T08:55:00Z,10.0,1.0,both_options
2025-05-10T08:55:00Z,2025-05-10T09:55:00Z,10.0,1.0,both_options
2025-05-10T09:55:00Z,2025-05-10T10:55:00Z,10.0,1.0,both_options
2025-05-10T10:55:00Z,2025-05-10T11:55:00Z,10.0,1.0,both_options
2025-05-10T11:55:00Z,2025-05-10T12:55:00Z,10.0,1.0,both_options
2025-05-10T12:55:00Z,2025-05-10T13:10:00Z,10.0,0.25,both_options
2025-05-10T13:10:00Z,2025-05-10T13:52:00Z,9.0,0.7,both_options
2025-05-10T13:52:00Z,2025-05-10T13:55:00Z,9.0,0.05,both_options
2025-05-10T13:55:00Z,2025-05-10T14:55:00Z,9.0,1.0,both_options
2025-05-10T14:55:00Z,2025-05-10T15:25:00Z,10.0,0.5,both_options
2025-05-10T15:25:00Z,2025-05-10T15:40:00Z,10.0,0.25,both_options
2025-05-10T15:40:00Z,2025-05-10T15:55:00Z,10.0,0.25,both_options
2025-05-10T15:55:00Z,2025-05-10T16:17:00Z,10.0,0.36666666666666664,both_options
2025-05-10T16:17:00Z,2025-05-10T16:43:00Z,10.0,0.43333333333333335,both_options
2025-05-10T16:43:00Z,2025-05-10T16:55:00Z,10.0,0.2,both_options
2025-05-10T16:55:00Z,2025-05-10T17:03:00Z,10.0,0.13333333333333333,both_options
2025-05-10T17:03:00Z,2025-05-10T17:55:00Z,10.0,0.8666666666666667,both_options
2025-05-10T17:55:00Z,2025-05-10T18:55:00Z,10.0,1.0,both_options
2025-05-10T18:55:00Z,2025-05-10T19:55:00Z,10.0,1.0,both_options
2025-05-10T19:55:00Z,2025-05-10T20:55:00Z,10.0,1.0,both_options
2025-05-10T20:55:00Z,2025-05-10T21:55:00Z,10.0,1.0,both_options
2025-05-10T21:55:00Z,2025-05-10T22:55:00Z,10.0,1.0,both_options
2025-05-10T22:55:00Z,2025-05-10T23:55:00Z,10.0,1.0,both_options
2025-05-10T23:55:00Z,2025-05-11T00:55:00Z,10.0,1.0,both_options
2025-05-11T00:55:00Z,2025-05-11T01:55:00Z,10.0,1.0,both_options
2025-05-11T01:55:00Z,2025-05-11T02:55:00Z,10.0,1.0,both_options
2025-05-11T02:55:00Z,2025-05-11T03:55:00Z,10.0,1.0,both_options
2025-05-11T03:55:00Z,2025-05-11T04:14:00Z,10.0,0.31666666666666665,both_options
2025-05-11T04:14:00Z,2025-05-11T04:30:00Z,10.0,0.26666666666666666,both_options
2025-05-11T04:30:00Z,2025-05-11T04:55:00Z,10.0,0.4166666666666667,both_options
2025-05-11T04:55:00Z,2025-05-11T05:55:00Z,10.0,1.0,both_options
2025-05-11T05:55:00Z,2025-05-11T06:13:00Z,10.0,0.3,both_options
2025-05-11T06:13:00Z,2025-05-11T06:55:00Z,10.0,0.7,both_options
2025-05-11T06:55:00Z,2025-05-11T07:55:00Z,10.0,1.0,both_options
2025-05-11T07:55:00Z,2025-05-11T08:55:00Z,10.0,1.0,both_options
2025-05-11T08:55:00Z,2025-05-11T09:55:00Z,10.0,1.0,both_options
2025-05-11T09:55:00Z,2025-05-11T10:55:00Z,10.0,1.0,both_options
2025-05-11T10:55:00Z,2025-05-11T11:55:00Z,10.0,1.0,both_options
2025-05-11T11:55:00Z,2025-05-11T12:55:00Z,10.0,1.0,both_options
2025-05-11T12:55:00Z,2025-05-11T13:55:00Z,10.0,1.0,both_options
2025-05-11T13:55:00Z,2025-05-11T14:55:00Z,10.0,1.0,both_options
2025-05-11T14:55:00Z,2025-05-11T15:55:00Z,10.0,1.0,both_options
2025-05-11T15:55:00Z,2025-05-11T16:55:00Z,10.0,1.0,both_options
2025-05-11T16:55:00Z,2025-05-11T17:55:00Z,10.0,1.0,both_options
2025-05-11T17:55:00Z,2025-05-11T18:55:00Z,10.0,1.0,both_options
2025-05-11T18:55:00Z,2025-05-11T19:55:00Z,10.0,1.0,both_options
2025-05-11T19:55:00Z,2025-05-11T20:55:00Z,10.0,1.0,both_options
2025-05-11T20:55:00Z,2025-05-11T21:55:00Z,6.0,1.0,both_options
2025-05-11T21:55:00Z,2025-05-11T22:55:00Z,6.0,1.0,both_options
2025-05-11T22:55:00Z,2025-05-11T23:55:00Z,10.0,1.0,both_options
2025-05-11T23:55:00Z,2025-05-12T00:55:00Z,10.0,1.0,both_options
2025-05-12T00:55:00Z,2025-05-12T01:55:00Z,10.0,1.0,both_options
2025-05-12T01:55:00Z,2025-05-12T02:55:00Z,10.0,1.0,both_options
2025-05-12T02:55:00Z,2025-05-12T03:55:00Z,9.0,1.0,both_options
2025-05-12T03:55:00Z,2025-05-12T04:55:00Z,10.0,1.0,both_options
2025-05-12T04:55:00Z,2025-05-12T05:55:00Z,8.0,1.0,both_options
2025-05-12T05:55:00Z,2025-05-12T06:55:00Z,10.0,1.0,both_options
2025-05-12T06:55:00Z,2025-05-12T07:55:00Z,10.0,1.0,both_options
2025-05-12T07:55:00Z,2025-05-12T08:55:00Z,10.0,1.0,both_options
2025-05-12T08:55:00Z,2025-05-12T09:55:00Z,10.0,1.0,both_options
2025-05-12T09:55:00Z,2025-05-12T10:55:00Z,10.0,1.0,both_options
2025-05-12T10:55:00Z,2025-05-12T11:08:00Z,10.0,0.21666666666666667,both_options
2025-05-12T11:08:00Z,2025-05-12T11:15:00Z,1.5,0.11666666666666667,both_options
2025-05-12T11:15:00Z,2025-05-12T11:17:00Z,1.25,0.03333333333333333,both_options
2025-05-12T11:17:00Z,2025-05-12T11:24:00Z,2.0,0.11666666666666667,both_options
2025-05-12T11:24:00Z,2025-05-12T11:47:00Z,10.0,0.38333333333333336,both_options
2025-05-12T11:47:00Z,2025-05-12T11:55:00Z,1.5,0.13333333333333333,both_options
2025-05-12T11:55:00Z,2025-05-12T12:03:00Z,2.0,0.13333333333333333,both_options
2025-05-12T12:03:00Z,2025-05-12T12:55:00Z,10.0,0.8666666666666667,both_options
2025-05-12T12:55:00Z,2025-05-12T13:55:00Z,10.0,1.0,both_options
2025-05-12T13:55:00Z,2025-05-12T14:55:00Z,10.0,1.0,both_options
2025-05-12T14:55:00Z,2025-05-12T15:55:00Z,10.0,1.0,both_options
2025-05-12T15:55:00Z,2025-05-12T16:55:00Z,10.0,1.0,both_options
2025-05-12T16:55:00Z,2025-05-12T17:52:00Z,10.0,0.95,both_options
2025-05-12T17:52:00Z,2025-05-12T17:55:00Z,10.0,0.05,both_options
2025-05-12T17:55:00Z,2025-05-12T18:25:00Z,10.0,0.5,both_options
2025-05-12T18:25:00Z,2025-05-12T18:35:00Z,10.0,0.16666666666666666,both_options
2025-05-12T18:35:00Z,2025-05-12T18:55:00Z,10.0,0.3333333333333333,both_options
2025-05-12T18:55:00Z,2025-05-12T19:55:00Z,10.0,1.0,both_options
2025-05-12T19:55:00Z,2025-05-12T20:55:00Z,10.0,1.0,both_options
2025-05-12T20:55:00Z,2025-05-12T21:55:00Z,10.0,1.0,both_options
2025-05-12T21:55:00Z,2025-05-12T22:55:00Z,10.0,1.0,both_options
2025-05-12T22:55:00Z,2025-05-12T23:55:00Z,10.0,1.0,both_options
2025-05-12T23:55:00Z,2025-05-13T00:55:00Z,10.0,1.0,both_options
2025-05-13T00:55:00Z,2025-05-13T01:55:00Z,10.0,1.0,both_options
2025-05-13T01:55:00Z,2025-05-13T02:41:00Z,10.0,0.7666666666666667,both_options
2025-05-13T02:41:00Z,2025-05-13T02:55:00Z,10.0,0.23333333333333334,both_options
2025-05-13T02:55:00Z,2025-05-13T03:55:00Z,10.0,1.0,both_options
2025-05-13T03:55:00Z,2025-05-13T04:55:00Z,10.0,1.0,both_options
2025-05-13T04:55:00Z,2025-05-13T05:55:00Z,10.0,1.0,both_options
2025-05-13T05:55:00Z,2025-05-13T06:55:00Z,10.0,1.0,both_options
2025-05-13T06:55:00Z,2025-05-13T07:55:00Z,10.0,1.0,both_options
2025-05-13T07:55:00Z,2025-05-13T08:41:00Z,9.0,0.7666666666666667,both_options
2025-05-13T08:41:00Z,2025-05-13T08:55:00Z,8.0,0.23333333333333334,both_options
2025-05-13T08:55:00Z,2025-05-13T09:50:00Z,9.0,0.9166666666666666,both_options
2025-05-13T09:50:00Z,2025-05-13T09:55:00Z,9.0,0.08333333333333333,both_options
2025-05-13T09:55:00Z,2025-05-13T10:17:00Z,7.0,0.36666666666666664,both_options
2025-05-13T10:17:00Z,2025-05-13T10:55:00Z,9.0,0.6333333333333333,both_options
2025-05-13T10:55:00Z,2025-05-13T11:55:00Z,9.0,1.0,both_options
2025-05-13T11:55:00Z,2025-05-13T12:55:00Z,9.0,1.0,both_options
2025-05-13T12:55:00Z,2025-05-13T13:55:00Z,7.0,1.0,both_options
2025-05-13T13:55:00Z,2025-05-13T14:55:00Z,7.0,1.0,both_options
2025-05-13T14:55:00Z,2025-05-13T15:55:00Z,8.0,1.0,both_options
2025-05-13T15:55:00Z,2025-05-13T16:42:00Z,9.0,0.7833333333333333,both_options
2025-05-13T16:42:00Z,2025-05-13T16:55:00Z,9.0,0.21666666666666667,both_options
2025-05-13T16:55:00Z,2025-05-13T17:55:00Z,6.0,1.0,both_options
2025-05-13T17:55:00Z,2025-05-13T18:06:00Z,8.0,0.18333333333333332,both_options
2025-05-13T18:06:00Z,2025-05-13T18:18:00Z,8.0,0.2,both_options
2025-05-13T18:18:00Z,2025-05-13T18:33:00Z,7.0,0.25,both_options
2025-05-13T18:33:00Z,2025-05-13T18:46:00Z,9.0,0.21666666666666667,both_options
2025-05-13T18:46:00Z,2025-05-13T18:55:00Z,8.0,0.15,both_options
2025-05-13T18:55:00Z,2025-05-13T19:55:00Z,9.0,1.0,both_options
2025-05-13T19:55:00Z,2025-05-13T20:55:00Z,7.0,1.0,both_options
2025-05-13T20:55:00Z,2025-05-13T21:23:00Z,7.0,0.4666666666666667,both_options
2025-05-13T21:23:00Z,2025-05-13T21:55:00Z,6.0,0.5333333333333333,both_options
2025-05-13T21:55:00Z,2025-05-13T22:52:00Z,6.0,0.95,both_options
2025-05-13T22:52:00Z,2025-05-13T22:55:00Z,7.0,0.05,both_options
2025-05-13T22:55:00Z,2025-05-13T23:38:00Z,7.0,0.7166666666666667,both_options
2025-05-13T23:38:00Z,2025-05-13T23:55:00Z,7.0,0.2833333333333333,both_options
2025-05-13T23:55:00Z,2025-05-14T00:55:00Z,7.0,1.0,both_options
2025-05-14T00:55:00Z,2025-05-14T01:55:00Z,7.0,1.0,both_options
2025-05-14T01:55:00Z,2025-05-14T02:55:00Z,8.0,1.0,both_options
2025-05-14T02:55:00Z,2025-05-14T03:55:00Z,7.0,1.0,both_options
2025-05-14T03:55:00Z,2025-05-14T04:55:00Z,9.0,1.0,both_options
2025-05-14T04:55:00Z,2025-05-14T05:55:00Z,9.0,1.0,both_options
2025-05-14T05:55:00Z,2025-05-14T06:37:00Z,9.0,0.7,both_options
2025-05-14T06:37:00Z,2025-05-14T06:55:00Z,9.0,0.3,both_options
2025-05-14T06:55:00Z,2025-05-14T07:19:00Z,6.0,0.4,both_options
2025-05-14T07:19:00Z,2025-05-14T07:34:00Z,2.5,0.25,both_options
2025-05-14T07:34:00Z,2025-05-14T07:40:00Z,3.0,0.1,both_options
2025-05-14T07:40:00Z,2025-05-14T07:44:00Z,2.5,0.06666666666666667,both_options
2025-05-14T07:44:00Z,2025-05-14T07:55:00Z,3.0,0.18333333333333332,both_options
2025-05-14T07:55:00Z,2025-05-14T08:07:00Z,3.0,0.2,both_options
2025-05-14T08:07:00Z,2025-05-14T08:17:00Z,3.0,0.16666666666666666,both_options
2025-05-14T08:17:00Z,2025-05-14T08:24:00Z,2.5,0.11666666666666667,both_options
2025-05-14T08:24:00Z,2025-05-14T08:38:00Z,3.0,0.23333333333333334,both_options
2025-05-14T08:38:00Z,2025-05-14T08:45:00Z,2.5,0.11666666666666667,both_options
2025-05-14T08:45:00Z,2025-05-14T08:55:00Z,3.0,0.16666666666666666,both_options
2025-05-14T08:55:00Z,2025-05-14T09:08:00Z,2.5,0.21666666666666667,both_options
2025-05-14T09:08:00Z,2025-05-14T09:29:00Z,4.0,0.35,both_options
2025-05-14T09:29:00Z,2025-05-14T09:40:00Z,6.0,0.18333333333333332,both_options
2025-05-14T09:40:00Z,2025-05-14T09:55:00Z,9.0,0.25,both_options
2025-05-14T09:55:00Z,2025-05-14T10:02:00Z,3.0,0.11666666666666667,both_options
2025-05-14T10:02:00Z,2025-05-14T10:14:00Z,4.0,0.2,both_options
2025-05-14T10:14:00Z,2025-05-14T10:25:00Z,7.0,0.18333333333333332,both_options
2025-05-14T10:25:00Z,2025-05-14T10:55:00Z,9.0,0.5,both_options
2025-05-14T10:55:00Z,2025-05-14T11:07:00Z,10.0,0.2,both_options
2025-05-14T11:07:00Z,2025-05-14T11:22:00Z,10.0,0.25,both_options
2025-05-14T11:22:00Z,2025-05-14T11:55:00Z,10.0,0.55,both_options
2025-05-14T11:55:00Z,2025-05-14T12:55:00Z,5.0,1.0,both_options
2025-05-14T12:55:00Z,2025-05-14T13:18:00Z,4.0,0.38333333333333336,both_options
2025-05-14T13:18:00Z,2025-05-14T13:50:00Z,10.0,0.5333333333333333,both_options
2025-05-14T13:50:00Z,2025-05-14T13:55:00Z,10.0,0.08333333333333333,both_options
2025-05-14T13:55:00Z,2025-05-14T14:05:00Z,10.0,0.16666666666666666,both_options
2025-05-14T14:05:00Z,2025-05-14T14:21:00Z,10.0,0.26666666666666666,both_options
2025-05-14T14:21:00Z,2025-05-14T14:26:00Z,8.0,0.08333333333333333,both_options
2025-05-14T14:26:00Z,2025-05-14T14:39:00Z,2.5,0.21666666666666667,both_options
2025-05-14T14:39:00Z,2025-05-14T14:55:00Z,4.0,0.26666666666666666,both_options
2025-05-14T14:55:00Z,2025-05-14T15:03:00Z,10.0,0.13333333333333333,both_options
2025-05-14T15:03:00Z,2025-05-14T15:23:00Z,10.0,0.3333333333333333,both_options
2025-05-14T15:23:00Z,2025-05-14T15:30:00Z,10.0,0.11666666666666667,both_options
2025-05-14T15:30:00Z,2025-05-14T15:55:00Z,10.0,0.4166666666666667,both_options
2025-05-14T15:55:00Z,2025-05-14T16:09:00Z,10.0,0.23333333333333334,both_options
2025-05-14T16:09:00Z,2025-05-14T16:18:00Z,10.0,0.15,both_options
2025-05-14T16:18:00Z,2025-05-14T16:55:00Z,10.0,0.6166666666666667,both_options
2025-05-14T16:55:00Z,2025-05-14T17:55:00Z,10.0,1.0,both_options
2025-05-14T17:55:00Z,2025-05-14T18:55:00Z,10.0,1.0,both_options
2025-05-14T18:55:00Z,2025-05-14T19:55:00Z,10.0,1.0,both_options
2025-05-14T19:55:00Z,2025-05-14T20:15:00Z,10.0,0.3333333333333333,both_options
2025-05-14T20:15:00Z,2025-05-14T20:55:00Z,10.0,0.6666666666666666,both_options
2025-05-14T20:55:00Z,2025-05-14T21:55:00Z,10.0,1.0,both_options
2025-05-14T21:55:00Z,2025-05-14T22:55:00Z,10.0,1.0,both_options
2025-05-14T22:55:00Z,2025-05-14T23:55:00Z,10.0,1.0,both_options
2025-05-14T23:55:00Z,2025-05-15T00:55:00Z,10.0,1.0,both_options
2025-05-15T00:55:00Z,2025-05-15T01:55:00Z,10.0,1.0,both_options
2025-05-15T01:55:00Z,2025-05-15T02:55:00Z,10.0,1.0,both_options
2025-05-15T02:55:00Z,2025-05-15T03:55:00Z,4.0,1.0,both_options
2025-05-15T03:55:00Z,2025-05-15T04:55:00Z,10.0,1.0,both_options
2025-05-15T04:55:00Z,2025-05-15T05:20:00Z,10.0,0.4166666666666667,both_options
2025-05-15T05:20:00Z,2025-05-15T05:55:00Z,10.0,0.5833333333333334,both_options
2025-05-15T05:55:00Z,2025-05-15T06:55:00Z,10.0,1.0,both_options
2025-05-15T06:55:00Z,2025-05-15T07:55:00Z,10.0,1.0,both_options
2025-05-15T07:55:00Z,2025-05-15T08:55:00Z,10.0,1.0,both_options
2025-05-15T08:55:00Z,2025-05-15T09:55:00Z,10.0,1.0,both_options
2025-05-15T09:55:00Z,2025-05-15T10:55:00Z,10.0,1.0,both_options
2025-05-15T10:55:00Z,2025-05-15T11:55:00Z,10.0,1.0,both_options
2025-05-15T11:55:00Z,2025-05-15T12:55:00Z,10.0,1.0,both_options
2025-05-15T12:55:00Z,2025-05-15T13:55:00Z,10.0,1.0,both_options
2025-05-15T13:55:00Z,2025-05-15T14:55:00Z,10.0,1.0,both_options
2025-05-15T14:55:00Z,2025-05-15T15:55:00Z,10.0,1.0,both_options
2025-05-15T15:55:00Z,2025-05-15T16:55:00Z,9.0,1.0,both_options
2025-05-15T16:55:00Z,2025-05-15T17:24:00Z,10.0,0.48333333333333334,both_options
2025-05-15T17:24:00Z,2025-05-15T17:42:00Z,10.0,0.3,both_options
2025-05-15T17:42:00Z,2025-05-15T17:55:00Z,10.0,0.21666666666666667,both_options
2025-05-15T17:55:00Z,2025-05-15T18:55:00Z,10.0,1.0,both_options
2025-05-15T18:55:00Z,2025-05-15T19:55:00Z,9.0,1.0,both_options
2025-05-15T19:55:00Z,2025-05-15T20:55:00Z,10.0,1.0,both_options
2025-05-15T20:55:00Z,2025-05-15T21:55:00Z,5.0,1.0,both_options
2025-05-15T21:55:00Z,2025-05-15T22:04:00Z,5.0,0.15,both_options
2025-05-15T22:04:00Z,2025-05-15T22:33:00Z,4.0,0.48333333333333334,both_options
2025-05-15T22:33:00Z,2025-05-15T22:55:00Z,5.0,0.36666666666666664,both_options
2025-05-15T22:55:00Z,2025-05-15T23:03:00Z,5.0,0.13333333333333333,both_options
2025-05-15T23:03:00Z,2025-05-15T23:19:00Z,4.0,0.26666666666666666,both_options
2025-05-15T23:19:00Z,2025-05-15T23:33:00Z,3.0,0.23333333333333334,both_options
2025-05-15T23:33:00Z,2025-05-15T23:55:00Z,5.0,0.36666666666666664,both_options
2025-05-15T23:55:00Z,2025-05-16T00:55:00Z,8.0,1.0,both_options
2025-05-16T00:55:00Z,2025-05-16T01:33:00Z,8.0,0.6333333333333333,both_options
2025-05-16T01:33:00Z,2025-05-16T01:51:00Z,9.0,0.3,both_options
2025-05-16T01:51:00Z,2025-05-16T01:55:00Z,9.0,0.06666666666666667,both_options
2025-05-16T01:55:00Z,2025-05-16T02:37:00Z,8.0,0.7,both_options
2025-05-16T02:37:00Z,2025-05-16T02:51:00Z,2.5,0.23333333333333334,both_options
2025-05-16T02:51:00Z,2025-05-16T02:55:00Z,1.75,0.06666666666666667,both_options
2025-05-16T02:55:00Z,2025-05-16T03:24:00Z,1.5,0.48333333333333334,both_options
2025-05-16T03:24:00Z,2025-05-16T03:44:00Z,1.0,0.3333333333333333,both_options
2025-05-16T03:44:00Z,2025-05-16T03:55:00Z,2.0,0.18333333333333332,both_options
2025-05-16T03:55:00Z,2025-05-16T04:20:00Z,2.5,0.4166666666666667,both_options
2025-05-16T04:20:00Z,2025-05-16T04:34:00Z,1.75,0.23333333333333334,both_options
2025-05-16T04:34:00Z,2025-05-16T04:55:00Z,3.0,0.35,both_options
2025-05-16T04:55:00Z,2025-05-16T05:33:00Z,3.0,0.6333333333333333,both_options
2025-05-16T05:33:00Z,2025-05-16T05:55:00Z,10.0,0.36666666666666664,both_options
2025-05-16T05:55:00Z,2025-05-16T06:02:00Z,4.0,0.11666666666666667,both_options
2025-05-16T06:02:00Z,2025-05-16T06:55:00Z,7.0,0.8833333333333333,both_options
2025-05-16T06:55:00Z,2025-05-16T07:09:00Z,10.0,0.23333333333333334,both_options
2025-05-16T07:09:00Z,2025-05-16T07:55:00Z,10.0,0.7666666666666667,both_options
2025-05-16T07:55:00Z,2025-05-16T08:55:00Z,10.0,1.0,both_options
2025-05-16T08:55:00Z,2025-05-16T09:50:00Z,10.0,0.9166666666666666,both_options
2025-05-16T09:50:00Z,2025-05-16T09:55:00Z,8.0,0.08333333333333333,both_options
2025-05-16T09:55:00Z,2025-05-16T10:55:00Z,6.0,1.0,both_options
2025-05-16T10:55:00Z,2025-05-16T11:20:00Z,3.0,0.4166666666666667,both_options
2025-05-16T11:20:00Z,2025-05-16T11:55:00Z,10.0,0.5833333333333334,both_options
2025-05-16T11:55:00Z,2025-05-16T12:06:00Z,10.0,0.18333333333333332,both_options
2025-05-16T12:06:00Z,2025-05-16T12:55:00Z,10.0,0.8166666666666667,both_options
2025-05-16T12:55:00Z,2025-05-16T13:55:00Z,10.0,1.0,both_options
2025-05-16T13:55:00Z,2025-05-16T14:55:00Z,10.0,1.0,both_options
2025-05-16T14:55:00Z,2025-05-16T15:55:00Z,5.0,1.0,both_options
2025-05-16T15:55:00Z,2025-05-16T16:51:00Z,10.0,0.9333333333333333,both_options
2025-05-16T16:51:00Z,2025-05-16T16:52:00Z,1.75,0.016666666666666666,both_options
2025-05-16T16:52:00Z,2025-05-16T17:14:00Z,1.75,0.36666666666666664,both_options
2025-05-16T17:14:00Z,2025-05-16T17:27:00Z,1.75,0.21666666666666667,both_options
2025-05-16T17:27:00Z,2025-05-16T17:36:00Z,2.0,0.15,both_options
2025-05-16T17:36:00Z,2025-05-16T17:43:00Z,1.5,0.11666666666666667,both_options
2025-05-16T17:43:00Z,2025-05-16T17:55:00Z,1.5,0.2,both_options
2025-05-16T17:55:00Z,2025-05-16T18:00:00Z,1.75,0.08333333333333333,both_options
2025-05-16T18:00:00Z,2025-05-16T18:29:00Z,2.0,0.48333333333333334,both_options
2025-05-16T18:29:00Z,2025-05-16T18:45:00Z,3.0,0.26666666666666666,both_options
2025-05-16T18:45:00Z,2025-05-16T18:55:00Z,2.0,0.16666666666666666,both_options
2025-05-16T18:55:00Z,2025-05-16T19:02:00Z,1.5,0.11666666666666667,both_options
2025-05-16T19:02:00Z,2025-05-16T19:07:00Z,1.25,0.08333333333333333,both_options
2025-05-16T19:07:00Z,2025-05-16T19:10:00Z,1.75,0.05,both_options
2025-05-16T19:10:00Z,2025-05-16T19:20:00Z,2.0,0.16666666666666666,both_options
2025-05-16T19:20:00Z,2025-05-16T19:31:00Z,4.0,0.18333333333333332,both_options
2025-05-16T19:31:00Z,2025-05-16T19:43:00Z,1.75,0.2,both_options
2025-05-16T19:43:00Z,2025-05-16T19:50:00Z,2.0,0.11666666666666667,both_options
2025-05-16T19:50:00Z,2025-05-16T19:55:00Z,4.0,0.08333333333333333,both_options
2025-05-16T19:55:00Z,2025-05-16T20:18:00Z,9.0,0.38333333333333336,both_options
2025-05-16T20:18:00Z,2025-05-16T20:22:00Z,5.0,0.06666666666666667,both_options
2025-05-16T20:22:00Z,2025-05-16T20:30:00Z,4.0,0.13333333333333333,both_options
2025-05-16T20:30:00Z,2025-05-16T20:35:00Z,3.0,0.08333333333333333,both_options
2025-05-16T20:35:00Z,2025-05-16T20:42:00Z,1.75,0.11666666666666667,both_options
2025-05-16T20:42:00Z,2025-05-16T20:55:00Z,2.0,0.21666666666666667,both_options
2025-05-16T20:55:00Z,2025-05-16T21:11:00Z,3.0,0.26666666666666666,both_options
2025-05-16T21:11:00Z,2025-05-16T21:27:00Z,1.75,0.26666666666666666,both_options
2025-05-16T21:27:00Z,2025-05-16T21:36:00Z,2.0,0.15,both_options
2025-05-16T21:36:00Z,2025-05-16T21:45:00Z,7.0,0.15,both_options
2025-05-16T21:45:00Z,2025-05-16T21:55:00Z,7.0,0.16666666666666666,both_options
2025-05-16T21:55:00Z,2025-05-16T22:52:00Z,10.0,0.95,both_options
2025-05-16T22:52:00Z,2025-05-16T22:55:00Z,10.0,0.05,both_options
2025-05-16T22:55:00Z,2025-05-16T23:31:00Z,10.0,0.6,both_options
2025-05-16T23:31:00Z,2025-05-16T23:55:00Z,10.0,0.4,both_options
2025-05-16T23:55:00Z,2025-05-17T00:30:00Z,10.0,0.5833333333333334,both_options
2025-05-17T00:30:00Z,2025-05-17T00:50:00Z,10.0,0.3333333333333333,both_options
2025-05-17T00:50:00Z,2025-05-17T00:55:00Z,10.0,0.08333333333333333,both_options
2025-05-17T00:55:00Z,2025-05-17T01:11:00Z,10.0,0.26666666666666666,both_options
2025-05-17T01:11:00Z,2025-05-17T01:29:00Z,3.0,0.3,both_options
2025-05-17T01:29:00Z,2025-05-17T01:55:00Z,5.0,0.43333333333333335,both_options
2025-05-17T01:55:00Z,2025-05-17T02:28:00Z,9.0,0.55,both_options
2025-05-17T02:28:00Z,2025-05-17T02:55:00Z,3.0,0.45,both_options
2025-05-17T02:55:00Z,2025-05-17T03:55:00Z,5.0,1.0,both_options
2025-05-17T03:55:00Z,2025-05-17T04:05:00Z,10.0,0.16666666666666666,both_options
2025-05-17T04:05:00Z,2025-05-17T04:55:00Z,10.0,0.8333333333333334,both_options
2025-05-17T04:55:00Z,2025-05-17T05:55:00Z,5.0,1.0,both_options
2025-05-17T05:55:00Z,2025-05-17T06:48:00Z,6.0,0.8833333333333333,both_options
2025-05-17T06:48:00Z,2025-05-17T06:55:00Z,8.0,0.11666666666666667,both_options
2025-05-17T06:55:00Z,2025-05-17T07:04:00Z,7.0,0.15,both_options
2025-05-17T07:04:00Z,2025-05-17T07:13:00Z,2.0,0.15,both_options
2025-05-17T07:13:00Z,2025-05-17T07:22:00Z,2.5,0.15,both_options
2025-05-17T07:22:00Z,2025-05-17T07:28:00Z,2.0,0.1,both_options
2025-05-17T07:28:00Z,2025-05-17T07:36:00Z,1.75,0.13333333333333333,both_options
2025-05-17T07:36:00Z,2025-05-17T07:51:00Z,2.0,0.25,both_options
2025-05-17T07:51:00Z,2025-05-17T07:55:00Z,3.0,0.06666666666666667,both_options
2025-05-17T07:55:00Z,2025-05-17T08:02:00Z,3.0,0.11666666666666667,both_options
2025-05-17T08:02:00Z,2025-05-17T08:09:00Z,2.0,0.11666666666666667,both_options
2025-05-17T08:09:00Z,2025-05-17T08:13:00Z,1.75,0.06666666666666667,both_options
2025-05-17T08:13:00Z,2025-05-17T08:18:00Z,2.5,0.08333333333333333,both_options
2025-05-17T08:18:00Z,2025-05-17T08:47:00Z,4.0,0.48333333333333334,both_options
2025-05-17T08:47:00Z,2025-05-17T08:55:00Z,2.0,0.13333333333333333,both_options
2025-05-17T08:55:00Z,2025-05-17T09:04:00Z,2.5,0.15,both_options
2025-05-17T09:04:00Z,2025-05-17T09:09:00Z,3.0,0.08333333333333333,both_options
2025-05-17T09:09:00Z,2025-05-17T09:17:00Z,3.0,0.13333333333333333,both_options
2025-05-17T09:17:00Z,2025-05-17T09:24:00Z,3.0,0.11666666666666667,both_options
2025-05-17T09:24:00Z,2025-05-17T09:55:00Z,3.0,0.5166666666666667,both_options
2025-05-17T09:55:00Z,2025-05-17T09:59:00Z,4.0,0.06666666666666667,both_options
2025-05-17T09:59:00Z,2025-05-17T10:02:00Z,4.0,0.05,both_options
2025-05-17T10:02:00Z,2025-05-17T10:12:00Z,5.0,0.16666666666666666,both_options
2025-05-17T10:12:00Z,2025-05-17T10:15:00Z,5.0,0.05,both_options
2025-05-17T10:15:00Z,2025-05-17T10:23:00Z,5.0,0.13333333333333333,both_options
2025-05-17T10:23:00Z,2025-05-17T10:31:00Z,6.0,0.13333333333333333,both_options
2025-05-17T10:31:00Z,2025-05-17T10:42:00Z,8.0,0.18333333333333332,both_options
2025-05-17T10:42:00Z,2025-05-17T10:52:00Z,9.0,0.16666666666666666,both_options
2025-05-17T10:52:00Z,2025-05-17T10:55:00Z,10.0,0.05,both_options
2025-05-17T10:55:00Z,2025-05-17T11:07:00Z,10.0,0.2,both_options
2025-05-17T11:07:00Z,2025-05-17T11:15:00Z,9.0,0.13333333333333333,both_options
2025-05-17T11:15:00Z,2025-05-17T11:31:00Z,9.0,0.26666666666666666,both_options
2025-05-17T11:31:00Z,2025-05-17T11:51:00Z,5.0,0.3333333333333333,both_options
2025-05-17T11:51:00Z,2025-05-17T11:55:00Z,8.0,0.06666666666666667,both_options
2025-05-17T11:55:00Z,2025-05-17T12:42:00Z,9.0,0.7833333333333333,both_options
2025-05-17T12:42:00Z,2025-05-17T12:53:00Z,10.0,0.18333333333333332,both_options
2025-05-17T12:53:00Z,2025-05-17T12:55:00Z,10.0,0.03333333333333333,both_options
2025-05-17T12:55:00Z,2025-05-17T13:08:00Z,10.0,0.21666666666666667,both_options
2025-05-17T13:08:00Z,2025-05-17T13:34:00Z,10.0,0.43333333333333335,both_options
2025-05-17T13:34:00Z,2025-05-17T13:55:00Z,10.0,0.35,both_options
2025-05-17T13:55:00Z,2025-05-17T14:14:00Z,10.0,0.31666666666666665,both_options
2025-05-17T14:14:00Z,2025-05-17T14:28:00Z,10.0,0.23333333333333334,both_options
2025-05-17T14:28:00Z,2025-05-17T14:55:00Z,10.0,0.45,both_options
2025-05-17T14:55:00Z,2025-05-17T15:17:00Z,10.0,0.36666666666666664,both_options
2025-05-17T15:17:00Z,2025-05-17T15:27:00Z,5.0,0.16666666666666666,both_options
2025-05-17T15:27:00Z,2025-05-17T15:51:00Z,9.0,0.4,both_options
2025-05-17T15:51:00Z,2025-05-17T15:55:00Z,1.75,0.06666666666666667,both_options
2025-05-17T15:55:00Z,2025-05-17T16:03:00Z,2.0,0.13333333333333333,both_options
2025-05-17T16:03:00Z,2025-05-17T16:25:00Z,10.0,0.36666666666666664,both_options
2025-05-17T16:25:00Z,2025-05-17T16:35:00Z,1.75,0.16666666666666666,both_options
2025-05-17T16:35:00Z,2025-05-17T16:55:00Z,3.0,0.3333333333333333,both_options
2025-05-17T16:55:00Z,2025-05-17T17:27:00Z,10.0,0.5333333333333333,both_options
2025-05-17T17:27:00Z,2025-05-17T17:55:00Z,10.0,0.4666666666666667,both_options
2025-05-17T17:55:00Z,2025-05-17T18:19:00Z,10.0,0.4,both_options
2025-05-17T18:19:00Z,2025-05-17T18:47:00Z,10.0,0.4666666666666667,both_options
2025-05-17T18:47:00Z,2025-05-17T18:55:00Z,10.0,0.13333333333333333,both_options
2025-05-17T18:55:00Z,2025-05-17T19:19:00Z,10.0,0.4,both_options
2025-05-17T19:19:00Z,2025-05-17T19:55:00Z,10.0,0.6,both_options
2025-05-17T19:55:00Z,2025-05-17T20:16:00Z,10.0,0.35,both_options
2025-05-17T20:16:00Z,2025-05-17T20:55:00Z,10.0,0.65,both_options
2025-05-17T20:55:00Z,2025-05-17T21:55:00Z,10.0,1.0,both_options
2025-05-17T21:55:00Z,2025-05-17T22:55:00Z,10.0,1.0,both_options
2025-05-17T22:55:00Z,2025-05-17T23:55:00Z,10.0,1.0,both_options
2025-05-17T23:55:00Z,2025-05-18T00:22:00Z,10.0,0.45,both_options
2025-05-18T00:22:00Z,2025-05-18T00:34:00Z,4.0,0.2,both_options
2025-05-18T00:34:00Z,2025-05-18T00:44:00Z,2.5,0.16666666666666666,both_options
2025-05-18T00:44:00Z,2025-05-18T00:55:00Z,10.0,0.18333333333333332,both_options
2025-05-18T00:55:00Z,2025-05-18T01:02:00Z,10.0,0.11666666666666667,both_options
2025-05-18T01:02:00Z,2025-05-18T01:14:00Z,10.0,0.2,both_options
2025-05-18T01:14:00Z,2025-05-18T01:24:00Z,10.0,0.16666666666666666,both_options
2025-05-18T01:24:00Z,2025-05-18T01:43:00Z,10.0,0.31666666666666665,both_options
2025-05-18T01:43:00Z,2025-05-18T01:55:00Z,9.0,0.2,both_options
2025-05-18T01:55:00Z,2025-05-18T02:55:00Z,10.0,1.0,both_options
2025-05-18T02:55:00Z,2025-05-18T03:55:00Z,10.0,1.0,both_options
2025-05-18T03:55:00Z,2025-05-18T04:55:00Z,9.0,1.0,both_options
2025-05-18T04:55:00Z,2025-05-18T05:55:00Z,10.0,1.0,both_options
2025-05-18T05:55:00Z,2025-05-18T06:07:00Z,10.0,0.2,both_options
2025-05-18T06:07:00Z,2025-05-18T06:15:00Z,2.5,0.13333333333333333,both_options
2025-05-18T06:15:00Z,2025-05-18T06:55:00Z,6.0,0.6666666666666666,both_options
2025-05-18T06:55:00Z,2025-05-18T07:55:00Z,10.0,1.0,both_options
2025-05-18T07:55:00Z,2025-05-18T08:55:00Z,10.0,1.0,both_options
2025-05-18T08:55:00Z,2025-05-18T09:55:00Z,10.0,1.0,both_options
2025-05-18T09:55:00Z,2025-05-18T10:55:00Z,10.0,1.0,both_options
2025-05-18T10:55:00Z,2025-05-18T11:55:00Z,10.0,1.0,both_options
2025-05-18T11:55:00Z,2025-05-18T12:55:00Z,10.0,1.0,both_options
2025-05-18T12:55:00Z,2025-05-18T13:55:00Z,10.0,1.0,both_options
2025-05-18T13:55:00Z,2025-05-18T14:55:00Z,10.0,1.0,both_options
2025-05-18T14:55:00Z,2025-05-18T15:55:00Z,10.0,1.0,both_options
2025-05-18T15:55:00Z,2025-05-18T16:55:00Z,10.0,1.0,both_options
2025-05-18T16:55:00Z,2025-05-18T17:55:00Z,10.0,1.0,both_options
2025-05-18T17:55:00Z,2025-05-18T18:55:00Z,10.0,1.0,both_options
2025-05-18T18:55:00Z,2025-05-18T19:55:00Z,10.0,1.0,both_options
2025-05-18T19:55:00Z,2025-05-18T20:55:00Z,10.0,1.0,both_options
2025-05-18T20:55:00Z,2025-05-18T21:55:00Z,10.0,1.0,both_options
2025-05-18T21:55:00Z,2025-05-18T22:55:00Z,10.0,1.0,both_options
2025-05-18T22:55:00Z,2025-05-18T23:55:00Z,10.0,1.0,both_options
2025-05-18T23:55:00Z,2025-05-19T00:55:00Z,10.0,1.0,both_options
2025-05-19T00:55:00Z,2025-05-19T01:55:00Z,10.0,1.0,both_options
2025-05-19T01:55:00Z,2025-05-19T02:55:00Z,10.0,1.0,both_options
2025-05-19T02:55:00Z,2025-05-19T03:55:00Z,10.0,1.0,both_options
2025-05-19T03:55:00Z,2025-05-19T04:55:00Z,10.0,1.0,both_options
2025-05-19T04:55:00Z,2025-05-19T05:55:00Z,10.0,1.0,both_options
2025-05-19T05:55:00Z,2025-05-19T06:55:00Z,10.0,1.0,both_options
2025-05-19T06:55:00Z,2025-05-19T07:55:00Z,10.0,1.0,both_options
2025-05-19T07:55:00Z,2025-05-19T08:55:00Z,10.0,1.0,both_options
2025-05-19T08:55:00Z,2025-05-19T09:46:00Z,10.0,0.85,both_options
2025-05-19T09:46:00Z,2025-05-19T09:55:00Z,10.0,0.15,both_options
2025-05-19T09:55:00Z,2025-05-19T10:55:00Z,9.0,1.0,both_options
2025-05-19T10:55:00Z,2025-05-19T11:55:00Z,9.0,1.0,both_options
2025-05-19T11:55:00Z,2025-05-19T12:55:00Z,5.0,1.0,both_options
2025-05-19T12:55:00Z,2025-05-19T13:10:00Z,5.0,0.25,both_options
2025-05-19T13:10:00Z,2025-05-19T13:31:00Z,3.0,0.35,both_options
2025-05-19T13:31:00Z,2025-05-19T13:44:00Z,1.75,0.21666666666666667,both_options
2025-05-19T13:44:00Z,2025-05-19T13:55:00Z,1.75,0.18333333333333332,both_options
2025-05-19T13:55:00Z,2025-05-19T14:02:00Z,1.0,0.11666666666666667,both_options
2025-05-19T14:02:00Z,2025-05-19T14:06:00Z,1.0,0.06666666666666667,both_options
2025-05-19T14:06:00Z,2025-05-19T14:09:00Z,2.0,0.05,both_options
2025-05-19T14:09:00Z,2025-05-19T14:55:00Z,4.0,0.7666666666666667,both_options
2025-05-19T14:55:00Z,2025-05-19T15:18:00Z,8.0,0.38333333333333336,both_options
2025-05-19T15:18:00Z,2025-05-19T15:55:00Z,7.0,0.6166666666666667,both_options
2025-05-19T15:55:00Z,2025-05-19T16:55:00Z,8.0,1.0,both_options
2025-05-19T16:55:00Z,2025-05-19T17:55:00Z,8.0,1.0,both_options
2025-05-19T17:55:00Z,2025-05-19T18:51:00Z,7.0,0.9333333333333333,both_options
2025-05-19T18:51:00Z,2025-05-19T18:55:00Z,10.0,0.06666666666666667,both_options
2025-05-19T18:55:00Z,2025-05-19T19:55:00Z,10.0,1.0,both_options
2025-05-19T19:55:00Z,2025-05-19T20:44:00Z,10.0,0.8166666666666667,both_options
2025-05-19T20:44:00Z,2025-05-19T20:55:00Z,10.0,0.18333333333333332,both_options
2025-05-19T20:55:00Z,2025-05-19T21:55:00Z,10.0,1.0,both_options
2025-05-19T21:55:00Z,2025-05-19T22:08:00Z,10.0,0.21666666666666667,both_options
2025-05-19T22:08:00Z,2025-05-19T22:55:00Z,7.0,0.7833333333333333,both_options
2025-05-19T22:55:00Z,2025-05-19T23:55:00Z,10.0,1.0,both_options
2025-05-19T23:55:00Z,2025-05-20T00:05:00Z,10.0,0.16666666666666666,both_options
2025-05-20T00:05:00Z,2025-05-20T00:55:00Z,10.0,0.8333333333333334,both_options
2025-05-20T00:55:00Z,2025-05-20T01:11:00Z,10.0,0.26666666666666666,both_options
2025-05-20T01:11:00Z,2025-05-20T01:18:00Z,5.0,0.11666666666666667,both_options
2025-05-20T01:18:00Z,2025-05-20T01:26:00Z,4.0,0.13333333333333333,both_options
2025-05-20T01:26:00Z,2025-05-20T01:51:00Z,10.0,0.4166666666666667,both_options
2025-05-20T01:51:00Z,2025-05-20T01:53:00Z,4.0,0.03333333333333333,both_options
2025-05-20T01:53:00Z,2025-05-20T01:55:00Z,1.75,0.03333333333333333,both_options
2025-05-20T01:55:00Z,2025-05-20T02:04:00Z,1.25,0.15,both_options
2025-05-20T02:04:00Z,2025-05-20T02:11:00Z,2.5,0.11666666666666667,both_options
2025-05-20T02:11:00Z,2025-05-20T02:55:00Z,9.0,0.7333333333333333,both_options
2025-05-20T02:55:00Z,2025-05-20T03:55:00Z,10.0,1.0,both_options
2025-05-20T03:55:00Z,2025-05-20T04:02:00Z,5.0,0.11666666666666667,both_options
2025-05-20T04:02:00Z,2025-05-20T04:55:00Z,7.0,0.8833333333333333,both_options
2025-05-20T04:55:00Z,2025-05-20T05:19:00Z,7.0,0.4,both_options
2025-05-20T05:19:00Z,2025-05-20T05:55:00Z,10.0,0.6,both_options
2025-05-20T05:55:00Z,2025-05-20T06:55:00Z,9.0,1.0,both_options
2025-05-20T06:55:00Z,2025-05-20T07:04:00Z,10.0,0.15,both_options
2025-05-20T07:04:00Z,2025-05-20T07:38:00Z,10.0,0.5666666666666667,both_options
2025-05-20T07:38:00Z,2025-05-20T07:55:00Z,10.0,0.2833333333333333,both_options
2025-05-20T07:55:00Z,2025-05-20T08:17:00Z,4.0,0.36666666666666664,both_options
2025-05-20T08:17:00Z,2025-05-20T08:27:00Z,8.0,0.16666666666666666,both_options
2025-05-20T08:27:00Z,2025-05-20T08:55:00Z,3.0,0.4666666666666667,both_options
2025-05-20T08:55:00Z,2025-05-20T09:55:00Z,10.0,1.0,both_options
2025-05-20T09:55:00Z,2025-05-20T10:55:00Z,10.0,1.0,both_options
2025-05-20T10:55:00Z,2025-05-20T11:55:00Z,10.0,1.0,both_options
2025-05-20T11:55:00Z,2025-05-20T12:55:00Z,9.0,1.0,both_options
2025-05-20T12:55:00Z,2025-05-20T13:55:00Z,10.0,1.0,both_options
2025-05-20T13:55:00Z,2025-05-20T14:55:00Z,9.0,1.0,both_options
2025-05-20T14:55:00Z,2025-05-20T15:55:00Z,10.0,1.0,both_options
2025-05-20T15:55:00Z,2025-05-20T16:55:00Z,9.0,1.0,both_options
2025-05-20T16:55:00Z,2025-05-20T17:03:00Z,6.0,0.13333333333333333,both_options
2025-05-20T17:03:00Z,2025-05-20T17:14:00Z,1.75,0.18333333333333332,both_options
2025-05-20T17:14:00Z,2025-05-20T17:55:00Z,3.0,0.6833333333333333,both_options
2025-05-20T17:55:00Z,2025-05-20T18:07:00Z,10.0,0.2,both_options
2025-05-20T18:07:00Z,2025-05-20T18:39:00Z,9.0,0.5333333333333333,both_options
2025-05-20T18:39:00Z,2025-05-20T18:55:00Z,10.0,0.26666666666666666,both_options
2025-05-20T18:55:00Z,2025-05-20T19:55:00Z,10.0,1.0,both_options
2025-05-20T19:55:00Z,2025-05-20T20:55:00Z,10.0,1.0,both_options
2025-05-20T20:55:00Z,2025-05-20T21:19:00Z,10.0,0.4,both_options
2025-05-20T21:19:00Z,2025-05-20T21:32:00Z,10.0,0.21666666666666667,both_options
2025-05-20T21:32:00Z,2025-05-20T21:55:00Z,10.0,0.38333333333333336,both_options
2025-05-20T21:55:00Z,2025-05-20T22:55:00Z,10.0,1.0,both_options
2025-05-20T22:55:00Z,2025-05-20T23:35:00Z,10.0,0.6666666666666666,both_options
2025-05-20T23:35:00Z,2025-05-20T23:55:00Z,10.0,0.3333333333333333,both_options
2025-05-20T23:55:00Z,2025-05-21T00:34:00Z,10.0,0.65,both_options
2025-05-21T00:34:00Z,2025-05-21T00:55:00Z,10.0,0.35,both_options
2025-05-21T00:55:00Z,2025-05-21T01:37:00Z,10.0,0.7,both_options
2025-05-21T01:37:00Z,2025-05-21T01:50:00Z,10.0,0.21666666666666667,both_options
2025-05-21T01:50:00Z,2025-05-21T01:55:00Z,2.5,0.08333333333333333,both_options
2025-05-21T01:55:00Z,2025-05-21T02:55:00Z,4.0,1.0,both_options
2025-05-21T02:55:00Z,2025-05-21T03:03:00Z,10.0,0.13333333333333333,both_options
2025-05-21T03:03:00Z,2025-05-21T03:20:00Z,10.0,0.2833333333333333,both_options
2025-05-21T03:20:00Z,2025-05-21T03:28:00Z,10.0,0.13333333333333333,both_options
2025-05-21T03:28:00Z,2025-05-21T03:55:00Z,10.0,0.45,both_options
2025-05-21T03:55:00Z,2025-05-21T04:55:00Z,10.0,1.0,both_options
2025-05-21T04:55:00Z,2025-05-21T05:03:00Z,10.0,0.13333333333333333,both_options
2025-05-21T05:03:00Z,2025-05-21T05:24:00Z,10.0,0.35,both_options
2025-05-21T05:24:00Z,2025-05-21T05:55:00Z,10.0,0.5166666666666667,both_options
2025-05-21T05:55:00Z,2025-05-21T06:55:00Z,10.0,1.0,both_options
2025-05-21T06:55:00Z,2025-05-21T07:55:00Z,10.0,1.0,both_options
2025-05-21T07:55:00Z,2025-05-21T08:55:00Z,10.0,1.0,both_options
2025-05-21T08:55:00Z,2025-05-21T09:55:00Z,10.0,1.0,both_options
2025-05-21T09:55:00Z,2025-05-21T10:55:00Z,10.0,1.0,both_options
2025-05-21T10:55:00Z,2025-05-21T11:30:00Z,10.0,0.5833333333333334,both_options
2025-05-21T11:30:00Z,2025-05-21T11:55:00Z,10.0,0.4166666666666667,both_options
2025-05-21T11:55:00Z,2025-05-21T12:55:00Z,10.0,1.0,both_options
2025-05-21T12:55:00Z,2025-05-21T12:58:00Z,8.0,0.05,both_options
2025-05-21T12:58:00Z,2025-05-21T13:03:00Z,1.25,0.08333333333333333,both_options
2025-05-21T13:03:00Z,2025-05-21T13:10:00Z,0.75,0.11666666666666667,lower_only
2025-05-21T13:10:00Z,2025-05-21T13:12:00Z,1.5,0.03333333333333333,both_options
2025-05-21T13:12:00Z,2025-05-21T13:55:00Z,3.0,0.7166666666666667,both_options
2025-05-21T13:55:00Z,2025-05-21T14:55:00Z,10.0,1.0,both_options
2025-05-21T14:55:00Z,2025-05-21T15:55:00Z,10.0,1.0,both_options
2025-05-21T15:55:00Z,2025-05-21T16:55:00Z,10.0,1.0,both_options
2025-05-21T16:55:00Z,2025-05-21T17:55:00Z,10.0,1.0,both_options
2025-05-21T17:55:00Z,2025-05-21T18:55:00Z,10.0,1.0,both_options
2025-05-21T19:55:00Z,2025-05-21T20:55:00Z,10.0,1.0,both_options
2025-05-21T20:55:00Z,2025-05-21T21:55:00Z,10.0,1.0,both_options
2025-05-21T21:55:00Z,2025-05-21T22:55:00Z,10.0,1.0,both_options
2025-05-21T22:55:00Z,2025-05-21T23:55:00Z,10.0,1.0,both_options
2025-05-21T23:55:00Z,2025-05-22T00:55:00Z,10.0,1.0,both_options
2025-05-22T00:55:00Z,2025-05-22T01:55:00Z,10.0,1.0,both_options
2025-05-22T01:55:00Z,2025-05-22T02:55:00Z,10.0,1.0,both_options
2025-05-22T02:55:00Z,2025-05-22T03:55:00Z,10.0,1.0,both_options
2025-05-22T03:55:00Z,2025-05-22T04:55:00Z,10.0,1.0,both_options
2025-05-22T04:55:00Z,2025-05-22T05:55:00Z,10.0,1.0,both_options
2025-05-22T05:55:00Z,2025-05-22T06:55:00Z,10.0,1.0,both_options
2025-05-22T06:55:00Z,2025-05-22T07:55:00Z,10.0,1.0,both_options
2025-05-22T07:55:00Z,2025-05-22T08:55:00Z,10.0,1.0,both_options
2025-05-22T08:55:00Z,2025-05-22T09:55:00Z,10.0,1.0,both_options
2025-05-22T09:55:00Z,2025-05-22T10:55:00Z,10.0,1.0,both_options
2025-05-22T10:55:00Z,2025-05-22T11:55:00Z,10.0,1.0,both_options
2025-05-22T11:55:00Z,2025-05-22T12:37:00Z,10.0,0.7,both_options
2025-05-22T12:37:00Z,2025-05-22T12:55:00Z,10.0,0.3,both_options
2025-05-22T12:55:00Z,2025-05-22T13:52:00Z,10.0,0.95,both_options
2025-05-22T13:52:00Z,2025-05-22T13:55:00Z,10.0,0.05,both_options
2025-05-22T13:55:00Z,2025-05-22T14:27:00Z,10.0,0.5333333333333333,both_options
2025-05-22T14:27:00Z,2025-05-22T14:55:00Z,10.0,0.4666666666666667,both_options
2025-05-22T14:55:00Z,2025-05-22T15:55:00Z,10.0,1.0,both_options
2025-05-22T15:55:00Z,2025-05-22T16:55:00Z,10.0,1.0,both_options
2025-05-22T16:55:00Z,2025-05-22T17:55:00Z,10.0,1.0,both_options
2025-05-22T17:55:00Z,2025-05-22T18:55:00Z,10.0,1.0,both_options
2025-05-22T18:55:00Z,2025-05-22T19:55:00Z,10.0,1.0,both_options
2025-05-22T19:55:00Z,2025-05-22T20:36:00Z,10.0,0.6833333333333333,both_options
2025-05-22T20:36:00Z,2025-05-22T20:55:00Z,10.0,0.31666666666666665,both_options
2025-05-22T20:55:00Z,2025-05-22T21:55:00Z,10.0,1.0,both_options
2025-05-22T21:55:00Z,2025-05-22T22:55:00Z,10.0,1.0,both_options
2025-05-22T22:55:00Z,2025-05-22T23:55:00Z,10.0,1.0,both_options
2025-05-22T23:55:00Z,2025-05-23T00:55:00Z,10.0,1.0,both_options
2025-05-23T00:55:00Z,2025-05-23T01:55:00Z,10.0,1.0,both_options
2025-05-23T01:55:00Z,2025-05-23T02:10:00Z,10.0,0.25,both_options
2025-05-23T02:10:00Z,2025-05-23T02:55:00Z,10.0,0.75,both_options
2025-05-23T02:55:00Z,2025-05-23T03:55:00Z,10.0,1.0,both_options
2025-05-23T03:55:00Z,2025-05-23T04:55:00Z,10.0,1.0,both_options
2025-05-23T04:55:00Z,2025-05-23T05:55:00Z,10.0,1.0,both_options
2025-05-23T05:55:00Z,2025-05-23T06:12:00Z,10.0,0.2833333333333333,both_options
2025-05-23T06:12:00Z,2025-05-23T06:55:00Z,10.0,0.7166666666666667,both_options
2025-05-23T06:55:00Z,2025-05-23T07:13:00Z,10.0,0.3,both_options
2025-05-23T07:13:00Z,2025-05-23T07:35:00Z,10.0,0.36666666666666664,both_options
2025-05-23T07:35:00Z,2025-05-23T07:55:00Z,10.0,0.3333333333333333,both_options
2025-05-23T07:55:00Z,2025-05-23T08:16:00Z,10.0,0.35,both_options
2025-05-23T08:16:00Z,2025-05-23T08:55:00Z,10.0,0.65,both_options
2025-05-23T08:55:00Z,2025-05-23T09:55:00Z,10.0,1.0,both_options
2025-05-23T09:55:00Z,2025-05-23T10:55:00Z,10.0,1.0,both_options
2025-05-23T10:55:00Z,2025-05-23T11:55:00Z,10.0,1.0,both_options
2025-05-23T11:55:00Z,2025-05-23T12:55:00Z,9.0,1.0,both_options
2025-05-23T12:55:00Z,2025-05-23T13:55:00Z,10.0,1.0,both_options
2025-05-23T13:55:00Z,2025-05-23T14:55:00Z,10.0,1.0,both_options
2025-05-23T14:55:00Z,2025-05-23T15:55:00Z,10.0,1.0,both_options
2025-05-23T15:55:00Z,2025-05-23T16:55:00Z,10.0,1.0,both_options
2025-05-23T16:55:00Z,2025-05-23T17:55:00Z,10.0,1.0,both_options
2025-05-23T17:55:00Z,2025-05-23T18:55:00Z,10.0,1.0,both_options
2025-05-23T18:55:00Z,2025-05-23T19:55:00Z,10.0,1.0,both_options
2025-05-23T19:55:00Z,2025-05-23T20:55:00Z,10.0,1.0,both_options
2025-05-23T20:55:00Z,2025-05-23T21:55:00Z,10.0,1.0,both_options
2025-05-23T21:55:00Z,2025-05-23T22:55:00Z,10.0,1.0,both_options
2025-05-23T22:55:00Z,2025-05-23T23:55:00Z,10.0,1.0,both_options
2025-05-23T23:55:00Z,2025-05-24T00:55:00Z,10.0,1.0,both_options
2025-05-24T00:55:00Z,2025-05-24T01:55:00Z,10.0,1.0,both_options
2025-05-24T01:55:00Z,2025-05-24T02:55:00Z,10.0,1.0,both_options
2025-05-24T02:55:00Z,2025-05-24T03:55:00Z,10.0,1.0,both_options
2025-05-24T03:55:00Z,2025-05-24T04:55:00Z,10.0,1.0,both_options
2025-05-24T04:55:00Z,2025-05-24T05:55:00Z,10.0,1.0,both_options
2025-05-24T05:55:00Z,2025-05-24T06:55:00Z,10.0,1.0,both_options
2025-05-24T06:55:00Z,2025-05-24T07:55:00Z,10.0,1.0,both_options
2025-05-24T07:55:00Z,2025-05-24T08:55:00Z,10.0,1.0,both_options
2025-05-24T08:55:00Z,2025-05-24T09:55:00Z,10.0,1.0,both_options
2025-05-24T09:55:00Z,2025-05-24T10:55:00Z,10.0,1.0,both_options
2025-05-24T10:55:00Z,2025-05-24T11:55:00Z,10.0,1.0,both_options
2025-05-24T11:55:00Z,2025-05-24T12:55:00Z,10.0,1.0,both_options
2025-05-24T12:55:00Z,2025-05-24T13:55:00Z,10.0,1.0,both_options
2025-05-24T13:55:00Z,2025-05-24T14:55:00Z,10.0,1.0,both_options
2025-05-24T14:55:00Z,2025-05-24T15:55:00Z,10.0,1.0,both_options
2025-05-24T15:55:00Z,2025-05-24T16:55:00Z,10.0,1.0,both_options
2025-05-24T16:55:00Z,2025-05-24T17:55:00Z,10.0,1.0,both_options
2025-05-24T17:55:00Z,2025-05-24T18:55:00Z,10.0,1.0,both_options
2025-05-24T18:55:00Z,2025-05-24T19:55:00Z,10.0,1.0,both_options
2025-05-24T19:55:00Z,2025-05-24T20:55:00Z,10.0,1.0,both_options
2025-05-24T20:55:00Z,2025-05-24T21:55:00Z,10.0,1.0,both_options
2025-05-24T21:55:00Z,2025-05-24T22:55:00Z,10.0,1.0,both_options
2025-05-24T22:55:00Z,2025-05-24T23:55:00Z,10.0,1.0,both_options
2025-05-24T23:55:00Z,2025-05-25T00:55:00Z,10.0,1.0,both_options
2025-05-25T00:55:00Z,2025-05-25T01:55:00Z,10.0,1.0,both_options
2025-05-25T01:55:00Z,2025-05-25T02:55:00Z,10.0,1.0,both_options
2025-05-25T02:55:00Z,2025-05-25T03:55:00Z,10.0,1.0,both_options
2025-05-25T03:55:00Z,2025-05-25T04:55:00Z,10.0,1.0,both_options
2025-05-25T04:55:00Z,2025-05-25T05:55:00Z,10.0,1.0,both_options
2025-05-25T05:55:00Z,2025-05-25T06:55:00Z,10.0,1.0,both_options
2025-05-25T06:55:00Z,2025-05-25T07:55:00Z,10.0,1.0,both_options
2025-05-25T07:55:00Z,2025-05-25T08:55:00Z,10.0,1.0,both_options
2025-05-25T08:55:00Z,2025-05-25T09:55:00Z,10.0,1.0,both_options
2025-05-25T09:55:00Z,2025-05-25T10:55:00Z,10.0,1.0,both_options
2025-05-25T10:55:00Z,2025-05-25T11:55:00Z,10.0,1.0,both_options
2025-05-25T11:55:00Z,2025-05-25T12:55:00Z,10.0,1.0,both_options
2025-05-25T12:55:00Z,2025-05-25T13:55:00Z,10.0,1.0,both_options
2025-05-25T13:55:00Z,2025-05-25T14:55:00Z,10.0,1.0,both_options
2025-05-25T14:55:00Z,2025-05-25T15:55:00Z,10.0,1.0,both_options
2025-05-25T15:55:00Z,2025-05-25T16:55:00Z,10.0,1.0,both_options
2025-05-25T16:55:00Z,2025-05-25T17:55:00Z,10.0,1.0,both_options
2025-05-25T17:55:00Z,2025-05-25T18:55:00Z,10.0,1.0,both_options
2025-05-25T18:55:00Z,2025-05-25T19:55:00Z,10.0,1.0,both_options
2025-05-25T19:55:00Z,2025-05-25T20:55:00Z,10.0,1.0,both_options
2025-05-25T20:55:00Z,2025-05-25T21:55:00Z,10.0,1.0,both_options
2025-05-25T21:55:00Z,2025-05-25T22:55:00Z,10.0,1.0,both_options
2025-05-25T22:55:00Z,2025-05-25T23:55:00Z,10.0,1.0,both_options
2025-05-25T23:55:00Z,2025-05-26T00:55:00Z,10.0,1.0,both_options
2025-05-26T00:55:00Z,2025-05-26T01:55:00Z,10.0,1.0,both_options
2025-05-26T01:55:00Z,2025-05-26T02:55:00Z,10.0,1.0,both_options
2025-05-26T02:55:00Z,2025-05-26T03:55:00Z,10.0,1.0,both_options
2025-05-26T03:55:00Z,2025-05-26T04:55:00Z,10.0,1.0,both_options
2025-05-26T04:55:00Z,2025-05-26T05:42:00Z,10.0,0.7833333333333333,both_options
2025-05-26T05:42:00Z,2025-05-26T05:55:00Z,10.0,0.21666666666666667,both_options
2025-05-26T05:55:00Z,2025-05-26T06:40:00Z,10.0,0.75,both_options
2025-05-26T06:40:00Z,2025-05-26T06:48:00Z,10.0,0.13333333333333333,both_options
2025-05-26T06:48:00Z,2025-05-26T06:55:00Z,10.0,0.11666666666666667,both_options
2025-05-26T06:55:00Z,2025-05-26T07:55:00Z,10.0,1.0,both_options
2025-05-26T07:55:00Z,2025-05-26T08:48:00Z,10.0,0.8833333333333333,both_options
2025-05-26T08:48:00Z,2025-05-26T08:55:00Z,2.5,0.11666666666666667,both_options
2025-05-26T08:55:00Z,2025-05-26T09:06:00Z,4.0,0.18333333333333332,both_options
2025-05-26T09:06:00Z,2025-05-26T09:20:00Z,2.0,0.23333333333333334,both_options
2025-05-26T09:20:00Z,2025-05-26T09:42:00Z,3.0,0.36666666666666664,both_options
2025-05-26T09:42:00Z,2025-05-26T09:53:00Z,2.5,0.18333333333333332,both_options
2025-05-26T09:53:00Z,2025-05-26T09:55:00Z,2.0,0.03333333333333333,both_options
2025-05-26T09:55:00Z,2025-05-26T10:14:00Z,2.0,0.31666666666666665,both_options
2025-05-26T10:14:00Z,2025-05-26T10:25:00Z,4.0,0.18333333333333332,both_options
2025-05-26T10:25:00Z,2025-05-26T10:33:00Z,3.0,0.13333333333333333,both_options
2025-05-26T10:33:00Z,2025-05-26T10:42:00Z,4.0,0.15,both_options
2025-05-26T10:42:00Z,2025-05-26T10:55:00Z,6.0,0.21666666666666667,both_options
2025-05-26T10:55:00Z,2025-05-26T11:06:00Z,4.0,0.18333333333333332,both_options
2025-05-26T11:06:00Z,2025-05-26T11:34:00Z,4.0,0.4666666666666667,both_options
2025-05-26T11:34:00Z,2025-05-26T11:40:00Z,1.75,0.1,both_options
2025-05-26T11:40:00Z,2025-05-26T11:55:00Z,3.0,0.25,both_options
2025-05-26T11:55:00Z,2025-05-26T12:02:00Z,6.0,0.11666666666666667,both_options
2025-05-26T12:02:00Z,2025-05-26T12:11:00Z,1.75,0.15,both_options
2025-05-26T12:11:00Z,2025-05-26T12:19:00Z,2.0,0.13333333333333333,both_options
2025-05-26T12:19:00Z,2025-05-26T12:29:00Z,4.0,0.16666666666666666,both_options
2025-05-26T12:29:00Z,2025-05-26T12:55:00Z,5.0,0.43333333333333335,both_options
2025-05-26T12:55:00Z,2025-05-26T13:03:00Z,7.0,0.13333333333333333,both_options
2025-05-26T13:03:00Z,2025-05-26T13:55:00Z,9.0,0.8666666666666667,both_options
2025-05-26T13:55:00Z,2025-05-26T14:55:00Z,10.0,1.0,both_options
2025-05-26T14:55:00Z,2025-05-26T15:33:00Z,10.0,0.6333333333333333,both_options
2025-05-26T15:33:00Z,2025-05-26T15:55:00Z,10.0,0.36666666666666664,both_options
2025-05-26T15:55:00Z,2025-05-26T16:55:00Z,10.0,1.0,both_options
2025-05-26T16:55:00Z,2025-05-26T17:46:00Z,10.0,0.85,both_options
2025-05-26T17:46:00Z,2025-05-26T17:55:00Z,10.0,0.15,both_options
2025-05-26T17:55:00Z,2025-05-26T18:03:00Z,10.0,0.13333333333333333,both_options
2025-05-26T18:03:00Z,2025-05-26T18:14:00Z,10.0,0.18333333333333332,both_options
2025-05-26T18:14:00Z,2025-05-26T18:55:00Z,10.0,0.6833333333333333,both_options
2025-05-26T18:55:00Z,2025-05-26T19:55:00Z,10.0,1.0,both_options
2025-05-26T19:55:00Z,2025-05-26T20:55:00Z,10.0,1.0,both_options
2025-05-26T20:55:00Z,2025-05-26T21:55:00Z,10.0,1.0,both_options
2025-05-26T21:55:00Z,2025-05-26T22:55:00Z,10.0,1.0,both_options
2025-05-26T22:55:00Z,2025-05-26T23:55:00Z,10.0,1.0,both_options
2025-05-26T23:55:00Z,2025-05-27T00:55:00Z,10.0,1.0,both_options
2025-05-27T00:55:00Z,2025-05-27T01:55:00Z,10.0,1.0,both_options
2025-05-27T01:55:00Z,2025-05-27T02:55:00Z,10.0,1.0,both_options
2025-05-27T02:55:00Z,2025-05-27T03:55:00Z,10.0,1.0,both_options
2025-05-27T03:55:00Z,2025-05-27T04:55:00Z,10.0,1.0,both_options
2025-05-27T04:55:00Z,2025-05-27T05:55:00Z,10.0,1.0,both_options
2025-05-27T05:55:00Z,2025-05-27T06:55:00Z,10.0,1.0,both_options
2025-05-27T06:55:00Z,2025-05-27T07:55:00Z,10.0,1.0,both_options
2025-05-27T07:55:00Z,2025-05-27T08:55:00Z,10.0,1.0,both_options
2025-05-27T08:55:00Z,2025-05-27T09:55:00Z,10.0,1.0,both_options
2025-05-27T09:55:00Z,2025-05-27T10:55:00Z,10.0,1.0,both_options
2025-05-27T10:55:00Z,2025-05-27T11:55:00Z,10.0,1.0,both_options
2025-05-27T11:55:00Z,2025-05-27T12:55:00Z,10.0,1.0,both_options
2025-05-27T12:55:00Z,2025-05-27T13:55:00Z,10.0,1.0,both_options
2025-05-27T13:55:00Z,2025-05-27T14:55:00Z,10.0,1.0,both_options
2025-05-27T14:55:00Z,2025-05-27T15:55:00Z,10.0,1.0,both_options
2025-05-27T15:55:00Z,2025-05-27T16:55:00Z,10.0,1.0,both_options
2025-05-27T16:55:00Z,2025-05-27T17:55:00Z,10.0,1.0,both_options
2025-05-27T17:55:00Z,2025-05-27T18:55:00Z,10.0,1.0,both_options
2025-05-27T18:55:00Z,2025-05-27T19:55:00Z,10.0,1.0,both_options
2025-05-27T19:55:00Z,2025-05-27T20:55:00Z,10.0,1.0,both_options
2025-05-27T20:55:00Z,2025-05-27T21:55:00Z,10.0,1.0,both_options
2025-05-27T21:55:00Z,2025-05-27T22:55:00Z,10.0,1.0,both_options
2025-05-27T22:55:00Z,2025-05-27T23:55:00Z,10.0,1.0,both_options
2025-05-27T23:55:00Z,2025-05-28T00:55:00Z,10.0,1.0,both_options
2025-05-28T00:55:00Z,2025-05-28T01:55:00Z,10.0,1.0,both_options
2025-05-28T01:55:00Z,2025-05-28T02:55:00Z,10.0,1.0,both_options
2025-05-28T02:55:00Z,2025-05-28T03:55:00Z,10.0,1.0,both_options
2025-05-28T03:55:00Z,2025-05-28T04:55:00Z,10.0,1.0,both_options
2025-05-28T04:55:00Z,2025-05-28T05:55:00Z,10.0,1.0,both_options
2025-05-28T05:55:00Z,2025-05-28T06:55:00Z,10.0,1.0,both_options
2025-05-28T06:55:00Z,2025-05-28T07:55:00Z,10.0,1.0,both_options
2025-05-28T07:55:00Z,2025-05-28T08:55:00Z,10.0,1.0,both_options
2025-05-28T08:55:00Z,2025-05-28T09:55:00Z,10.0,1.0,both_options
2025-05-28T09:55:00Z,2025-05-28T10:55:00Z,10.0,1.0,both_options
2025-05-28T10:55:00Z,2025-05-28T11:55:00Z,10.0,1.0,both_options
2025-05-28T11:55:00Z,2025-05-28T12:55:00Z,8.0,1.0,both_options
2025-05-28T12:55:00Z,2025-05-28T13:55:00Z,10.0,1.0,both_options
2025-05-28T13:55:00Z,2025-05-28T14:33:00Z,10.0,0.6333333333333333,both_options
2025-05-28T14:33:00Z,2025-05-28T14:55:00Z,10.0,0.36666666666666664,both_options
2025-05-28T14:55:00Z,2025-05-28T15:38:00Z,10.0,0.7166666666666667,both_options
2025-05-28T15:38:00Z,2025-05-28T15:48:00Z,9.0,0.16666666666666666,both_options
2025-05-28T15:48:00Z,2025-05-28T15:55:00Z,9.0,0.11666666666666667,both_options
2025-05-28T15:55:00Z,2025-05-28T16:15:00Z,9.0,0.3333333333333333,both_options
2025-05-28T16:15:00Z,2025-05-28T16:55:00Z,9.0,0.6666666666666666,both_options
2025-05-28T16:55:00Z,2025-05-28T17:55:00Z,10.0,1.0,both_options
2025-05-28T17:55:00Z,2025-05-28T18:55:00Z,10.0,1.0,both_options
2025-05-28T18:55:00Z,2025-05-28T19:55:00Z,10.0,1.0,both_options
2025-05-28T19:55:00Z,2025-05-28T20:55:00Z,10.0,1.0,both_options
2025-05-28T20:55:00Z,2025-05-28T21:55:00Z,10.0,1.0,both_options
2025-05-28T21:55:00Z,2025-05-28T22:55:00Z,10.0,1.0,both_options
2025-05-28T22:55:00Z,2025-05-28T23:55:00Z,10.0,1.0,both_options
2025-05-28T23:55:00Z,2025-05-29T00:55:00Z,10.0,1.0,both_options
2025-05-29T00:55:00Z,2025-05-29T01:08:00Z,6.0,0.21666666666666667,both_options
2025-05-29T01:08:00Z,2025-05-29T01:39:00Z,10.0,0.5166666666666667,both_options
2025-05-29T01:39:00Z,2025-05-29T01:55:00Z,10.0,0.26666666666666666,both_options
2025-05-29T01:55:00Z,2025-05-29T02:55:00Z,10.0,1.0,both_options
2025-05-29T02:55:00Z,2025-05-29T03:14:00Z,6.0,0.31666666666666665,both_options
2025-05-29T03:14:00Z,2025-05-29T03:20:00Z,2.5,0.1,both_options
2025-05-29T03:20:00Z,2025-05-29T03:41:00Z,3.0,0.35,both_options
2025-05-29T03:41:00Z,2025-05-29T03:48:00Z,4.0,0.11666666666666667,both_options
2025-05-29T03:48:00Z,2025-05-29T03:55:00Z,4.0,0.11666666666666667,both_options
2025-05-29T03:55:00Z,2025-05-29T04:02:00Z,4.0,0.11666666666666667,both_options
2025-05-29T04:02:00Z,2025-05-29T04:28:00Z,4.0,0.43333333333333335,both_options
2025-05-29T04:28:00Z,2025-05-29T04:55:00Z,8.0,0.45,both_options
2025-05-29T04:55:00Z,2025-05-29T05:43:00Z,10.0,0.8,both_options
2025-05-29T05:43:00Z,2025-05-29T05:55:00Z,10.0,0.2,both_options
2025-05-29T05:55:00Z,2025-05-29T06:07:00Z,6.0,0.2,both_options
2025-05-29T06:07:00Z,2025-05-29T06:17:00Z,9.0,0.16666666666666666,both_options
2025-05-29T06:17:00Z,2025-05-29T06:55:00Z,7.0,0.6333333333333333,both_options
2025-05-29T06:55:00Z,2025-05-29T07:37:00Z,10.0,0.7,both_options
2025-05-29T07:37:00Z,2025-05-29T07:55:00Z,10.0,0.3,both_options
2025-05-29T07:55:00Z,2025-05-29T08:34:00Z,9.0,0.65,both_options
2025-05-29T08:34:00Z,2025-05-29T08:55:00Z,9.0,0.35,both_options
2025-05-29T08:55:00Z,2025-05-29T09:55:00Z,6.0,1.0,both_options
2025-05-29T09:55:00Z,2025-05-29T10:30:00Z,7.0,0.5833333333333334,both_options
2025-05-29T10:30:00Z,2025-05-29T10:43:00Z,2.5,0.21666666666666667,both_options
2025-05-29T10:43:00Z,2025-05-29T10:55:00Z,4.0,0.2,both_options
2025-05-29T10:55:00Z,2025-05-29T11:02:00Z,5.0,0.11666666666666667,both_options
2025-05-29T11:02:00Z,2025-05-29T11:23:00Z,6.0,0.35,both_options
2025-05-29T11:23:00Z,2025-05-29T11:55:00Z,10.0,0.5333333333333333,both_options
2025-05-29T11:55:00Z,2025-05-29T12:08:00Z,8.0,0.21666666666666667,both_options
2025-05-29T12:08:00Z,2025-05-29T12:31:00Z,3.0,0.38333333333333336,both_options
2025-05-29T12:31:00Z,2025-05-29T12:55:00Z,10.0,0.4,both_options
2025-05-29T12:55:00Z,2025-05-29T13:04:00Z,2.5,0.15,both_options
2025-05-29T13:04:00Z,2025-05-29T13:14:00Z,2.5,0.16666666666666666,both_options
2025-05-29T13:14:00Z,2025-05-29T13:22:00Z,1.25,0.13333333333333333,both_options
2025-05-29T13:22:00Z,2025-05-29T13:39:00Z,2.0,0.2833333333333333,both_options
2025-05-29T13:39:00Z,2025-05-29T13:47:00Z,1.75,0.13333333333333333,both_options
2025-05-29T13:47:00Z,2025-05-29T13:55:00Z,2.5,0.13333333333333333,both_options
2025-05-29T13:55:00Z,2025-05-29T14:30:00Z,2.0,0.5833333333333334,both_options
2025-05-29T14:30:00Z,2025-05-29T14:55:00Z,2.5,0.4166666666666667,both_options
2025-05-29T14:55:00Z,2025-05-29T15:02:00Z,2.5,0.11666666666666667,both_options
2025-05-29T15:02:00Z,2025-05-29T15:07:00Z,4.0,0.08333333333333333,both_options
2025-05-29T15:07:00Z,2025-05-29T15:20:00Z,6.0,0.21666666666666667,both_options
2025-05-29T15:20:00Z,2025-05-29T15:40:00Z,2.5,0.3333333333333333,both_options
2025-05-29T15:40:00Z,2025-05-29T15:55:00Z,1.75,0.25,both_options
2025-05-29T15:55:00Z,2025-05-29T16:03:00Z,1.25,0.13333333333333333,both_options
2025-05-29T16:03:00Z,2025-05-29T16:32:00Z,1.75,0.48333333333333334,both_options
2025-05-29T16:32:00Z,2025-05-29T16:45:00Z,2.0,0.21666666666666667,both_options
2025-05-29T16:45:00Z,2025-05-29T16:55:00Z,6.0,0.16666666666666666,both_options
2025-05-29T16:55:00Z,2025-05-29T17:27:00Z,6.0,0.5333333333333333,both_options
2025-05-29T17:27:00Z,2025-05-29T17:55:00Z,10.0,0.4666666666666667,both_options
2025-05-29T17:55:00Z,2025-05-29T18:51:00Z,10.0,0.9333333333333333,both_options
2025-05-29T18:51:00Z,2025-05-29T18:55:00Z,10.0,0.06666666666666667,both_options
2025-05-29T18:55:00Z,2025-05-29T19:55:00Z,10.0,1.0,both_options
2025-05-29T19:55:00Z,2025-05-29T20:55:00Z,10.0,1.0,both_options
2025-05-29T20:55:00Z,2025-05-29T21:55:00Z,10.0,1.0,both_options
2025-05-29T21:55:00Z,2025-05-29T22:55:00Z,10.0,1.0,both_options
2025-05-29T22:55:00Z,2025-05-29T23:55:00Z,10.0,1.0,both_options
2025-05-29T23:55:00Z,2025-05-30T00:55:00Z,10.0,1.0,both_options
2025-05-30T00:55:00Z,2025-05-30T01:55:00Z,10.0,1.0,both_options
2025-05-30T01:55:00Z,2025-05-30T02:55:00Z,10.0,1.0,both_options
2025-05-30T02:55:00Z,2025-05-30T03:55:00Z,10.0,1.0,both_options
2025-05-30T03:55:00Z,2025-05-30T04:55:00Z,10.0,1.0,both_options
2025-05-30T04:55:00Z,2025-05-30T05:55:00Z,10.0,1.0,both_options
2025-05-30T05:55:00Z,2025-05-30T06:55:00Z,10.0,1.0,both_options
2025-05-30T06:55:00Z,2025-05-30T07:55:00Z,10.0,1.0,both_options
2025-05-30T07:55:00Z,2025-05-30T08:55:00Z,10.0,1.0,both_options
2025-05-30T08:55:00Z,2025-05-30T09:55:00Z,10.0,1.0,both_options
2025-05-30T09:55:00Z,2025-05-30T10:55:00Z,10.0,1.0,both_options
2025-05-30T10:55:00Z,2025-05-30T11:55:00Z,10.0,1.0,both_options
2025-05-30T11:55:00Z,2025-05-30T12:55:00Z,10.0,1.0,both_options
2025-05-30T12:55:00Z,2025-05-30T13:55:00Z,10.0,1.0,both_options
2025-05-30T13:55:00Z,2025-05-30T14:55:00Z,10.0,1.0,both_options
2025-05-30T14:55:00Z,2025-05-30T15:55:00Z,10.0,1.0,both_options
2025-05-30T15:55:00Z,2025-05-30T16:55:00Z,10.0,1.0,both_options
2025-05-30T17:55:00Z,2025-05-30T18:55:00Z,10.0,1.0,both_options
2025-05-30T18:55:00Z,2025-05-30T19:55:00Z,10.0,1.0,both_options
2025-05-30T19:55:00Z,2025-05-30T20:55:00Z,10.0,1.0,both_options
2025-05-30T20:55:00Z,2025-05-30T21:55:00Z,10.0,1.0,both_options
2025-05-30T21:55:00Z,2025-05-30T22:55:00Z,10.0,1.0,both_options
2025-05-30T22:55:00Z,2025-05-30T23:55:00Z,10.0,1.0,both_options
2025-05-30T23:55:00Z,2025-05-31T00:55:00Z,10.0,1.0,both_options
2025-05-31T00:55:00Z,2025-05-31T01:55:00Z,10.0,1.0,both_options
2025-05-31T01:55:00Z,2025-05-31T02:55:00Z,10.0,1.0,both_options
2025-05-31T02:55:00Z,2025-05-31T03:55:00Z,10.0,1.0,both_options
2025-05-31T03:55:00Z,2025-05-31T04:55:00Z,9.0,1.0,both_options
2025-05-31T04:55:00Z,2025-05-31T05:55:00Z,10.0,1.0,both_options
2025-05-31T05:55:00Z,2025-05-31T06:55:00Z,10.0,1.0,both_options
2025-05-31T06:55:00Z,2025-05-31T07:55:00Z,10.0,1.0,both_options
2025-05-31T07:55:00Z,2025-05-31T08:55:00Z,10.0,1.0,both_options
2025-05-31T08:55:00Z,2025-05-31T09:55:00Z,10.0,1.0,both_options
2025-05-31T09:55:00Z,2025-05-31T10:55:00Z,10.0,1.0,both_options
2025-05-31T10:55:00Z,2025-05-31T11:55:00Z,10.0,1.0,both_options
2025-05-31T11:55:00Z,2025-05-31T12:55:00Z,10.0,1.0,both_options
2025-05-31T12:55:00Z,2025-05-31T13:33:00Z,8.0,0.6333333333333333,both_options
2025-05-31T13:33:00Z,2025-05-31T13:55:00Z,6.0,0.36666666666666664,both_options
2025-05-31T13:55:00Z,2025-05-31T14:55:00Z,7.0,1.0,both_options
2025-05-31T14:55:00Z,2025-05-31T15:02:00Z,4.0,0.11666666666666667,both_options
2025-05-31T15:02:00Z,2025-05-31T15:22:00Z,2.5,0.3333333333333333,both_options
2025-05-31T15:22:00Z,2025-05-31T15:55:00Z,2.5,0.55,both_options
2025-05-31T15:55:00Z,2025-05-31T16:07:00Z,2.0,0.2,both_options
2025-05-31T16:07:00Z,2025-05-31T16:09:00Z,1.5,0.03333333333333333,both_options
2025-05-31T16:09:00Z,2025-05-31T16:26:00Z,1.5,0.2833333333333333,both_options
2025-05-31T16:26:00Z,2025-05-31T16:33:00Z,2.0,0.11666666666666667,both_options
2025-05-31T16:33:00Z,2025-05-31T16:45:00Z,1.5,0.2,both_options
2025-05-31T16:45:00Z,2025-05-31T16:55:00Z,3.0,0.16666666666666666,both_options
2025-05-31T16:55:00Z,2025-05-31T17:55:00Z,10.0,1.0,both_options
2025-05-31T17:55:00Z,2025-05-31T18:55:00Z,10.0,1.0,both_options
2025-05-31T18:55:00Z,2025-05-31T19:48:00Z,10.0,0.8833333333333333,both_options
2025-05-31T19:48:00Z,2025-05-31T19:55:00Z,5.0,0.11666666666666667,both_options
2025-05-31T19:55:00Z,2025-05-31T20:07:00Z,6.0,0.2,both_options
2025-05-31T20:07:00Z,2025-05-31T20:22:00Z,10.0,0.25,both_options
2025-05-31T20:22:00Z,2025-05-31T20:55:00Z,10.0,0.55,both_options
2025-05-31T20:55:00Z,2025-05-31T21:20:00Z,10.0,0.4166666666666667,both_options
2025-05-31T21:20:00Z,2025-05-31T21:38:00Z,10.0,0.3,both_options
2025-05-31T21:38:00Z,2025-05-31T21:55:00Z,10.0,0.2833333333333333,both_options
2025-05-31T21:55:00Z,2025-05-31T22:55:00Z,10.0,1.0,both_options
2025-05-31T22:55:00Z,2025-05-31T23:55:00Z,10.0,1.0,both_options
2025-05-31T23:55:00Z,2025-06-01T00:55:00Z,10.0,1.0,both_options
2025-06-01T00:55:00Z,2025-06-01T01:55:00Z,10.0,1.0,both_options
2025-06-01T01:55:00Z,2025-06-01T02:55:00Z,10.0,1.0,both_options
2025-06-01T02:55:00Z,2025-06-01T03:55:00Z,10.0,1.0,both_options
2025-06-01T03:55:00Z,2025-06-01T04:55:00Z,10.0,1.0,both_options
2025-06-01T04:55:00Z,2025-06-01T05:55:00Z,10.0,1.0,both_options
2025-06-01T05:55:00Z,2025-06-01T06:04:00Z,10.0,0.15,both_options
2025-06-01T06:04:00Z,2025-06-01T06:55:00Z,10.0,0.85,both_options
2025-06-01T06:55:00Z,2025-06-01T07:55:00Z,10.0,1.0,both_options
2025-06-01T07:55:00Z,2025-06-01T08:55:00Z,10.0,1.0,both_options
2025-06-01T08:55:00Z,2025-06-01T09:55:00Z,10.0,1.0,both_options
2025-06-01T09:55:00Z,2025-06-01T10:55:00Z,10.0,1.0,both_options
2025-06-01T10:55:00Z,2025-06-01T11:55:00Z,10.0,1.0,both_options
2025-06-01T11:55:00Z,2025-06-01T12:55:00Z,10.0,1.0,both_options
2025-06-01T12:55:00Z,2025-06-01T13:55:00Z,10.0,1.0,both_options
2025-06-01T13:55:00Z,2025-06-01T14:55:00Z,10.0,1.0,both_options
2025-06-01T14:55:00Z,2025-06-01T15:55:00Z,9.0,1.0,both_options
2025-06-01T15:55:00Z,2025-06-01T16:55:00Z,10.0,1.0,both_options
2025-06-01T16:55:00Z,2025-06-01T17:55:00Z,10.0,1.0,both_options
2025-06-01T17:55:00Z,2025-06-01T18:12:00Z,10.0,0.2833333333333333,both_options
2025-06-01T18:12:00Z,2025-06-01T18:55:00Z,10.0,0.7166666666666667,both_options
2025-06-01T18:55:00Z,2025-06-01T19:55:00Z,10.0,1.0,both_options
2025-06-01T19:55:00Z,2025-06-01T20:55:00Z,10.0,1.0,both_options
2025-06-01T20:55:00Z,2025-06-01T21:55:00Z,10.0,1.0,both_options
2025-06-01T21:55:00Z,2025-06-01T22:55:00Z,10.0,1.0,both_options
2025-06-01T22:55:00Z,2025-06-01T23:55:00Z,10.0,1.0,both_options
2025-06-01T23:55:00Z,2025-06-02T00:55:00Z,10.0,1.0,both_options
2025-06-02T00:55:00Z,2025-06-02T01:55:00Z,10.0,1.0,both_options
2025-06-02T01:55:00Z,2025-06-02T02:55:00Z,10.0,1.0,both_options
2025-06-02T02:55:00Z,2025-06-02T03:55:00Z,10.0,1.0,both_options
2025-06-02T03:55:00Z,2025-06-02T04:55:00Z,10.0,1.0,both_options
2025-06-02T04:55:00Z,2025-06-02T05:55:00Z,10.0,1.0,both_options
2025-06-02T05:55:00Z,2025-06-02T06:55:00Z,10.0,1.0,both_options
2025-06-02T06:55:00Z,2025-06-02T07:55:00Z,9.0,1.0,both_options
2025-06-02T07:55:00Z,2025-06-02T08:55:00Z,9.0,1.0,both_options
2025-06-02T08:55:00Z,2025-06-02T09:55:00Z,9.0,1.0,both_options
2025-06-02T09:55:00Z,2025-06-02T10:55:00Z,9.0,1.0,both_options
2025-06-02T10:55:00Z,2025-06-02T11:55:00Z,9.0,1.0,both_options
2025-06-02T11:55:00Z,2025-06-02T12:55:00Z,9.0,1.0,both_options
2025-06-02T12:55:00Z,2025-06-02T13:55:00Z,9.0,1.0,both_options
2025-06-02T13:55:00Z,2025-06-02T14:55:00Z,8.0,1.0,both_options
2025-06-02T14:55:00Z,2025-06-02T15:55:00Z,8.0,1.0,both_options
2025-06-02T15:55:00Z,2025-06-02T16:55:00Z,8.0,1.0,both_options
2025-06-02T16:55:00Z,2025-06-02T17:55:00Z,8.0,1.0,both_options
2025-06-02T17:55:00Z,2025-06-02T18:55:00Z,10.0,1.0,both_options
2025-06-02T18:55:00Z,2025-06-02T19:16:00Z,10.0,0.35,both_options
2025-06-02T19:16:00Z,2025-06-02T19:25:00Z,10.0,0.15,both_options
2025-06-02T19:25:00Z,2025-06-02T19:55:00Z,10.0,0.5,both_options
2025-06-02T19:55:00Z,2025-06-02T20:28:00Z,10.0,0.55,both_options
2025-06-02T20:28:00Z,2025-06-02T20:55:00Z,10.0,0.45,both_options
2025-06-02T20:55:00Z,2025-06-02T21:55:00Z,10.0,1.0,both_options
2025-06-02T21:55:00Z,2025-06-02T22:55:00Z,10.0,1.0,both_options
2025-06-02T22:55:00Z,2025-06-02T23:55:00Z,10.0,1.0,both_options
2025-06-02T23:55:00Z,2025-06-03T00:55:00Z,10.0,1.0,both_options
2025-06-03T00:55:00Z,2025-06-03T01:55:00Z,10.0,1.0,both_options
2025-06-03T01:55:00Z,2025-06-03T02:20:00Z,9.0,0.4166666666666667,both_options
2025-06-03T02:20:00Z,2025-06-03T02:55:00Z,9.0,0.5833333333333334,both_options
2025-06-03T02:55:00Z,2025-06-03T03:55:00Z,9.0,1.0,both_options
2025-06-03T03:55:00Z,2025-06-03T04:55:00Z,8.0,1.0,both_options
2025-06-03T04:55:00Z,2025-06-03T05:55:00Z,9.0,1.0,both_options
2025-06-03T05:55:00Z,2025-06-03T06:55:00Z,9.0,1.0,both_options
2025-06-03T06:55:00Z,2025-06-03T07:55:00Z,9.0,1.0,both_options
2025-06-03T07:55:00Z,2025-06-03T08:55:00Z,9.0,1.0,both_options
2025-06-03T08:55:00Z,2025-06-03T09:38:00Z,9.0,0.7166666666666667,both_options
2025-06-03T09:38:00Z,2025-06-03T09:55:00Z,8.0,0.2833333333333333,both_options
2025-06-03T09:55:00Z,2025-06-03T10:55:00Z,9.0,1.0,both_options
2025-06-03T10:55:00Z,2025-06-03T11:55:00Z,9.0,1.0,both_options
2025-06-03T11:55:00Z,2025-06-03T12:55:00Z,8.0,1.0,both_options
2025-06-03T12:55:00Z,2025-06-03T13:31:00Z,9.0,0.6,both_options
2025-06-03T13:31:00Z,2025-06-03T13:41:00Z,7.0,0.16666666666666666,both_options
2025-06-03T13:41:00Z,2025-06-03T13:50:00Z,7.0,0.15,both_options
2025-06-03T13:50:00Z,2025-06-03T13:55:00Z,7.0,0.08333333333333333,both_options
2025-06-03T13:55:00Z,2025-06-03T14:55:00Z,7.0,1.0,both_options
2025-06-03T14:55:00Z,2025-06-03T15:05:00Z,7.0,0.16666666666666666,both_options
2025-06-03T15:05:00Z,2025-06-03T15:55:00Z,7.0,0.8333333333333334,both_options
2025-06-03T15:55:00Z,2025-06-03T16:55:00Z,7.0,1.0,both_options
2025-06-03T16:55:00Z,2025-06-03T17:55:00Z,8.0,1.0,both_options
2025-06-03T17:55:00Z,2025-06-03T18:55:00Z,8.0,1.0,both_options
2025-06-03T18:55:00Z,2025-06-03T19:33:00Z,9.0,0.6333333333333333,both_options
2025-06-03T19:33:00Z,2025-06-03T19:55:00Z,10.0,0.36666666666666664,both_options
2025-06-03T19:55:00Z,2025-06-03T20:55:00Z,10.0,1.0,both_options
2025-06-03T20:55:00Z,2025-06-03T21:55:00Z,10.0,1.0,both_options
2025-06-03T21:55:00Z,2025-06-03T22:55:00Z,10.0,1.0,both_options
2025-06-03T22:55:00Z,2025-06-03T23:04:00Z,10.0,0.15,both_options
2025-06-03T23:04:00Z,2025-06-03T23:55:00Z,10.0,0.85,both_options
2025-06-03T23:55:00Z,2025-06-04T00:55:00Z,10.0,1.0,both_options
2025-06-04T00:55:00Z,2025-06-04T01:44:00Z,10.0,0.8166666666666667,both_options
2025-06-04T01:44:00Z,2025-06-04T01:55:00Z,10.0,0.18333333333333332,both_options
2025-06-04T01:55:00Z,2025-06-04T02:41:00Z,10.0,0.7666666666666667,both_options
2025-06-04T02:41:00Z,2025-06-04T02:55:00Z,7.0,0.23333333333333334,both_options
2025-06-04T02:55:00Z,2025-06-04T03:55:00Z,8.0,1.0,both_options
2025-06-04T03:55:00Z,2025-06-04T04:45:00Z,9.0,0.8333333333333334,both_options
2025-06-04T04:45:00Z,2025-06-04T04:55:00Z,2.5,0.16666666666666666,both_options
2025-06-04T04:55:00Z,2025-06-04T05:13:00Z,3.0,0.3,both_options
2025-06-04T05:13:00Z,2025-06-04T05:22:00Z,2.5,0.15,both_options
2025-06-04T05:22:00Z,2025-06-04T05:36:00Z,3.0,0.23333333333333334,both_options
2025-06-04T05:36:00Z,2025-06-04T05:44:00Z,2.5,0.13333333333333333,both_options
2025-06-04T05:44:00Z,2025-06-04T05:55:00Z,3.0,0.18333333333333332,both_options
2025-06-04T05:55:00Z,2025-06-04T06:06:00Z,2.5,0.18333333333333332,both_options
2025-06-04T06:06:00Z,2025-06-04T06:15:00Z,3.0,0.15,both_options
2025-06-04T06:15:00Z,2025-06-04T06:31:00Z,3.0,0.26666666666666666,both_options
2025-06-04T06:31:00Z,2025-06-04T06:55:00Z,4.0,0.4,both_options
2025-06-04T06:55:00Z,2025-06-04T07:28:00Z,2.5,0.55,both_options
2025-06-04T07:28:00Z,2025-06-04T07:55:00Z,3.0,0.45,both_options
2025-06-04T07:55:00Z,2025-06-04T08:44:00Z,3.0,0.8166666666666667,both_options
2025-06-04T08:44:00Z,2025-06-04T08:55:00Z,9.0,0.18333333333333332,both_options
2025-06-04T08:55:00Z,2025-06-04T09:51:00Z,5.0,0.9333333333333333,both_options
2025-06-04T09:51:00Z,2025-06-04T09:55:00Z,10.0,0.06666666666666667,both_options
2025-06-04T09:55:00Z,2025-06-04T10:10:00Z,8.0,0.25,both_options
2025-06-04T10:10:00Z,2025-06-04T10:25:00Z,9.0,0.25,both_options
2025-06-04T10:25:00Z,2025-06-04T10:40:00Z,10.0,0.25,both_options
2025-06-04T10:40:00Z,2025-06-04T10:55:00Z,4.0,0.25,both_options
2025-06-04T10:55:00Z,2025-06-04T11:11:00Z,8.0,0.26666666666666666,both_options
2025-06-04T11:11:00Z,2025-06-04T11:55:00Z,9.0,0.7333333333333333,both_options
2025-06-04T11:55:00Z,2025-06-04T12:23:00Z,10.0,0.4666666666666667,both_options
2025-06-04T12:23:00Z,2025-06-04T12:55:00Z,10.0,0.5333333333333333,both_options
2025-06-04T12:55:00Z,2025-06-04T13:55:00Z,10.0,1.0,both_options
2025-06-04T13:55:00Z,2025-06-04T14:55:00Z,10.0,1.0,both_options
2025-06-04T14:55:00Z,2025-06-04T15:55:00Z,4.0,1.0,both_options
2025-06-04T15:55:00Z,2025-06-04T16:08:00Z,7.0,0.21666666666666667,both_options
2025-06-04T16:08:00Z,2025-06-04T16:18:00Z,5.0,0.16666666666666666,both_options
2025-06-04T16:18:00Z,2025-06-04T16:55:00Z,9.0,0.6166666666666667,both_options
2025-06-04T16:55:00Z,2025-06-04T17:55:00Z,10.0,1.0,both_options
2025-06-04T17:55:00Z,2025-06-04T18:55:00Z,10.0,1.0,both_options
2025-06-04T18:55:00Z,2025-06-04T19:55:00Z,10.0,1.0,both_options
2025-06-04T19:55:00Z,2025-06-04T20:55:00Z,10.0,1.0,both_options
2025-06-04T20:55:00Z,2025-06-04T21:55:00Z,10.0,1.0,both_options
2025-06-04T21:55:00Z,2025-06-04T22:55:00Z,10.0,1.0,both_options
2025-06-04T22:55:00Z,2025-06-04T23:55:00Z,10.0,1.0,both_options
2025-06-04T23:55:00Z,2025-06-05T00:55:00Z,10.0,1.0,both_options
2025-06-05T00:55:00Z,2025-06-05T01:55:00Z,10.0,1.0,both_options
2025-06-05T01:55:00Z,2025-06-05T02:55:00Z,10.0,1.0,both_options
2025-06-05T02:55:00Z,2025-06-05T03:55:00Z,10.0,1.0,both_options
2025-06-05T03:55:00Z,2025-06-05T04:55:00Z,9.0,1.0,both_options
2025-06-05T04:55:00Z,2025-06-05T05:06:00Z,10.0,0.18333333333333332,both_options
2025-06-05T05:06:00Z,2025-06-05T05:15:00Z,8.0,0.15,both_options
2025-06-05T05:15:00Z,2025-06-05T05:41:00Z,7.0,0.43333333333333335,both_options
2025-06-05T05:41:00Z,2025-06-05T05:55:00Z,7.0,0.23333333333333334,both_options
2025-06-05T05:55:00Z,2025-06-05T06:00:00Z,10.0,0.08333333333333333,both_options
2025-06-05T06:00:00Z,2025-06-05T06:15:00Z,7.0,0.25,both_options
2025-06-05T06:15:00Z,2025-06-05T06:23:00Z,6.0,0.13333333333333333,both_options
2025-06-05T06:23:00Z,2025-06-05T06:31:00Z,6.0,0.13333333333333333,both_options
2025-06-05T06:31:00Z,2025-06-05T06:55:00Z,6.0,0.4,both_options
2025-06-05T06:55:00Z,2025-06-05T07:23:00Z,4.0,0.4666666666666667,both_options
2025-06-05T07:23:00Z,2025-06-05T07:55:00Z,10.0,0.5333333333333333,both_options
2025-06-05T07:55:00Z,2025-06-05T08:52:00Z,9.0,0.95,both_options
2025-06-05T08:52:00Z,2025-06-05T08:55:00Z,10.0,0.05,both_options
2025-06-05T08:55:00Z,2025-06-05T09:09:00Z,10.0,0.23333333333333334,both_options
2025-06-05T09:09:00Z,2025-06-05T09:19:00Z,10.0,0.16666666666666666,both_options
2025-06-05T09:19:00Z,2025-06-05T09:31:00Z,10.0,0.2,both_options
2025-06-05T09:31:00Z,2025-06-05T09:55:00Z,10.0,0.4,both_options
2025-06-05T09:55:00Z,2025-06-05T10:50:00Z,10.0,0.9166666666666666,both_options
2025-06-05T10:50:00Z,2025-06-05T10:55:00Z,9.0,0.08333333333333333,both_options
2025-06-05T10:55:00Z,2025-06-05T11:05:00Z,10.0,0.16666666666666666,both_options
2025-06-05T11:05:00Z,2025-06-05T11:16:00Z,10.0,0.18333333333333332,both_options
2025-06-05T11:16:00Z,2025-06-05T11:55:00Z,10.0,0.65,both_options
2025-06-05T11:55:00Z,2025-06-05T12:46:00Z,9.0,0.85,both_options
2025-06-05T12:46:00Z,2025-06-05T12:55:00Z,10.0,0.15,both_options
2025-06-05T12:55:00Z,2025-06-05T13:55:00Z,10.0,1.0,both_options
2025-06-05T13:55:00Z,2025-06-05T14:55:00Z,10.0,1.0,both_options
2025-06-05T14:55:00Z,2025-06-05T15:55:00Z,10.0,1.0,both_options
2025-06-05T15:55:00Z,2025-06-05T16:55:00Z,10.0,1.0,both_options
2025-06-05T16:55:00Z,2025-06-05T17:37:00Z,10.0,0.7,both_options
2025-06-05T17:37:00Z,2025-06-05T17:55:00Z,10.0,0.3,both_options
2025-06-05T17:55:00Z,2025-06-05T18:55:00Z,10.0,1.0,both_options
2025-06-05T18:55:00Z,2025-06-05T19:20:00Z,10.0,0.4166666666666667,both_options
2025-06-05T19:20:00Z,2025-06-05T19:55:00Z,10.0,0.5833333333333334,both_options
2025-06-05T19:55:00Z,2025-06-05T20:55:00Z,10.0,1.0,both_options
2025-06-05T20:55:00Z,2025-06-05T21:21:00Z,10.0,0.43333333333333335,both_options
2025-06-05T21:21:00Z,2025-06-05T21:55:00Z,10.0,0.5666666666666667,both_options
2025-06-05T21:55:00Z,2025-06-05T22:55:00Z,10.0,1.0,both_options
2025-06-05T22:55:00Z,2025-06-05T23:55:00Z,10.0,1.0,both_options
2025-06-05T23:55:00Z,2025-06-06T00:24:00Z,10.0,0.48333333333333334,both_options
2025-06-06T00:24:00Z,2025-06-06T00:55:00Z,10.0,0.5166666666666667,both_options
2025-06-06T00:55:00Z,2025-06-06T01:55:00Z,10.0,1.0,both_options
2025-06-06T01:55:00Z,2025-06-06T02:55:00Z,10.0,1.0,both_options
2025-06-06T02:55:00Z,2025-06-06T03:55:00Z,10.0,1.0,both_options
2025-06-06T03:55:00Z,2025-06-06T04:55:00Z,9.0,1.0,both_options
2025-06-06T04:55:00Z,2025-06-06T05:26:00Z,10.0,0.5166666666666667,both_options
2025-06-06T05:26:00Z,2025-06-06T05:55:00Z,10.0,0.48333333333333334,both_options
2025-06-06T05:55:00Z,2025-06-06T06:55:00Z,9.0,1.0,both_options
2025-06-06T06:55:00Z,2025-06-06T07:55:00Z,10.0,1.0,both_options
2025-06-06T07:55:00Z,2025-06-06T08:55:00Z,10.0,1.0,both_options
2025-06-06T08:55:00Z,2025-06-06T09:55:00Z,9.0,1.0,both_options
2025-06-06T09:55:00Z,2025-06-06T10:55:00Z,8.0,1.0,both_options
2025-06-06T10:55:00Z,2025-06-06T11:55:00Z,9.0,1.0,both_options
2025-06-06T11:55:00Z,2025-06-06T12:55:00Z,10.0,1.0,both_options
2025-06-06T12:55:00Z,2025-06-06T13:55:00Z,10.0,1.0,both_options
2025-06-06T13:55:00Z,2025-06-06T14:55:00Z,8.0,1.0,both_options
2025-06-06T14:55:00Z,2025-06-06T15:55:00Z,8.0,1.0,both_options
2025-06-06T15:55:00Z,2025-06-06T16:15:00Z,10.0,0.3333333333333333,both_options
2025-06-06T16:15:00Z,2025-06-06T16:55:00Z,9.0,0.6666666666666666,both_options
2025-06-06T16:55:00Z,2025-06-06T17:55:00Z,9.0,1.0,both_options
2025-06-06T17:55:00Z,2025-06-06T18:55:00Z,10.0,1.0,both_options
2025-06-06T18:55:00Z,2025-06-06T19:55:00Z,10.0,1.0,both_options
2025-06-06T19:55:00Z,2025-06-06T20:55:00Z,10.0,1.0,both_options
2025-06-06T20:55:00Z,2025-06-06T21:55:00Z,10.0,1.0,both_options
2025-06-06T21:55:00Z,2025-06-06T22:41:00Z,10.0,0.7666666666666667,both_options
2025-06-06T22:41:00Z,2025-06-06T22:50:00Z,10.0,0.15,both_options
2025-06-06T22:50:00Z,2025-06-06T22:55:00Z,10.0,0.08333333333333333,both_options
2025-06-06T22:55:00Z,2025-06-06T23:20:00Z,10.0,0.4166666666666667,both_options
2025-06-06T23:20:00Z,2025-06-06T23:55:00Z,10.0,0.5833333333333334,both_options
2025-06-06T23:55:00Z,2025-06-07T00:06:00Z,10.0,0.18333333333333332,both_options
2025-06-07T00:06:00Z,2025-06-07T00:38:00Z,10.0,0.5333333333333333,both_options
2025-06-07T00:38:00Z,2025-06-07T00:55:00Z,10.0,0.2833333333333333,both_options
2025-06-07T00:55:00Z,2025-06-07T01:55:00Z,10.0,1.0,both_options
2025-06-07T01:55:00Z,2025-06-07T02:20:00Z,10.0,0.4166666666666667,both_options
2025-06-07T02:20:00Z,2025-06-07T02:32:00Z,10.0,0.2,both_options
2025-06-07T02:32:00Z,2025-06-07T02:40:00Z,10.0,0.13333333333333333,both_options
2025-06-07T02:40:00Z,2025-06-07T02:55:00Z,10.0,0.25,both_options
2025-06-07T02:55:00Z,2025-06-07T03:55:00Z,10.0,1.0,both_options
2025-06-07T03:55:00Z,2025-06-07T04:55:00Z,10.0,1.0,both_options
2025-06-07T04:55:00Z,2025-06-07T05:55:00Z,10.0,1.0,both_options
2025-06-07T05:55:00Z,2025-06-07T06:55:00Z,10.0,1.0,both_options
2025-06-07T06:55:00Z,2025-06-07T07:55:00Z,10.0,1.0,both_options
2025-06-07T07:55:00Z,2025-06-07T08:55:00Z,10.0,1.0,both_options
2025-06-07T08:55:00Z,2025-06-07T09:55:00Z,10.0,1.0,both_options
2025-06-07T09:55:00Z,2025-06-07T10:55:00Z,8.0,1.0,both_options
2025-06-07T10:55:00Z,2025-06-07T11:55:00Z,9.0,1.0,both_options
2025-06-07T11:55:00Z,2025-06-07T12:55:00Z,7.0,1.0,both_options
2025-06-07T12:55:00Z,2025-06-07T13:55:00Z,10.0,1.0,both_options
2025-06-07T13:55:00Z,2025-06-07T14:55:00Z,9.0,1.0,both_options
2025-06-07T14:55:00Z,2025-06-07T15:55:00Z,10.0,1.0,both_options
2025-06-07T15:55:00Z,2025-06-07T16:55:00Z,10.0,1.0,both_options
2025-06-07T16:55:00Z,2025-06-07T17:55:00Z,10.0,1.0,both_options
2025-06-07T17:55:00Z,2025-06-07T18:26:00Z,10.0,0.5166666666666667,both_options
2025-06-07T18:26:00Z,2025-06-07T18:55:00Z,10.0,0.48333333333333334,both_options
2025-06-07T18:55:00Z,2025-06-07T19:55:00Z,10.0,1.0,both_options
2025-06-07T19:55:00Z,2025-06-07T20:55:00Z,10.0,1.0,both_options
2025-06-07T20:55:00Z,2025-06-07T21:55:00Z,10.0,1.0,both_options
2025-06-07T21:55:00Z,2025-06-07T22:55:00Z,10.0,1.0,both_options
2025-06-07T22:55:00Z,2025-06-07T23:55:00Z,10.0,1.0,both_options
2025-06-07T23:55:00Z,2025-06-08T00:55:00Z,10.0,1.0,both_options
2025-06-08T00:55:00Z,2025-06-08T01:55:00Z,10.0,1.0,both_options
2025-06-08T01:55:00Z,2025-06-08T02:55:00Z,10.0,1.0,both_options
2025-06-08T02:55:00Z,2025-06-08T03:55:00Z,10.0,1.0,both_options
2025-06-08T03:55:00Z,2025-06-08T04:55:00Z,10.0,1.0,both_options
2025-06-08T04:55:00Z,2025-06-08T05:55:00Z,10.0,1.0,both_options
2025-06-08T05:55:00Z,2025-06-08T06:55:00Z,10.0,1.0,both_options
2025-06-08T06:55:00Z,2025-06-08T07:55:00Z,10.0,1.0,both_options
2025-06-08T07:55:00Z,2025-06-08T08:55:00Z,10.0,1.0,both_options
2025-06-08T08:55:00Z,2025-06-08T09:55:00Z,10.0,1.0,both_options
2025-06-08T09:55:00Z,2025-06-08T10:55:00Z,10.0,1.0,both_options
2025-06-08T10:55:00Z,2025-06-08T11:55:00Z,10.0,1.0,both_options
2025-06-08T11:55:00Z,2025-06-08T12:55:00Z,10.0,1.0,both_options
2025-06-08T12:55:00Z,2025-06-08T13:55:00Z,10.0,1.0,both_options
2025-06-08T13:55:00Z,2025-06-08T14:55:00Z,10.0,1.0,both_options
2025-06-08T14:55:00Z,2025-06-08T15:55:00Z,10.0,1.0,both_options
2025-06-08T15:55:00Z,2025-06-08T16:55:00Z,10.0,1.0,both_options
2025-06-08T16:55:00Z,2025-06-08T17:55:00Z,10.0,1.0,both_options
2025-06-08T17:55:00Z,2025-06-08T18:55:00Z,10.0,1.0,both_options
2025-06-08T18:55:00Z,2025-06-08T19:55:00Z,10.0,1.0,both_options
2025-06-08T19:55:00Z,2025-06-08T20:55:00Z,10.0,1.0,both_options
2025-06-08T20:55:00Z,2025-06-08T21:55:00Z,10.0,1.0,both_options
2025-06-08T21:55:00Z,2025-06-08T22:55:00Z,10.0,1.0,both_options
2025-06-08T22:55:00Z,2025-06-08T23:55:00Z,10.0,1.0,both_options
2025-06-08T23:55:00Z,2025-06-09T00:55:00Z,10.0,1.0,both_options
2025-06-09T00:55:00Z,2025-06-09T01:55:00Z,10.0,1.0,both_options
2025-06-09T01:55:00Z,2025-06-09T02:55:00Z,10.0,1.0,both_options
2025-06-09T02:55:00Z,2025-06-09T03:55:00Z,9.0,1.0,both_options
2025-06-09T03:55:00Z,2025-06-09T04:55:00Z,8.0,1.0,both_options
2025-06-09T04:55:00Z,2025-06-09T05:55:00Z,9.0,1.0,both_options
2025-06-09T05:55:00Z,2025-06-09T06:55:00Z,9.0,1.0,both_options
2025-06-09T06:55:00Z,2025-06-09T07:55:00Z,7.0,1.0,both_options
2025-06-09T07:55:00Z,2025-06-09T08:55:00Z,7.0,1.0,both_options
2025-06-09T08:55:00Z,2025-06-09T09:55:00Z,6.0,1.0,both_options
2025-06-09T09:55:00Z,2025-06-09T10:14:00Z,6.0,0.31666666666666665,both_options
2025-06-09T10:14:00Z,2025-06-09T10:55:00Z,6.0,0.6833333333333333,both_options
2025-06-09T10:55:00Z,2025-06-09T11:03:00Z,7.0,0.13333333333333333,both_options
2025-06-09T11:03:00Z,2025-06-09T11:55:00Z,7.0,0.8666666666666667,both_options
2025-06-09T11:55:00Z,2025-06-09T12:55:00Z,6.0,1.0,both_options
2025-06-09T12:55:00Z,2025-06-09T13:55:00Z,5.0,1.0,both_options
2025-06-09T13:55:00Z,2025-06-09T14:55:00Z,5.0,1.0,both_options
2025-06-09T14:55:00Z,2025-06-09T15:55:00Z,6.0,1.0,both_options
2025-06-09T15:55:00Z,2025-06-09T16:55:00Z,6.0,1.0,both_options
2025-06-09T16:55:00Z,2025-06-09T17:08:00Z,6.0,0.21666666666666667,both_options
2025-06-09T17:08:00Z,2025-06-09T17:22:00Z,7.0,0.23333333333333334,both_options
2025-06-09T17:22:00Z,2025-06-09T17:55:00Z,7.0,0.55,both_options
2025-06-09T17:55:00Z,2025-06-09T18:55:00Z,7.0,1.0,both_options
2025-06-09T18:55:00Z,2025-06-09T19:55:00Z,8.0,1.0,both_options
2025-06-09T19:55:00Z,2025-06-09T20:55:00Z,8.0,1.0,both_options
2025-06-09T20:55:00Z,2025-06-09T21:55:00Z,8.0,1.0,both_options
2025-06-09T21:55:00Z,2025-06-09T22:55:00Z,8.0,1.0,both_options
2025-06-09T22:55:00Z,2025-06-09T23:55:00Z,8.0,1.0,both_options
2025-06-09T23:55:00Z,2025-06-10T00:55:00Z,8.0,1.0,both_options
2025-06-10T00:55:00Z,2025-06-10T01:55:00Z,8.0,1.0,both_options
2025-06-10T01:55:00Z,2025-06-10T02:55:00Z,7.0,1.0,both_options
2025-06-10T02:55:00Z,2025-06-10T03:55:00Z,6.0,1.0,both_options
2025-06-10T03:55:00Z,2025-06-10T04:55:00Z,6.0,1.0,both_options
2025-06-10T04:55:00Z,2025-06-10T05:03:00Z,7.0,0.13333333333333333,both_options
2025-06-10T05:03:00Z,2025-06-10T05:55:00Z,7.0,0.8666666666666667,both_options
2025-06-10T05:55:00Z,2025-06-10T06:55:00Z,6.0,1.0,both_options
2025-06-10T06:55:00Z,2025-06-10T07:55:00Z,4.0,1.0,both_options
2025-06-10T07:55:00Z,2025-06-10T08:55:00Z,5.0,1.0,both_options
2025-06-10T08:55:00Z,2025-06-10T09:55:00Z,5.0,1.0,both_options
2025-06-10T09:55:00Z,2025-06-10T10:55:00Z,5.0,1.0,both_options
2025-06-10T10:55:00Z,2025-06-10T11:55:00Z,6.0,1.0,both_options
2025-06-10T11:55:00Z,2025-06-10T12:55:00Z,6.0,1.0,both_options
2025-06-10T12:55:00Z,2025-06-10T13:55:00Z,5.0,1.0,both_options
2025-06-10T13:55:00Z,2025-06-10T14:55:00Z,5.0,1.0,both_options
2025-06-10T14:55:00Z,2025-06-10T15:44:00Z,6.0,0.8166666666666667,both_options
2025-06-10T15:44:00Z,2025-06-10T15:55:00Z,6.0,0.18333333333333332,both_options
2025-06-10T15:55:00Z,2025-06-10T16:55:00Z,6.0,1.0,both_options
2025-06-10T16:55:00Z,2025-06-10T17:55:00Z,6.0,1.0,both_options
2025-06-10T17:55:00Z,2025-06-10T18:55:00Z,6.0,1.0,both_options
2025-06-10T18:55:00Z,2025-06-10T19:55:00Z,7.0,1.0,both_options
2025-06-10T19:55:00Z,2025-06-10T20:55:00Z,7.0,1.0,both_options
2025-06-10T20:55:00Z,2025-06-10T21:07:00Z,7.0,0.2,both_options
2025-06-10T21:07:00Z,2025-06-10T21:55:00Z,7.0,0.8,both_options
2025-06-10T21:55:00Z,2025-06-10T22:55:00Z,7.0,1.0,both_options
2025-06-10T22:55:00Z,2025-06-10T23:55:00Z,7.0,1.0,both_options
2025-06-10T23:55:00Z,2025-06-11T00:55:00Z,7.0,1.0,both_options
2025-06-11T00:55:00Z,2025-06-11T01:12:00Z,7.0,0.2833333333333333,both_options
2025-06-11T01:12:00Z,2025-06-11T01:55:00Z,7.0,0.7166666666666667,both_options
2025-06-11T01:55:00Z,2025-06-11T02:55:00Z,7.0,1.0,both_options
2025-06-11T02:55:00Z,2025-06-11T03:09:00Z,7.0,0.23333333333333334,both_options
2025-06-11T03:09:00Z,2025-06-11T03:16:00Z,7.0,0.11666666666666667,both_options
2025-06-11T03:16:00Z,2025-06-11T03:55:00Z,7.0,0.65,both_options
2025-06-11T03:55:00Z,2025-06-11T04:55:00Z,7.0,1.0,both_options
2025-06-11T04:55:00Z,2025-06-11T05:11:00Z,8.0,0.26666666666666666,both_options
2025-06-11T05:11:00Z,2025-06-11T05:25:00Z,9.0,0.23333333333333334,both_options
2025-06-11T05:25:00Z,2025-06-11T05:40:00Z,9.0,0.25,both_options
2025-06-11T05:40:00Z,2025-06-11T05:55:00Z,9.0,0.25,both_options
2025-06-11T05:55:00Z,2025-06-11T06:55:00Z,9.0,1.0,both_options
2025-06-11T06:55:00Z,2025-06-11T07:55:00Z,8.0,1.0,both_options
2025-06-11T07:55:00Z,2025-06-11T08:55:00Z,8.0,1.0,both_options
2025-06-11T08:55:00Z,2025-06-11T09:55:00Z,8.0,1.0,both_options
2025-06-11T09:55:00Z,2025-06-11T10:55:00Z,7.0,1.0,both_options
2025-06-11T10:55:00Z,2025-06-11T11:55:00Z,5.0,1.0,both_options
2025-06-11T11:55:00Z,2025-06-11T12:17:00Z,6.0,0.36666666666666664,both_options
2025-06-11T12:17:00Z,2025-06-11T12:38:00Z,7.0,0.35,both_options
2025-06-11T12:38:00Z,2025-06-11T12:55:00Z,7.0,0.2833333333333333,both_options
2025-06-11T12:55:00Z,2025-06-11T13:55:00Z,7.0,1.0,both_options
2025-06-11T13:55:00Z,2025-06-11T14:55:00Z,6.0,1.0,both_options
2025-06-11T14:55:00Z,2025-06-11T15:55:00Z,6.0,1.0,both_options
2025-06-11T15:55:00Z,2025-06-11T16:55:00Z,7.0,1.0,both_options
2025-06-11T16:55:00Z,2025-06-11T17:55:00Z,7.0,1.0,both_options
2025-06-11T17:55:00Z,2025-06-11T18:55:00Z,8.0,1.0,both_options
2025-06-11T18:55:00Z,2025-06-11T19:55:00Z,9.0,1.0,both_options
2025-06-11T19:55:00Z,2025-06-11T20:55:00Z,9.0,1.0,both_options
2025-06-11T20:55:00Z,2025-06-11T21:55:00Z,9.0,1.0,both_options
2025-06-11T21:55:00Z,2025-06-11T22:55:00Z,9.0,1.0,both_options
2025-06-11T22:55:00Z,2025-06-11T23:55:00Z,9.0,1.0,both_options
2025-06-11T23:55:00Z,2025-06-12T00:55:00Z,9.0,1.0,both_options
2025-06-12T00:55:00Z,2025-06-12T01:55:00Z,9.0,1.0,both_options
2025-06-12T01:55:00Z,2025-06-12T02:55:00Z,9.0,1.0,both_options
2025-06-12T02:55:00Z,2025-06-12T03:55:00Z,9.0,1.0,both_options
2025-06-12T03:55:00Z,2025-06-12T04:55:00Z,9.0,1.0,both_options
2025-06-12T04:55:00Z,2025-06-12T05:55:00Z,10.0,1.0,both_options
2025-06-12T05:55:00Z,2025-06-12T06:55:00Z,10.0,1.0,both_options
2025-06-12T06:55:00Z,2025-06-12T07:55:00Z,10.0,1.0,both_options
2025-06-12T07:55:00Z,2025-06-12T08:55:00Z,10.0,1.0,both_options
2025-06-12T08:55:00Z,2025-06-12T09:55:00Z,10.0,1.0,both_options
2025-06-12T09:55:00Z,2025-06-12T10:55:00Z,10.0,1.0,both_options
2025-06-12T10:55:00Z,2025-06-12T11:55:00Z,9.0,1.0,both_options
2025-06-12T11:55:00Z,2025-06-12T12:55:00Z,10.0,1.0,both_options
2025-06-12T12:55:00Z,2025-06-12T13:55:00Z,8.0,1.0,both_options
2025-06-12T13:55:00Z,2025-06-12T14:55:00Z,8.0,1.0,both_options
2025-06-12T14:55:00Z,2025-06-12T15:55:00Z,9.0,1.0,both_options
2025-06-12T15:55:00Z,2025-06-12T16:08:00Z,9.0,0.21666666666666667,both_options
2025-06-12T16:08:00Z,2025-06-12T16:23:00Z,10.0,0.25,both_options
2025-06-12T16:23:00Z,2025-06-12T16:55:00Z,10.0,0.5333333333333333,both_options
2025-06-12T16:55:00Z,2025-06-12T17:55:00Z,10.0,1.0,both_options
2025-06-12T17:55:00Z,2025-06-12T18:32:00Z,10.0,0.6166666666666667,both_options
2025-06-12T18:32:00Z,2025-06-12T18:40:00Z,10.0,0.13333333333333333,both_options
2025-06-12T18:40:00Z,2025-06-12T18:55:00Z,10.0,0.25,both_options
2025-06-12T18:55:00Z,2025-06-12T19:04:00Z,10.0,0.15,both_options
2025-06-12T19:04:00Z,2025-06-12T19:55:00Z,10.0,0.85,both_options
2025-06-12T19:55:00Z,2025-06-12T20:03:00Z,10.0,0.13333333333333333,both_options
2025-06-12T20:03:00Z,2025-06-12T20:55:00Z,10.0,0.8666666666666667,both_options
2025-06-12T20:55:00Z,2025-06-12T21:07:00Z,10.0,0.2,both_options
2025-06-12T21:07:00Z,2025-06-12T21:55:00Z,10.0,0.8,both_options
2025-06-12T21:55:00Z,2025-06-12T22:11:00Z,10.0,0.26666666666666666,both_options
2025-06-12T22:11:00Z,2025-06-12T22:55:00Z,10.0,0.7333333333333333,both_options
2025-06-12T22:55:00Z,2025-06-12T23:55:00Z,10.0,1.0,both_options
2025-06-12T23:55:00Z,2025-06-13T00:20:00Z,10.0,0.4166666666666667,both_options
2025-06-13T00:20:00Z,2025-06-13T00:55:00Z,10.0,0.5833333333333334,both_options
2025-06-13T00:55:00Z,2025-06-13T01:04:00Z,10.0,0.15,both_options
2025-06-13T01:04:00Z,2025-06-13T01:55:00Z,10.0,0.85,both_options
2025-06-13T01:55:00Z,2025-06-13T02:55:00Z,10.0,1.0,both_options
2025-06-13T02:55:00Z,2025-06-13T03:55:00Z,10.0,1.0,both_options
2025-06-13T03:55:00Z,2025-06-13T04:29:00Z,10.0,0.5666666666666667,both_options
2025-06-13T04:29:00Z,2025-06-13T04:55:00Z,10.0,0.43333333333333335,both_options
2025-06-13T04:55:00Z,2025-06-13T05:10:00Z,10.0,0.25,both_options
2025-06-13T05:10:00Z,2025-06-13T05:55:00Z,10.0,0.75,both_options
2025-06-13T05:55:00Z,2025-06-13T06:05:00Z,10.0,0.16666666666666666,both_options
2025-06-13T06:05:00Z,2025-06-13T06:16:00Z,10.0,0.18333333333333332,both_options
2025-06-13T06:16:00Z,2025-06-13T06:55:00Z,10.0,0.65,both_options
2025-06-13T06:55:00Z,2025-06-13T07:03:00Z,10.0,0.13333333333333333,both_options
2025-06-13T07:03:00Z,2025-06-13T07:20:00Z,10.0,0.2833333333333333,both_options
2025-06-13T07:20:00Z,2025-06-13T07:55:00Z,10.0,0.5833333333333334,both_options
2025-06-13T07:55:00Z,2025-06-13T08:55:00Z,10.0,1.0,both_options
2025-06-13T08:55:00Z,2025-06-13T09:55:00Z,10.0,1.0,both_options
2025-06-13T09:55:00Z,2025-06-13T10:55:00Z,10.0,1.0,both_options
2025-06-13T10:55:00Z,2025-06-13T11:07:00Z,10.0,0.2,both_options
2025-06-13T11:07:00Z,2025-06-13T11:55:00Z,10.0,0.8,both_options
2025-06-13T11:55:00Z,2025-06-13T12:16:00Z,10.0,0.35,both_options
2025-06-13T12:16:00Z,2025-06-13T12:55:00Z,10.0,0.65,both_options
2025-06-13T12:55:00Z,2025-06-13T13:55:00Z,10.0,1.0,both_options
2025-06-13T13:55:00Z,2025-06-13T14:42:00Z,10.0,0.7833333333333333,both_options
2025-06-13T14:42:00Z,2025-06-13T14:55:00Z,10.0,0.21666666666666667,both_options
2025-06-13T14:55:00Z,2025-06-13T15:13:00Z,10.0,0.3,both_options
2025-06-13T15:13:00Z,2025-06-13T15:47:00Z,10.0,0.5666666666666667,both_options
2025-06-13T15:47:00Z,2025-06-13T15:55:00Z,10.0,0.13333333333333333,both_options
2025-06-13T15:55:00Z,2025-06-13T16:37:00Z,10.0,0.7,both_options
2025-06-13T16:37:00Z,2025-06-13T16:55:00Z,10.0,0.3,both_options
2025-06-13T16:55:00Z,2025-06-13T17:55:00Z,10.0,1.0,both_options
2025-06-13T17:55:00Z,2025-06-13T18:55:00Z,10.0,1.0,both_options
2025-06-13T18:55:00Z,2025-06-13T19:55:00Z,10.0,1.0,both_options
2025-06-13T19:55:00Z,2025-06-13T20:55:00Z,10.0,1.0,both_options
2025-06-13T20:55:00Z,2025-06-13T21:55:00Z,10.0,1.0,both_options
2025-06-13T21:55:00Z,2025-06-13T22:55:00Z,10.0,1.0,both_options
2025-06-13T22:55:00Z,2025-06-13T23:55:00Z,10.0,1.0,both_options
2025-06-13T23:55:00Z,2025-06-14T00:09:00Z,10.0,0.23333333333333334,both_options
2025-06-14T00:09:00Z,2025-06-14T00:55:00Z,10.0,0.7666666666666667,both_options
2025-06-14T00:55:00Z,2025-06-14T01:04:00Z,10.0,0.15,both_options
2025-06-14T01:04:00Z,2025-06-14T01:55:00Z,10.0,0.85,both_options
2025-06-14T01:55:00Z,2025-06-14T02:55:00Z,10.0,1.0,both_options
2025-06-14T02:55:00Z,2025-06-14T03:55:00Z,10.0,1.0,both_options
2025-06-14T03:55:00Z,2025-06-14T04:55:00Z,10.0,1.0,both_options
2025-06-14T04:55:00Z,2025-06-14T05:55:00Z,10.0,1.0,both_options
2025-06-14T05:55:00Z,2025-06-14T06:55:00Z,10.0,1.0,both_options
2025-06-14T06:55:00Z,2025-06-14T07:55:00Z,10.0,1.0,both_options
2025-06-14T07:55:00Z,2025-06-14T08:55:00Z,10.0,1.0,both_options
2025-06-14T08:55:00Z,2025-06-14T09:55:00Z,10.0,1.0,both_options
2025-06-14T09:55:00Z,2025-06-14T10:55:00Z,10.0,1.0,both_options
2025-06-14T10:55:00Z,2025-06-14T11:55:00Z,10.0,1.0,both_options
2025-06-14T11:55:00Z,2025-06-14T12:55:00Z,10.0,1.0,both_options
2025-06-14T12:55:00Z,2025-06-14T13:55:00Z,10.0,1.0,both_options
2025-06-14T13:55:00Z,2025-06-14T14:42:00Z,10.0,0.7833333333333333,both_options
2025-06-14T14:42:00Z,2025-06-14T14:55:00Z,10.0,0.21666666666666667,both_options
2025-06-14T14:55:00Z,2025-06-14T15:21:00Z,10.0,0.43333333333333335,both_options
2025-06-14T15:21:00Z,2025-06-14T15:28:00Z,10.0,0.11666666666666667,both_options
2025-06-14T15:28:00Z,2025-06-14T15:55:00Z,10.0,0.45,both_options
2025-06-14T15:55:00Z,2025-06-14T16:55:00Z,10.0,1.0,both_options
2025-06-14T16:55:00Z,2025-06-14T17:55:00Z,10.0,1.0,both_options
2025-06-14T17:55:00Z,2025-06-14T18:55:00Z,10.0,1.0,both_options
2025-06-14T18:55:00Z,2025-06-14T19:55:00Z,10.0,1.0,both_options
2025-06-14T19:55:00Z,2025-06-14T20:55:00Z,10.0,1.0,both_options
2025-06-14T20:55:00Z,2025-06-14T21:55:00Z,10.0,1.0,both_options
2025-06-14T21:55:00Z,2025-06-14T22:55:00Z,10.0,1.0,both_options
2025-06-14T22:55:00Z,2025-06-14T23:55:00Z,10.0,1.0,both_options
2025-06-14T23:55:00Z,2025-06-15T00:55:00Z,10.0,1.0,both_options
2025-06-15T00:55:00Z,2025-06-15T01:55:00Z,10.0,1.0,both_options
2025-06-15T01:55:00Z,2025-06-15T02:55:00Z,10.0,1.0,both_options
2025-06-15T02:55:00Z,2025-06-15T03:55:00Z,10.0,1.0,both_options
2025-06-15T03:55:00Z,2025-06-15T04:55:00Z,10.0,1.0,both_options
2025-06-15T04:55:00Z,2025-06-15T05:55:00Z,10.0,1.0,both_options
2025-06-15T05:55:00Z,2025-06-15T06:55:00Z,10.0,1.0,both_options
2025-06-15T06:55:00Z,2025-06-15T07:55:00Z,10.0,1.0,both_options
2025-06-15T07:55:00Z,2025-06-15T08:52:00Z,10.0,0.95,both_options
2025-06-15T08:52:00Z,2025-06-15T08:55:00Z,10.0,0.05,both_options
2025-06-15T08:55:00Z,2025-06-15T09:55:00Z,10.0,1.0,both_options
2025-06-15T09:55:00Z,2025-06-15T10:55:00Z,10.0,1.0,both_options
2025-06-15T10:55:00Z,2025-06-15T11:32:00Z,10.0,0.6166666666666667,both_options
2025-06-15T11:32:00Z,2025-06-15T11:55:00Z,10.0,0.38333333333333336,both_options
2025-06-15T11:55:00Z,2025-06-15T12:55:00Z,10.0,1.0,both_options
2025-06-15T12:55:00Z,2025-06-15T13:31:00Z,10.0,0.6,both_options
2025-06-15T13:31:00Z,2025-06-15T13:55:00Z,10.0,0.4,both_options
2025-06-15T13:55:00Z,2025-06-15T14:55:00Z,10.0,1.0,both_options
2025-06-15T14:55:00Z,2025-06-15T15:55:00Z,10.0,1.0,both_options
2025-06-15T15:55:00Z,2025-06-15T16:55:00Z,10.0,1.0,both_options
2025-06-15T16:55:00Z,2025-06-15T17:55:00Z,10.0,1.0,both_options
2025-06-15T17:55:00Z,2025-06-15T18:55:00Z,10.0,1.0,both_options
2025-06-15T18:55:00Z,2025-06-15T19:55:00Z,10.0,1.0,both_options
2025-06-15T19:55:00Z,2025-06-15T20:55:00Z,10.0,1.0,both_options
2025-06-15T20:55:00Z,2025-06-15T21:55:00Z,10.0,1.0,both_options
2025-06-15T21:55:00Z,2025-06-15T22:55:00Z,10.0,1.0,both_options
2025-06-15T22:55:00Z,2025-06-15T23:55:00Z,10.0,1.0,both_options
2025-06-15T23:55:00Z,2025-06-16T00:55:00Z,10.0,1.0,both_options
2025-06-16T00:55:00Z,2025-06-16T01:55:00Z,10.0,1.0,both_options
2025-06-16T01:55:00Z,2025-06-16T02:55:00Z,10.0,1.0,both_options
2025-06-16T02:55:00Z,2025-06-16T03:55:00Z,10.0,1.0,both_options
2025-06-16T03:55:00Z,2025-06-16T04:55:00Z,10.0,1.0,both_options
2025-06-16T04:55:00Z,2025-06-16T05:55:00Z,10.0,1.0,both_options
2025-06-16T05:55:00Z,2025-06-16T06:55:00Z,10.0,1.0,both_options
2025-06-16T06:55:00Z,2025-06-16T07:55:00Z,10.0,1.0,both_options
2025-06-16T07:55:00Z,2025-06-16T08:55:00Z,10.0,1.0,both_options
2025-06-16T08:55:00Z,2025-06-16T09:55:00Z,10.0,1.0,both_options
2025-06-16T09:55:00Z,2025-06-16T10:36:00Z,10.0,0.6833333333333333,both_options
2025-06-16T10:36:00Z,2025-06-16T10:55:00Z,10.0,0.31666666666666665,both_options
2025-06-16T10:55:00Z,2025-06-16T11:21:00Z,10.0,0.43333333333333335,both_options
2025-06-16T11:21:00Z,2025-06-16T11:37:00Z,10.0,0.26666666666666666,both_options
2025-06-16T11:37:00Z,2025-06-16T11:55:00Z,10.0,0.3,both_options
2025-06-16T11:55:00Z,2025-06-16T12:02:00Z,10.0,0.11666666666666667,both_options
2025-06-16T12:02:00Z,2025-06-16T12:48:00Z,10.0,0.7666666666666667,both_options
2025-06-16T12:48:00Z,2025-06-16T12:55:00Z,10.0,0.11666666666666667,both_options
2025-06-16T12:55:00Z,2025-06-16T13:34:00Z,10.0,0.65,both_options
2025-06-16T13:34:00Z,2025-06-16T13:55:00Z,10.0,0.35,both_options
2025-06-16T13:55:00Z,2025-06-16T14:22:00Z,10.0,0.45,both_options
2025-06-16T14:22:00Z,2025-06-16T14:55:00Z,10.0,0.55,both_options
2025-06-16T14:55:00Z,2025-06-16T15:55:00Z,10.0,1.0,both_options
2025-06-16T15:55:00Z,2025-06-16T16:21:00Z,10.0,0.43333333333333335,both_options
2025-06-16T16:21:00Z,2025-06-16T16:55:00Z,10.0,0.5666666666666667,both_options
2025-06-16T16:55:00Z,2025-06-16T17:55:00Z,10.0,1.0,both_options
2025-06-16T17:55:00Z,2025-06-16T18:26:00Z,10.0,0.5166666666666667,both_options
2025-06-16T18:26:00Z,2025-06-16T18:34:00Z,10.0,0.13333333333333333,both_options
2025-06-16T18:34:00Z,2025-06-16T18:43:00Z,10.0,0.15,both_options
2025-06-16T18:43:00Z,2025-06-16T18:55:00Z,10.0,0.2,both_options
2025-06-16T18:55:00Z,2025-06-16T19:55:00Z,10.0,1.0,both_options
2025-06-16T19:55:00Z,2025-06-16T20:55:00Z,10.0,1.0,both_options
2025-06-16T20:55:00Z,2025-06-16T21:55:00Z,10.0,1.0,both_options
2025-06-16T21:55:00Z,2025-06-16T22:55:00Z,10.0,1.0,both_options
2025-06-16T22:55:00Z,2025-06-16T23:55:00Z,10.0,1.0,both_options
2025-06-16T23:55:00Z,2025-06-17T00:55:00Z,10.0,1.0,both_options
2025-06-17T00:55:00Z,2025-06-17T01:55:00Z,10.0,1.0,both_options
2025-06-17T01:55:00Z,2025-06-17T02:55:00Z,10.0,1.0,both_options
2025-06-17T02:55:00Z,2025-06-17T03:55:00Z,10.0,1.0,both_options
2025-06-17T03:55:00Z,2025-06-17T04:55:00Z,10.0,1.0,both_options
2025-06-17T04:55:00Z,2025-06-17T05:55:00Z,10.0,1.0,both_options
2025-06-17T05:55:00Z,2025-06-17T06:55:00Z,10.0,1.0,both_options
2025-06-17T06:55:00Z,2025-06-17T07:55:00Z,10.0,1.0,both_options
2025-06-17T07:55:00Z,2025-06-17T08:07:00Z,10.0,0.2,both_options
2025-06-17T08:07:00Z,2025-06-17T08:55:00Z,10.0,0.8,both_options
2025-06-17T08:55:00Z,2025-06-17T09:42:00Z,10.0,0.7833333333333333,both_options
2025-06-17T09:42:00Z,2025-06-17T09:55:00Z,10.0,0.21666666666666667,both_options
2025-06-17T09:55:00Z,2025-06-17T10:24:00Z,10.0,0.48333333333333334,both_options
2025-06-17T10:24:00Z,2025-06-17T10:55:00Z,10.0,0.5166666666666667,both_options
2025-06-17T10:55:00Z,2025-06-17T11:02:00Z,10.0,0.11666666666666667,both_options
2025-06-17T11:02:00Z,2025-06-17T11:55:00Z,10.0,0.8833333333333333,both_options
2025-06-17T11:55:00Z,2025-06-17T12:55:00Z,10.0,1.0,both_options
2025-06-17T12:55:00Z,2025-06-17T13:55:00Z,10.0,1.0,both_options
2025-06-17T13:55:00Z,2025-06-17T14:55:00Z,10.0,1.0,both_options
2025-06-17T14:55:00Z,2025-06-17T15:55:00Z,10.0,1.0,both_options
2025-06-17T15:55:00Z,2025-06-17T16:55:00Z,10.0,1.0,both_options
2025-06-17T16:55:00Z,2025-06-17T17:55:00Z,10.0,1.0,both_options
2025-06-17T17:55:00Z,2025-06-17T18:55:00Z,10.0,1.0,both_options
2025-06-17T18:55:00Z,2025-06-17T19:55:00Z,10.0,1.0,both_options
2025-06-17T19:55:00Z,2025-06-17T20:55:00Z,10.0,1.0,both_options
2025-06-17T20:55:00Z,2025-06-17T21:55:00Z,10.0,1.0,both_options
2025-06-17T21:55:00Z,2025-06-17T22:55:00Z,10.0,1.0,both_options
2025-06-17T22:55:00Z,2025-06-17T23:55:00Z,10.0,1.0,both_options
2025-06-17T23:55:00Z,2025-06-18T00:55:00Z,10.0,1.0,both_options
2025-06-18T00:55:00Z,2025-06-18T01:55:00Z,10.0,1.0,both_options
2025-06-18T01:55:00Z,2025-06-18T02:45:00Z,10.0,0.8333333333333334,both_options
2025-06-18T02:45:00Z,2025-06-18T02:55:00Z,10.0,0.16666666666666666,both_options
2025-06-18T02:55:00Z,2025-06-18T03:09:00Z,10.0,0.23333333333333334,both_options
2025-06-18T03:09:00Z,2025-06-18T03:55:00Z,10.0,0.7666666666666667,both_options
2025-06-18T03:55:00Z,2025-06-18T04:55:00Z,10.0,1.0,both_options
2025-06-18T04:55:00Z,2025-06-18T05:24:00Z,8.0,0.48333333333333334,both_options
2025-06-18T05:24:00Z,2025-06-18T05:46:00Z,10.0,0.36666666666666664,both_options
2025-06-18T05:46:00Z,2025-06-18T05:55:00Z,8.0,0.15,both_options
2025-06-18T05:55:00Z,2025-06-18T06:09:00Z,6.0,0.23333333333333334,both_options
2025-06-18T06:09:00Z,2025-06-18T06:14:00Z,6.0,0.08333333333333333,both_options
2025-06-18T06:14:00Z,2025-06-18T06:55:00Z,5.0,0.6833333333333333,both_options
2025-06-18T06:55:00Z,2025-06-18T07:55:00Z,4.0,1.0,both_options
2025-06-18T07:55:00Z,2025-06-18T08:55:00Z,4.0,1.0,both_options
2025-06-18T08:55:00Z,2025-06-18T09:45:00Z,9.0,0.8333333333333334,both_options
2025-06-18T09:45:00Z,2025-06-18T09:55:00Z,10.0,0.16666666666666666,both_options
2025-06-18T09:55:00Z,2025-06-18T10:12:00Z,10.0,0.2833333333333333,both_options
2025-06-18T10:12:00Z,2025-06-18T10:55:00Z,9.0,0.7166666666666667,both_options
2025-06-18T10:55:00Z,2025-06-18T11:28:00Z,5.0,0.55,both_options
2025-06-18T11:28:00Z,2025-06-18T11:44:00Z,2.5,0.26666666666666666,both_options
2025-06-18T11:44:00Z,2025-06-18T11:51:00Z,1.75,0.11666666666666667,both_options
2025-06-18T11:51:00Z,2025-06-18T11:55:00Z,2.0,0.06666666666666667,both_options
2025-06-18T11:55:00Z,2025-06-18T12:06:00Z,2.5,0.18333333333333332,both_options
2025-06-18T12:06:00Z,2025-06-18T12:17:00Z,4.0,0.18333333333333332,both_options
2025-06-18T12:17:00Z,2025-06-18T12:55:00Z,6.0,0.6333333333333333,both_options
2025-06-18T12:55:00Z,2025-06-18T13:28:00Z,10.0,0.55,both_options
2025-06-18T13:28:00Z,2025-06-18T13:37:00Z,9.0,0.15,both_options
2025-06-18T13:37:00Z,2025-06-18T13:47:00Z,5.0,0.16666666666666666,both_options
2025-06-18T13:47:00Z,2025-06-18T13:55:00Z,8.0,0.13333333333333333,both_options
2025-06-18T13:55:00Z,2025-06-18T14:35:00Z,10.0,0.6666666666666666,both_options
2025-06-18T14:35:00Z,2025-06-18T14:46:00Z,3.0,0.18333333333333332,both_options
2025-06-18T14:46:00Z,2025-06-18T14:55:00Z,2.5,0.15,both_options
2025-06-18T14:55:00Z,2025-06-18T15:02:00Z,2.5,0.11666666666666667,both_options
2025-06-18T15:02:00Z,2025-06-18T15:23:00Z,7.0,0.35,both_options
2025-06-18T15:23:00Z,2025-06-18T15:34:00Z,8.0,0.18333333333333332,both_options
2025-06-18T15:34:00Z,2025-06-18T15:45:00Z,3.0,0.18333333333333332,both_options
2025-06-18T15:45:00Z,2025-06-18T15:55:00Z,8.0,0.16666666666666666,both_options
2025-06-18T15:55:00Z,2025-06-18T16:02:00Z,5.0,0.11666666666666667,both_options
2025-06-18T16:02:00Z,2025-06-18T16:10:00Z,3.0,0.13333333333333333,both_options
2025-06-18T16:10:00Z,2025-06-18T16:24:00Z,6.0,0.23333333333333334,both_options
2025-06-18T16:24:00Z,2025-06-18T16:28:00Z,2.5,0.06666666666666667,both_options
2025-06-18T16:28:00Z,2025-06-18T16:35:00Z,3.0,0.11666666666666667,both_options
2025-06-18T16:35:00Z,2025-06-18T16:55:00Z,9.0,0.3333333333333333,both_options
2025-06-18T16:55:00Z,2025-06-18T17:28:00Z,10.0,0.55,both_options
2025-06-18T17:28:00Z,2025-06-18T17:47:00Z,10.0,0.31666666666666665,both_options
2025-06-18T17:47:00Z,2025-06-18T17:55:00Z,10.0,0.13333333333333333,both_options
2025-06-18T17:55:00Z,2025-06-18T18:09:00Z,10.0,0.23333333333333334,both_options
2025-06-18T18:09:00Z,2025-06-18T18:55:00Z,10.0,0.7666666666666667,both_options
2025-06-18T18:55:00Z,2025-06-18T19:55:00Z,10.0,1.0,both_options
2025-06-18T19:55:00Z,2025-06-18T20:55:00Z,10.0,1.0,both_options
2025-06-18T20:55:00Z,2025-06-18T21:55:00Z,10.0,1.0,both_options
2025-06-18T21:55:00Z,2025-06-18T22:55:00Z,10.0,1.0,both_options
2025-06-18T22:55:00Z,2025-06-18T23:55:00Z,10.0,1.0,both_options
2025-06-18T23:55:00Z,2025-06-19T00:55:00Z,10.0,1.0,both_options
2025-06-19T00:55:00Z,2025-06-19T01:55:00Z,10.0,1.0,both_options
2025-06-19T01:55:00Z,2025-06-19T02:55:00Z,10.0,1.0,both_options
2025-06-19T02:55:00Z,2025-06-19T03:55:00Z,10.0,1.0,both_options
2025-06-19T03:55:00Z,2025-06-19T04:55:00Z,10.0,1.0,both_options
2025-06-19T04:55:00Z,2025-06-19T05:55:00Z,10.0,1.0,both_options
2025-06-19T05:55:00Z,2025-06-19T06:55:00Z,10.0,1.0,both_options
2025-06-19T06:55:00Z,2025-06-19T07:55:00Z,10.0,1.0,both_options
2025-06-19T07:55:00Z,2025-06-19T08:55:00Z,10.0,1.0,both_options
2025-06-19T08:55:00Z,2025-06-19T09:55:00Z,10.0,1.0,both_options
2025-06-19T09:55:00Z,2025-06-19T10:12:00Z,10.0,0.2833333333333333,both_options
2025-06-19T10:12:00Z,2025-06-19T10:55:00Z,9.0,0.7166666666666667,both_options
2025-06-19T10:55:00Z,2025-06-19T11:10:00Z,10.0,0.25,both_options
2025-06-19T11:10:00Z,2025-06-19T11:13:00Z,2.0,0.05,both_options
2025-06-19T11:13:00Z,2025-06-19T11:21:00Z,1.25,0.13333333333333333,both_options
2025-06-19T11:21:00Z,2025-06-19T11:26:00Z,2.0,0.08333333333333333,both_options
2025-06-19T11:26:00Z,2025-06-19T11:50:00Z,4.0,0.4,both_options
2025-06-19T11:50:00Z,2025-06-19T11:55:00Z,4.0,0.08333333333333333,both_options
2025-06-19T11:55:00Z,2025-06-19T12:15:00Z,9.0,0.3333333333333333,both_options
2025-06-19T12:15:00Z,2025-06-19T12:20:00Z,1.75,0.08333333333333333,both_options
2025-06-19T12:20:00Z,2025-06-19T12:27:00Z,2.0,0.11666666666666667,both_options
2025-06-19T12:27:00Z,2025-06-19T12:32:00Z,1.0,0.08333333333333333,both_options
2025-06-19T12:32:00Z,2025-06-19T12:42:00Z,0.5,0.16666666666666666,neither_option
2025-06-19T12:42:00Z,2025-06-19T12:44:00Z,1.5,0.03333333333333333,both_options
2025-06-19T12:44:00Z,2025-06-19T12:55:00Z,3.0,0.18333333333333332,both_options
2025-06-19T12:55:00Z,2025-06-19T13:55:00Z,8.0,1.0,both_options
2025-06-19T13:55:00Z,2025-06-19T14:55:00Z,10.0,1.0,both_options
2025-06-19T14:55:00Z,2025-06-19T15:55:00Z,10.0,1.0,both_options
2025-06-19T15:55:00Z,2025-06-19T16:55:00Z,10.0,1.0,both_options
2025-06-19T16:55:00Z,2025-06-19T17:55:00Z,10.0,1.0,both_options
2025-06-19T17:55:00Z,2025-06-19T18:15:00Z,10.0,0.3333333333333333,both_options
2025-06-19T18:15:00Z,2025-06-19T18:55:00Z,10.0,0.6666666666666666,both_options
2025-06-19T18:55:00Z,2025-06-19T19:55:00Z,10.0,1.0,both_options
2025-06-19T19:55:00Z,2025-06-19T20:55:00Z,10.0,1.0,both_options
2025-06-19T20:55:00Z,2025-06-19T21:55:00Z,10.0,1.0,both_options
2025-06-19T21:55:00Z,2025-06-19T22:55:00Z,10.0,1.0,both_options
2025-06-19T22:55:00Z,2025-06-19T23:55:00Z,10.0,1.0,both_options
2025-06-19T23:55:00Z,2025-06-20T00:55:00Z,10.0,1.0,both_options
2025-06-20T00:55:00Z,2025-06-20T01:55:00Z,10.0,1.0,both_options
2025-06-20T01:55:00Z,2025-06-20T02:55:00Z,10.0,1.0,both_options
2025-06-20T02:55:00Z,2025-06-20T03:55:00Z,10.0,1.0,both_options
2025-06-20T03:55:00Z,2025-06-20T04:55:00Z,10.0,1.0,both_options
2025-06-20T04:55:00Z,2025-06-20T05:55:00Z,10.0,1.0,both_options
2025-06-20T05:55:00Z,2025-06-20T06:55:00Z,10.0,1.0,both_options
2025-06-20T06:55:00Z,2025-06-20T07:55:00Z,10.0,1.0,both_options
2025-06-20T07:55:00Z,2025-06-20T08:55:00Z,10.0,1.0,both_options
2025-06-20T08:55:00Z,2025-06-20T09:55:00Z,10.0,1.0,both_options
2025-06-20T09:55:00Z,2025-06-20T10:13:00Z,10.0,0.3,both_options
2025-06-20T10:13:00Z,2025-06-20T10:30:00Z,8.0,0.2833333333333333,both_options
2025-06-20T10:30:00Z,2025-06-20T10:55:00Z,10.0,0.4166666666666667,both_options
2025-06-20T10:55:00Z,2025-06-20T11:10:00Z,10.0,0.25,both_options
2025-06-20T11:10:00Z,2025-06-20T11:55:00Z,10.0,0.75,both_options
2025-06-20T11:55:00Z,2025-06-20T12:55:00Z,10.0,1.0,both_options
2025-06-20T12:55:00Z,2025-06-20T13:55:00Z,4.0,1.0,both_options
2025-06-20T13:55:00Z,2025-06-20T14:55:00Z,10.0,1.0,both_options
2025-06-20T14:55:00Z,2025-06-20T15:55:00Z,10.0,1.0,both_options
2025-06-20T15:55:00Z,2025-06-20T16:55:00Z,4.0,1.0,both_options
2025-06-20T16:55:00Z,2025-06-20T17:55:00Z,10.0,1.0,both_options
2025-06-20T17:55:00Z,2025-06-20T18:44:00Z,10.0,0.8166666666666667,both_options
2025-06-20T18:44:00Z,2025-06-20T18:55:00Z,10.0,0.18333333333333332,both_options
2025-06-20T18:55:00Z,2025-06-20T19:20:00Z,10.0,0.4166666666666667,both_options
2025-06-20T19:20:00Z,2025-06-20T19:55:00Z,10.0,0.5833333333333334,both_options
2025-06-20T19:55:00Z,2025-06-20T20:55:00Z,10.0,1.0,both_options
2025-06-20T20:55:00Z,2025-06-20T21:19:00Z,10.0,0.4,both_options
2025-06-20T21:19:00Z,2025-06-20T21:30:00Z,10.0,0.18333333333333332,both_options
2025-06-20T21:30:00Z,2025-06-20T21:55:00Z,10.0,0.4166666666666667,both_options
2025-06-20T21:55:00Z,2025-06-20T22:12:00Z,10.0,0.2833333333333333,both_options
2025-06-20T22:12:00Z,2025-06-20T22:40:00Z,10.0,0.4666666666666667,both_options
2025-06-20T22:40:00Z,2025-06-20T22:55:00Z,10.0,0.25,both_options
2025-06-20T22:55:00Z,2025-06-20T23:55:00Z,10.0,1.0,both_options
2025-06-21T00:20:00Z,2025-06-21T00:28:00Z,10.0,0.13333333333333333,both_options
2025-06-21T00:28:00Z,2025-06-21T00:55:00Z,10.0,0.45,both_options
2025-06-21T00:55:00Z,2025-06-21T01:55:00Z,10.0,1.0,both_options
2025-06-21T01:55:00Z,2025-06-21T02:20:00Z,10.0,0.4166666666666667,both_options
2025-06-21T02:20:00Z,2025-06-21T02:55:00Z,10.0,0.5833333333333334,both_options
2025-06-21T02:55:00Z,2025-06-21T03:55:00Z,10.0,1.0,both_options
2025-06-21T03:55:00Z,2025-06-21T04:55:00Z,10.0,1.0,both_options
2025-06-21T04:55:00Z,2025-06-21T05:55:00Z,7.0,1.0,both_options
2025-06-21T05:55:00Z,2025-06-21T06:44:00Z,10.0,0.8166666666666667,both_options
2025-06-21T06:44:00Z,2025-06-21T06:55:00Z,4.0,0.18333333333333332,both_options
2025-06-21T06:55:00Z,2025-06-21T07:02:00Z,2.5,0.11666666666666667,both_options
2025-06-21T07:02:00Z,2025-06-21T07:12:00Z,9.0,0.16666666666666666,both_options
2025-06-21T07:12:00Z,2025-06-21T07:55:00Z,10.0,0.7166666666666667,both_options
2025-06-21T07:55:00Z,2025-06-21T08:55:00Z,10.0,1.0,both_options
2025-06-21T08:55:00Z,2025-06-21T09:55:00Z,10.0,1.0,both_options
2025-06-21T09:55:00Z,2025-06-21T10:55:00Z,10.0,1.0,both_options
2025-06-21T10:55:00Z,2025-06-21T11:55:00Z,6.0,1.0,both_options
2025-06-21T11:55:00Z,2025-06-21T12:09:00Z,10.0,0.23333333333333334,both_options
2025-06-21T12:09:00Z,2025-06-21T12:55:00Z,10.0,0.7666666666666667,both_options
2025-06-21T12:55:00Z,2025-06-21T13:55:00Z,10.0,1.0,both_options
2025-06-21T13:55:00Z,2025-06-21T14:40:00Z,8.0,0.75,both_options
2025-06-21T14:40:00Z,2025-06-21T14:47:00Z,2.5,0.11666666666666667,both_options
2025-06-21T14:47:00Z,2025-06-21T14:53:00Z,1.75,0.1,both_options
2025-06-21T14:53:00Z,2025-06-21T14:55:00Z,1.25,0.03333333333333333,both_options
2025-06-21T14:55:00Z,2025-06-21T15:01:00Z,1.25,0.1,both_options
2025-06-21T15:01:00Z,2025-06-21T15:07:00Z,2.0,0.1,both_options
2025-06-21T15:07:00Z,2025-06-21T15:13:00Z,3.0,0.1,both_options
2025-06-21T15:13:00Z,2025-06-21T15:33:00Z,2.5,0.3333333333333333,both_options
2025-06-21T15:33:00Z,2025-06-21T15:47:00Z,2.0,0.23333333333333334,both_options
2025-06-21T15:47:00Z,2025-06-21T15:55:00Z,2.5,0.13333333333333333,both_options
2025-06-21T15:55:00Z,2025-06-21T16:02:00Z,2.0,0.11666666666666667,both_options
2025-06-21T16:02:00Z,2025-06-21T16:13:00Z,1.75,0.18333333333333332,both_options
2025-06-21T16:13:00Z,2025-06-21T16:16:00Z,3.0,0.05,both_options
2025-06-21T16:16:00Z,2025-06-21T16:22:00Z,3.0,0.1,both_options
2025-06-21T16:22:00Z,2025-06-21T16:34:00Z,4.0,0.2,both_options
2025-06-21T16:34:00Z,2025-06-21T16:42:00Z,4.0,0.13333333333333333,both_options
2025-06-21T16:42:00Z,2025-06-21T16:55:00Z,2.0,0.21666666666666667,both_options
2025-06-21T16:55:00Z,2025-06-21T17:06:00Z,3.0,0.18333333333333332,both_options
2025-06-21T17:06:00Z,2025-06-21T17:16:00Z,2.5,0.16666666666666666,both_options
2025-06-21T17:16:00Z,2025-06-21T17:37:00Z,4.0,0.35,both_options
2025-06-21T17:37:00Z,2025-06-21T17:41:00Z,3.0,0.06666666666666667,both_options
2025-06-21T17:41:00Z,2025-06-21T17:55:00Z,3.0,0.23333333333333334,both_options
2025-06-21T17:55:00Z,2025-06-21T18:09:00Z,3.0,0.23333333333333334,both_options
2025-06-21T18:09:00Z,2025-06-21T18:23:00Z,2.0,0.23333333333333334,both_options
2025-06-21T18:23:00Z,2025-06-21T18:44:00Z,3.0,0.35,both_options
2025-06-21T18:44:00Z,2025-06-21T18:55:00Z,4.0,0.18333333333333332,both_options
2025-06-21T18:55:00Z,2025-06-21T19:09:00Z,4.0,0.23333333333333334,both_options
2025-06-21T19:09:00Z,2025-06-21T19:27:00Z,2.5,0.3,both_options
2025-06-21T19:27:00Z,2025-06-21T19:50:00Z,3.0,0.38333333333333336,both_options
2025-06-21T19:50:00Z,2025-06-21T19:55:00Z,3.0,0.08333333333333333,both_options
2025-06-21T19:55:00Z,2025-06-21T20:02:00Z,4.0,0.11666666666666667,both_options
2025-06-21T20:02:00Z,2025-06-21T20:11:00Z,3.0,0.15,both_options
2025-06-21T20:11:00Z,2025-06-21T20:23:00Z,2.5,0.2,both_options
2025-06-21T20:23:00Z,2025-06-21T20:28:00Z,1.75,0.08333333333333333,both_options
2025-06-21T20:28:00Z,2025-06-21T20:36:00Z,2.0,0.13333333333333333,both_options
2025-06-21T20:36:00Z,2025-06-21T20:44:00Z,5.0,0.13333333333333333,both_options
2025-06-21T20:44:00Z,2025-06-21T20:55:00Z,4.0,0.18333333333333332,both_options
2025-06-21T20:55:00Z,2025-06-21T21:16:00Z,3.0,0.35,both_options
2025-06-21T21:16:00Z,2025-06-21T21:23:00Z,3.0,0.11666666666666667,both_options
2025-06-21T21:23:00Z,2025-06-21T21:48:00Z,1.75,0.4166666666666667,both_options
2025-06-21T21:48:00Z,2025-06-21T21:55:00Z,2.0,0.11666666666666667,both_options
2025-06-21T21:55:00Z,2025-06-21T22:02:00Z,2.5,0.11666666666666667,both_options
2025-06-21T22:02:00Z,2025-06-21T22:27:00Z,3.0,0.4166666666666667,both_options
2025-06-21T22:27:00Z,2025-06-21T22:47:00Z,4.0,0.3333333333333333,both_options
2025-06-21T22:47:00Z,2025-06-21T22:55:00Z,5.0,0.13333333333333333,both_options
2025-06-21T22:55:00Z,2025-06-21T23:25:00Z,6.0,0.5,both_options
2025-06-21T23:25:00Z,2025-06-21T23:39:00Z,7.0,0.23333333333333334,both_options
2025-06-21T23:39:00Z,2025-06-21T23:48:00Z,7.0,0.15,both_options
2025-06-21T23:48:00Z,2025-06-21T23:55:00Z,7.0,0.11666666666666667,both_options
2025-06-21T23:55:00Z,2025-06-22T00:16:00Z,7.0,0.35,both_options
2025-06-22T00:16:00Z,2025-06-22T00:25:00Z,2.5,0.15,both_options
2025-06-22T00:25:00Z,2025-06-22T00:55:00Z,5.0,0.5,both_options
2025-06-22T00:55:00Z,2025-06-22T01:07:00Z,8.0,0.2,both_options
2025-06-22T01:07:00Z,2025-06-22T01:15:00Z,3.0,0.13333333333333333,both_options
2025-06-22T01:15:00Z,2025-06-22T01:20:00Z,2.0,0.08333333333333333,both_options
2025-06-22T01:20:00Z,2025-06-22T01:40:00Z,3.0,0.3333333333333333,both_options
2025-06-22T01:40:00Z,2025-06-22T01:52:00Z,1.75,0.2,both_options
2025-06-22T01:52:00Z,2025-06-22T01:55:00Z,2.5,0.05,both_options
2025-06-22T01:55:00Z,2025-06-22T02:38:00Z,4.0,0.7166666666666667,both_options
2025-06-22T02:38:00Z,2025-06-22T02:45:00Z,2.5,0.11666666666666667,both_options
2025-06-22T02:45:00Z,2025-06-22T02:55:00Z,6.0,0.16666666666666666,both_options
2025-06-22T02:55:00Z,2025-06-22T03:44:00Z,8.0,0.8166666666666667,both_options
2025-06-22T03:44:00Z,2025-06-22T03:55:00Z,2.5,0.18333333333333332,both_options
2025-06-22T03:55:00Z,2025-06-22T04:24:00Z,4.0,0.48333333333333334,both_options
2025-06-22T04:24:00Z,2025-06-22T04:44:00Z,10.0,0.3333333333333333,both_options
2025-06-22T04:44:00Z,2025-06-22T04:55:00Z,10.0,0.18333333333333332,both_options
2025-06-22T04:55:00Z,2025-06-22T05:33:00Z,10.0,0.6333333333333333,both_options
2025-06-22T05:33:00Z,2025-06-22T05:44:00Z,10.0,0.18333333333333332,both_options
2025-06-22T05:44:00Z,2025-06-22T05:55:00Z,7.0,0.18333333333333332,both_options
2025-06-22T05:55:00Z,2025-06-22T06:26:00Z,4.0,0.5166666666666667,both_options
2025-06-22T06:26:00Z,2025-06-22T06:55:00Z,9.0,0.48333333333333334,both_options
2025-06-22T06:55:00Z,2025-06-22T07:55:00Z,9.0,1.0,both_options
2025-06-22T07:55:00Z,2025-06-22T08:27:00Z,8.0,0.5333333333333333,both_options
2025-06-22T08:27:00Z,2025-06-22T08:55:00Z,10.0,0.4666666666666667,both_options
2025-06-22T08:55:00Z,2025-06-22T09:34:00Z,9.0,0.65,both_options
2025-06-22T09:34:00Z,2025-06-22T09:51:00Z,8.0,0.2833333333333333,both_options
2025-06-22T09:51:00Z,2025-06-22T09:55:00Z,7.0,0.06666666666666667,both_options
2025-06-22T09:55:00Z,2025-06-22T10:11:00Z,7.0,0.26666666666666666,both_options
2025-06-22T10:11:00Z,2025-06-22T10:22:00Z,8.0,0.18333333333333332,both_options
2025-06-22T10:22:00Z,2025-06-22T10:55:00Z,9.0,0.55,both_options
2025-06-22T10:55:00Z,2025-06-22T11:30:00Z,9.0,0.5833333333333334,both_options
2025-06-22T11:30:00Z,2025-06-22T11:55:00Z,9.0,0.4166666666666667,both_options
2025-06-22T11:55:00Z,2025-06-22T12:12:00Z,6.0,0.2833333333333333,both_options
2025-06-22T12:12:00Z,2025-06-22T12:15:00Z,1.75,0.05,both_options
2025-06-22T12:15:00Z,2025-06-22T12:22:00Z,1.0,0.11666666666666667,both_options
2025-06-22T12:22:00Z,2025-06-22T12:30:00Z,0.5,0.13333333333333333,neither_option
2025-06-22T12:30:00Z,2025-06-22T12:49:00Z,0.25,0.31666666666666665,neither_option
2025-06-22T12:49:00Z,2025-06-22T12:52:00Z,0.75,0.05,lower_only
2025-06-22T12:52:00Z,2025-06-22T12:55:00Z,1.5,0.05,both_options
2025-06-22T12:55:00Z,2025-06-22T13:00:00Z,2.5,0.08333333333333333,both_options
2025-06-22T13:00:00Z,2025-06-22T13:05:00Z,1.75,0.08333333333333333,both_options
2025-06-22T13:05:00Z,2025-06-22T13:14:00Z,0.75,0.15,lower_only
2025-06-22T13:14:00Z,2025-06-22T13:16:00Z,1.5,0.03333333333333333,both_options
2025-06-22T13:16:00Z,2025-06-22T13:55:00Z,3.0,0.65,both_options
2025-06-22T13:55:00Z,2025-06-22T14:55:00Z,4.0,1.0,both_options
2025-06-22T14:55:00Z,2025-06-22T15:55:00Z,10.0,1.0,both_options
2025-06-22T15:55:00Z,2025-06-22T16:26:00Z,10.0,0.5166666666666667,both_options
2025-06-22T16:26:00Z,2025-06-22T16:55:00Z,10.0,0.48333333333333334,both_options
2025-06-22T16:55:00Z,2025-06-22T17:12:00Z,10.0,0.2833333333333333,both_options
2025-06-22T17:12:00Z,2025-06-22T17:21:00Z,10.0,0.15,both_options
2025-06-22T17:21:00Z,2025-06-22T17:39:00Z,10.0,0.3,both_options
2025-06-22T17:39:00Z,2025-06-22T17:55:00Z,10.0,0.26666666666666666,both_options
2025-06-22T17:55:00Z,2025-06-22T18:55:00Z,10.0,1.0,both_options
2025-06-22T18:55:00Z,2025-06-22T19:55:00Z,10.0,1.0,both_options
2025-06-22T19:55:00Z,2025-06-22T20:55:00Z,10.0,1.0,both_options
2025-06-22T20:55:00Z,2025-06-22T21:03:00Z,10.0,0.13333333333333333,both_options
2025-06-22T21:03:00Z,2025-06-22T21:32:00Z,10.0,0.48333333333333334,both_options
2025-06-22T21:32:00Z,2025-06-22T21:55:00Z,10.0,0.38333333333333336,both_options
2025-06-22T21:55:00Z,2025-06-22T22:55:00Z,10.0,1.0,both_options
2025-06-22T22:55:00Z,2025-06-22T23:55:00Z,10.0,1.0,both_options
2025-06-22T23:55:00Z,2025-06-23T00:55:00Z,10.0,1.0,both_options
2025-06-23T00:55:00Z,2025-06-23T01:55:00Z,10.0,1.0,both_options
2025-06-23T01:55:00Z,2025-06-23T02:55:00Z,10.0,1.0,both_options
2025-06-23T02:55:00Z,2025-06-23T03:55:00Z,10.0,1.0,both_options
2025-06-23T03:55:00Z,2025-06-23T04:55:00Z,10.0,1.0,both_options
2025-06-23T04:55:00Z,2025-06-23T05:55:00Z,10.0,1.0,both_options
2025-06-23T05:55:00Z,2025-06-23T06:55:00Z,10.0,1.0,both_options
2025-06-23T06:55:00Z,2025-06-23T07:55:00Z,10.0,1.0,both_options
2025-06-23T07:55:00Z,2025-06-23T08:55:00Z,10.0,1.0,both_options
2025-06-23T08:55:00Z,2025-06-23T09:51:00Z,10.0,0.9333333333333333,both_options
2025-06-23T09:51:00Z,2025-06-23T09:53:00Z,3.0,0.03333333333333333,both_options
2025-06-23T09:53:00Z,2025-06-23T09:55:00Z,2.5,0.03333333333333333,both_options
2025-06-23T09:55:00Z,2025-06-23T10:01:00Z,2.5,0.1,both_options
2025-06-23T10:01:00Z,2025-06-23T10:55:00Z,4.0,0.9,both_options
2025-06-23T10:55:00Z,2025-06-23T11:29:00Z,10.0,0.5666666666666667,both_options
2025-06-23T11:29:00Z,2025-06-23T11:46:00Z,10.0,0.2833333333333333,both_options
2025-06-23T11:46:00Z,2025-06-23T11:55:00Z,10.0,0.15,both_options
2025-06-23T11:55:00Z,2025-06-23T12:55:00Z,10.0,1.0,both_options
2025-06-23T12:55:00Z,2025-06-23T13:55:00Z,10.0,1.0,both_options
2025-06-23T13:55:00Z,2025-06-23T14:27:00Z,10.0,0.5333333333333333,both_options
2025-06-23T14:27:00Z,2025-06-23T14:55:00Z,10.0,0.4666666666666667,both_options
2025-06-23T14:55:00Z,2025-06-23T15:37:00Z,10.0,0.7,both_options
2025-06-23T15:37:00Z,2025-06-23T15:55:00Z,10.0,0.3,both_options
2025-06-23T15:55:00Z,2025-06-23T16:32:00Z,10.0,0.6166666666666667,both_options
2025-06-23T16:32:00Z,2025-06-23T16:55:00Z,10.0,0.38333333333333336,both_options
2025-06-23T16:55:00Z,2025-06-23T17:55:00Z,10.0,1.0,both_options
2025-06-23T17:55:00Z,2025-06-23T18:55:00Z,10.0,1.0,both_options
2025-06-23T18:55:00Z,2025-06-23T19:55:00Z,10.0,1.0,both_options
2025-06-24T12:55:00Z,2025-06-24T13:55:00Z,10.0,1.0,both_options
2025-06-24T15:49:00Z,2025-06-24T16:49:00Z,10.0,1.0,both_options
2025-06-24T17:05:00Z,2025-06-24T18:05:00Z,10.0,1.0,both_options
2025-06-24T19:55:00Z,2025-06-24T20:55:00Z,10.0,1.0,both_options
2025-06-24T20:55:00Z,2025-06-24T21:55:00Z,10.0,1.0,both_options
2025-06-24T21:55:00Z,2025-06-24T22:55:00Z,10.0,1.0,both_options
2025-06-24T22:55:00Z,2025-06-24T23:55:00Z,10.0,1.0,both_options
2025-06-24T23:55:00Z,2025-06-25T00:55:00Z,10.0,1.0,both_options
2025-06-25T00:55:00Z,2025-06-25T01:55:00Z,10.0,1.0,both_options
2025-06-25T01:55:00Z,2025-06-25T02:55:00Z,10.0,1.0,both_options
2025-06-25T02:55:00Z,2025-06-25T03:55:00Z,10.0,1.0,both_options
2025-06-25T03:55:00Z,2025-06-25T04:05:00Z,7.0,0.16666666666666666,both_options
2025-06-25T04:05:00Z,2025-06-25T04:55:00Z,10.0,0.8333333333333334,both_options
2025-06-25T04:55:00Z,2025-06-25T05:55:00Z,10.0,1.0,both_options
2025-06-25T05:55:00Z,2025-06-25T06:55:00Z,10.0,1.0,both_options
2025-06-25T06:55:00Z,2025-06-25T07:55:00Z,10.0,1.0,both_options
2025-06-25T07:55:00Z,2025-06-25T08:55:00Z,10.0,1.0,both_options
2025-06-25T08:55:00Z,2025-06-25T09:55:00Z,10.0,1.0,both_options
2025-06-25T09:55:00Z,2025-06-25T10:55:00Z,10.0,1.0,both_options
2025-06-25T10:55:00Z,2025-06-25T11:55:00Z,9.0,1.0,both_options
2025-06-25T11:55:00Z,2025-06-25T12:55:00Z,10.0,1.0,both_options
2025-06-25T12:55:00Z,2025-06-25T13:55:00Z,9.0,1.0,both_options
2025-06-25T13:55:00Z,2025-06-25T14:30:00Z,8.0,0.5833333333333334,both_options
2025-06-25T14:30:00Z,2025-06-25T14:48:00Z,8.0,0.3,both_options
2025-06-25T14:48:00Z,2025-06-25T14:55:00Z,10.0,0.11666666666666667,both_options
2025-06-25T14:55:00Z,2025-06-25T15:34:00Z,10.0,0.65,both_options
2025-06-25T15:34:00Z,2025-06-25T15:55:00Z,6.0,0.35,both_options
2025-06-25T15:55:00Z,2025-06-25T16:06:00Z,10.0,0.18333333333333332,both_options
2025-06-25T16:06:00Z,2025-06-25T16:24:00Z,9.0,0.3,both_options
2025-06-25T16:24:00Z,2025-06-25T16:31:00Z,9.0,0.11666666666666667,both_options
2025-06-25T16:31:00Z,2025-06-25T16:39:00Z,10.0,0.13333333333333333,both_options
2025-06-25T16:39:00Z,2025-06-25T16:55:00Z,10.0,0.26666666666666666,both_options
2025-06-25T16:55:00Z,2025-06-25T17:36:00Z,10.0,0.6833333333333333,both_options
2025-06-25T17:36:00Z,2025-06-25T17:55:00Z,10.0,0.31666666666666665,both_options
2025-06-25T17:55:00Z,2025-06-25T18:02:00Z,10.0,0.11666666666666667,both_options
2025-06-25T18:02:00Z,2025-06-25T18:55:00Z,10.0,0.8833333333333333,both_options
2025-06-25T18:55:00Z,2025-06-25T19:55:00Z,10.0,1.0,both_options
2025-06-25T19:55:00Z,2025-06-25T20:19:00Z,10.0,0.4,both_options
2025-06-25T20:19:00Z,2025-06-25T20:55:00Z,10.0,0.6,both_options
2025-06-25T20:55:00Z,2025-06-25T21:17:00Z,10.0,0.36666666666666664,both_options
2025-06-25T21:17:00Z,2025-06-25T21:55:00Z,10.0,0.6333333333333333,both_options
2025-06-25T21:55:00Z,2025-06-25T22:24:00Z,10.0,0.48333333333333334,both_options
2025-06-25T22:24:00Z,2025-06-25T22:34:00Z,10.0,0.16666666666666666,both_options
2025-06-25T22:34:00Z,2025-06-25T22:44:00Z,10.0,0.16666666666666666,both_options
2025-06-25T22:44:00Z,2025-06-25T22:55:00Z,10.0,0.18333333333333332,both_options
2025-06-25T22:55:00Z,2025-06-25T23:02:00Z,10.0,0.11666666666666667,both_options
2025-06-25T23:02:00Z,2025-06-25T23:55:00Z,10.0,0.8833333333333333,both_options
2025-06-25T23:55:00Z,2025-06-26T00:55:00Z,10.0,1.0,both_options
2025-06-26T00:55:00Z,2025-06-26T01:55:00Z,10.0,1.0,both_options
2025-06-26T01:55:00Z,2025-06-26T02:55:00Z,10.0,1.0,both_options
2025-06-26T02:55:00Z,2025-06-26T03:55:00Z,10.0,1.0,both_options
2025-06-26T03:55:00Z,2025-06-26T04:03:00Z,10.0,0.13333333333333333,both_options
2025-06-26T04:03:00Z,2025-06-26T04:55:00Z,10.0,0.8666666666666667,both_options
2025-06-26T04:55:00Z,2025-06-26T05:55:00Z,10.0,1.0,both_options
2025-06-26T05:55:00Z,2025-06-26T06:55:00Z,10.0,1.0,both_options
2025-06-26T06:55:00Z,2025-06-26T07:55:00Z,10.0,1.0,both_options
2025-06-26T07:55:00Z,2025-06-26T08:55:00Z,10.0,1.0,both_options
2025-06-26T08:55:00Z,2025-06-26T09:08:00Z,10.0,0.21666666666666667,both_options
2025-06-26T09:08:00Z,2025-06-26T09:55:00Z,10.0,0.7833333333333333,both_options
2025-06-26T09:55:00Z,2025-06-26T10:26:00Z,10.0,0.5166666666666667,both_options
2025-06-26T10:26:00Z,2025-06-26T10:55:00Z,6.0,0.48333333333333334,both_options
2025-06-26T10:55:00Z,2025-06-26T11:06:00Z,10.0,0.18333333333333332,both_options
2025-06-26T11:06:00Z,2025-06-26T11:41:00Z,10.0,0.5833333333333334,both_options
2025-06-26T11:41:00Z,2025-06-26T11:55:00Z,5.0,0.23333333333333334,both_options
2025-06-26T11:55:00Z,2025-06-26T12:18:00Z,5.0,0.38333333333333336,both_options
2025-06-26T12:18:00Z,2025-06-26T12:34:00Z,4.0,0.26666666666666666,both_options
2025-06-26T12:34:00Z,2025-06-26T12:55:00Z,7.0,0.35,both_options
2025-06-26T12:55:00Z,2025-06-26T13:55:00Z,8.0,1.0,both_options
2025-06-26T13:55:00Z,2025-06-26T14:55:00Z,10.0,1.0,both_options
2025-06-26T14:55:00Z,2025-06-26T15:55:00Z,10.0,1.0,both_options
2025-06-26T15:55:00Z,2025-06-26T16:02:00Z,10.0,0.11666666666666667,both_options
2025-06-26T16:02:00Z,2025-06-26T16:10:00Z,10.0,0.13333333333333333,both_options
2025-06-26T16:10:00Z,2025-06-26T16:55:00Z,10.0,0.75,both_options
2025-06-26T16:55:00Z,2025-06-26T17:55:00Z,10.0,1.0,both_options
2025-06-26T17:55:00Z,2025-06-26T18:37:00Z,10.0,0.7,both_options
2025-06-26T18:37:00Z,2025-06-26T18:55:00Z,10.0,0.3,both_options
2025-06-26T18:55:00Z,2025-06-26T19:55:00Z,9.0,1.0,both_options
2025-06-26T19:55:00Z,2025-06-26T20:23:00Z,4.0,0.4666666666666667,both_options
2025-06-26T20:23:00Z,2025-06-26T20:55:00Z,6.0,0.5333333333333333,both_options
2025-06-26T20:55:00Z,2025-06-26T21:35:00Z,7.0,0.6666666666666666,both_options
2025-06-26T21:35:00Z,2025-06-26T21:41:00Z,3.0,0.1,both_options
2025-06-26T21:41:00Z,2025-06-26T21:55:00Z,1.75,0.23333333333333334,both_options
2025-06-26T21:55:00Z,2025-06-26T21:58:00Z,2.5,0.05,both_options
2025-06-26T21:58:00Z,2025-06-26T22:06:00Z,4.0,0.13333333333333333,both_options
2025-06-26T22:06:00Z,2025-06-26T22:55:00Z,7.0,0.8166666666666667,both_options
2025-06-26T22:55:00Z,2025-06-26T23:27:00Z,10.0,0.5333333333333333,both_options
2025-06-26T23:27:00Z,2025-06-26T23:51:00Z,10.0,0.4,both_options
2025-06-26T23:51:00Z,2025-06-26T23:55:00Z,10.0,0.06666666666666667,both_options
2025-06-26T23:55:00Z,2025-06-26T23:59:00Z,10.0,0.06666666666666667,both_options
2025-06-26T23:59:00Z,2025-06-27T00:42:00Z,9.0,0.7166666666666667,both_options
2025-06-27T00:42:00Z,2025-06-27T00:55:00Z,10.0,0.21666666666666667,both_options
2025-06-27T00:55:00Z,2025-06-27T01:44:00Z,10.0,0.8166666666666667,both_options
2025-06-27T01:44:00Z,2025-06-27T01:55:00Z,9.0,0.18333333333333332,both_options
2025-06-27T01:55:00Z,2025-06-27T02:05:00Z,2.0,0.16666666666666666,both_options
2025-06-27T02:05:00Z,2025-06-27T02:16:00Z,6.0,0.18333333333333332,both_options
2025-06-27T02:16:00Z,2025-06-27T02:55:00Z,10.0,0.65,both_options
2025-06-27T02:55:00Z,2025-06-27T03:55:00Z,10.0,1.0,both_options
2025-06-27T03:55:00Z,2025-06-27T04:55:00Z,10.0,1.0,both_options
2025-06-27T04:55:00Z,2025-06-27T05:55:00Z,8.0,1.0,both_options
2025-06-27T05:55:00Z,2025-06-27T06:38:00Z,10.0,0.7166666666666667,both_options
2025-06-27T06:38:00Z,2025-06-27T06:55:00Z,10.0,0.2833333333333333,both_options
2025-06-27T06:55:00Z,2025-06-27T07:47:00Z,10.0,0.8666666666666667,both_options
2025-06-27T07:47:00Z,2025-06-27T07:55:00Z,10.0,0.13333333333333333,both_options
2025-06-27T07:55:00Z,2025-06-27T08:55:00Z,10.0,1.0,both_options
2025-06-27T08:55:00Z,2025-06-27T09:55:00Z,10.0,1.0,both_options
2025-06-27T09:55:00Z,2025-06-27T10:06:00Z,10.0,0.18333333333333332,both_options
2025-06-27T10:06:00Z,2025-06-27T10:38:00Z,10.0,0.5333333333333333,both_options
2025-06-27T10:38:00Z,2025-06-27T10:55:00Z,10.0,0.2833333333333333,both_options
2025-06-27T10:55:00Z,2025-06-27T11:04:00Z,10.0,0.15,both_options
2025-06-27T11:04:00Z,2025-06-27T11:44:00Z,10.0,0.6666666666666666,both_options
2025-06-27T11:44:00Z,2025-06-27T11:55:00Z,5.0,0.18333333333333332,both_options
2025-06-27T11:55:00Z,2025-06-27T12:22:00Z,6.0,0.45,both_options
2025-06-27T12:22:00Z,2025-06-27T12:33:00Z,5.0,0.18333333333333332,both_options
2025-06-27T12:33:00Z,2025-06-27T12:40:00Z,4.0,0.11666666666666667,both_options
2025-06-27T12:40:00Z,2025-06-27T12:55:00Z,4.0,0.25,both_options
2025-06-27T12:55:00Z,2025-06-27T13:22:00Z,4.0,0.45,both_options
2025-06-27T13:22:00Z,2025-06-27T13:55:00Z,3.0,0.55,both_options
2025-06-27T13:55:00Z,2025-06-27T14:00:00Z,3.0,0.08333333333333333,both_options
2025-06-27T14:00:00Z,2025-06-27T14:09:00Z,2.5,0.15,both_options
2025-06-27T14:09:00Z,2025-06-27T14:16:00Z,2.5,0.11666666666666667,both_options
2025-06-27T14:16:00Z,2025-06-27T14:43:00Z,3.0,0.45,both_options
2025-06-27T14:43:00Z,2025-06-27T14:55:00Z,5.0,0.2,both_options
2025-06-27T14:55:00Z,2025-06-27T15:02:00Z,4.0,0.11666666666666667,both_options
2025-06-27T15:02:00Z,2025-06-27T15:13:00Z,3.0,0.18333333333333332,both_options
2025-06-27T15:13:00Z,2025-06-27T15:16:00Z,2.5,0.05,both_options
2025-06-27T15:16:00Z,2025-06-27T15:23:00Z,1.5,0.11666666666666667,both_options
2025-06-27T15:23:00Z,2025-06-27T15:27:00Z,1.0,0.06666666666666667,both_options
2025-06-27T15:27:00Z,2025-06-27T15:40:00Z,1.0,0.21666666666666667,both_options
2025-06-27T15:40:00Z,2025-06-27T15:55:00Z,1.75,0.25,both_options
2025-06-27T15:55:00Z,2025-06-27T16:06:00Z,1.5,0.18333333333333332,both_options
2025-06-27T16:06:00Z,2025-06-27T16:17:00Z,2.5,0.18333333333333332,both_options
2025-06-27T16:17:00Z,2025-06-27T16:26:00Z,3.0,0.15,both_options
2025-06-27T16:26:00Z,2025-06-27T16:48:00Z,2.0,0.36666666666666664,both_options
2025-06-27T16:48:00Z,2025-06-27T16:55:00Z,6.0,0.11666666666666667,both_options
2025-06-27T16:55:00Z,2025-06-27T17:55:00Z,8.0,1.0,both_options
2025-06-27T17:55:00Z,2025-06-27T18:55:00Z,9.0,1.0,both_options
2025-06-27T18:55:00Z,2025-06-27T19:28:00Z,9.0,0.55,both_options
2025-06-27T19:28:00Z,2025-06-27T19:55:00Z,10.0,0.45,both_options
2025-06-27T19:55:00Z,2025-06-27T20:08:00Z,10.0,0.21666666666666667,both_options
2025-06-27T20:08:00Z,2025-06-27T20:55:00Z,10.0,0.7833333333333333,both_options
2025-06-27T20:55:00Z,2025-06-27T21:30:00Z,10.0,0.5833333333333334,both_options
2025-06-27T21:30:00Z,2025-06-27T21:55:00Z,10.0,0.4166666666666667,both_options
2025-06-27T21:55:00Z,2025-06-27T22:37:00Z,10.0,0.7,both_options
2025-06-27T22:37:00Z,2025-06-27T22:48:00Z,10.0,0.18333333333333332,both_options
2025-06-27T22:48:00Z,2025-06-27T22:55:00Z,10.0,0.11666666666666667,both_options
2025-06-27T22:55:00Z,2025-06-27T23:27:00Z,10.0,0.5333333333333333,both_options
2025-06-27T23:27:00Z,2025-06-27T23:55:00Z,10.0,0.4666666666666667,both_options
2025-06-27T23:55:00Z,2025-06-28T00:28:00Z,10.0,0.55,both_options
2025-06-28T00:28:00Z,2025-06-28T00:55:00Z,10.0,0.45,both_options
2025-06-28T00:55:00Z,2025-06-28T01:55:00Z,10.0,1.0,both_options
2025-06-28T01:55:00Z,2025-06-28T02:08:00Z,10.0,0.21666666666666667,both_options
2025-06-28T02:08:00Z,2025-06-28T02:43:00Z,10.0,0.5833333333333334,both_options
2025-06-28T02:43:00Z,2025-06-28T02:55:00Z,10.0,0.2,both_options
2025-06-28T02:55:00Z,2025-06-28T03:55:00Z,10.0,1.0,both_options
2025-06-28T03:55:00Z,2025-06-28T04:55:00Z,10.0,1.0,both_options
2025-06-28T04:55:00Z,2025-06-28T05:55:00Z,10.0,1.0,both_options
2025-06-28T05:55:00Z,2025-06-28T06:55:00Z,10.0,1.0,both_options
2025-06-28T06:55:00Z,2025-06-28T07:55:00Z,10.0,1.0,both_options
2025-06-28T07:55:00Z,2025-06-28T08:55:00Z,10.0,1.0,both_options
2025-06-28T08:55:00Z,2025-06-28T09:55:00Z,10.0,1.0,both_options
2025-06-28T09:55:00Z,2025-06-28T10:55:00Z,10.0,1.0,both_options
2025-06-28T10:55:00Z,2025-06-28T11:09:00Z,10.0,0.23333333333333334,both_options
2025-06-28T11:09:00Z,2025-06-28T11:55:00Z,10.0,0.7666666666666667,both_options
2025-06-28T11:55:00Z,2025-06-28T12:47:00Z,10.0,0.8666666666666667,both_options
2025-06-28T12:47:00Z,2025-06-28T12:55:00Z,10.0,0.13333333333333333,both_options
2025-06-28T12:55:00Z,2025-06-28T13:55:00Z,10.0,1.0,both_options
2025-06-28T13:55:00Z,2025-06-28T14:16:00Z,10.0,0.35,both_options
2025-06-28T14:16:00Z,2025-06-28T14:53:00Z,10.0,0.6166666666666667,both_options
2025-06-28T14:53:00Z,2025-06-28T14:55:00Z,10.0,0.03333333333333333,both_options
2025-06-28T14:55:00Z,2025-06-28T15:55:00Z,10.0,1.0,both_options
2025-06-28T15:55:00Z,2025-06-28T16:04:00Z,10.0,0.15,both_options
2025-06-28T16:04:00Z,2025-06-28T16:27:00Z,10.0,0.38333333333333336,both_options
2025-06-28T16:27:00Z,2025-06-28T16:30:00Z,3.0,0.05,both_options
2025-06-28T16:30:00Z,2025-06-28T16:33:00Z,2.5,0.05,both_options
2025-06-28T16:33:00Z,2025-06-28T16:55:00Z,3.0,0.36666666666666664,both_options
2025-06-28T16:55:00Z,2025-06-28T17:19:00Z,10.0,0.4,both_options
2025-06-28T17:19:00Z,2025-06-28T17:55:00Z,10.0,0.6,both_options
2025-06-28T17:55:00Z,2025-06-28T18:10:00Z,10.0,0.25,both_options
2025-06-28T18:10:00Z,2025-06-28T18:17:00Z,10.0,0.11666666666666667,both_options
2025-06-28T18:17:00Z,2025-06-28T18:55:00Z,10.0,0.6333333333333333,both_options
2025-06-28T18:55:00Z,2025-06-28T19:38:00Z,10.0,0.7166666666666667,both_options
2025-06-28T19:38:00Z,2025-06-28T19:55:00Z,10.0,0.2833333333333333,both_options
2025-06-28T19:55:00Z,2025-06-28T20:55:00Z,10.0,1.0,both_options
2025-06-28T20:55:00Z,2025-06-28T21:55:00Z,10.0,1.0,both_options
2025-06-28T21:55:00Z,2025-06-28T22:55:00Z,10.0,1.0,both_options
2025-06-28T22:55:00Z,2025-06-28T23:55:00Z,10.0,1.0,both_options
2025-06-28T23:55:00Z,2025-06-29T00:55:00Z,10.0,1.0,both_options
2025-06-29T00:55:00Z,2025-06-29T01:55:00Z,10.0,1.0,both_options
2025-06-29T01:55:00Z,2025-06-29T02:55:00Z,10.0,1.0,both_options
2025-06-29T02:55:00Z,2025-06-29T03:55:00Z,10.0,1.0,both_options
2025-06-29T03:55:00Z,2025-06-29T04:55:00Z,10.0,1.0,both_options
2025-06-29T04:55:00Z,2025-06-29T05:55:00Z,10.0,1.0,both_options
2025-06-29T05:55:00Z,2025-06-29T06:55:00Z,10.0,1.0,both_options
2025-06-29T06:55:00Z,2025-06-29T07:55:00Z,10.0,1.0,both_options
2025-06-29T07:55:00Z,2025-06-29T08:55:00Z,10.0,1.0,both_options
2025-06-29T08:55:00Z,2025-06-29T09:55:00Z,10.0,1.0,both_options
2025-06-29T09:55:00Z,2025-06-29T10:55:00Z,10.0,1.0,both_options
2025-06-29T10:55:00Z,2025-06-29T11:55:00Z,10.0,1.0,both_options
2025-06-29T11:55:00Z,2025-06-29T12:55:00Z,10.0,1.0,both_options
2025-06-29T12:55:00Z,2025-06-29T13:55:00Z,10.0,1.0,both_options
2025-06-29T13:55:00Z,2025-06-29T14:55:00Z,10.0,1.0,both_options
2025-06-29T14:55:00Z,2025-06-29T15:55:00Z,10.0,1.0,both_options
2025-06-29T15:55:00Z,2025-06-29T16:55:00Z,10.0,1.0,both_options
2025-06-29T16:55:00Z,2025-06-29T17:55:00Z,10.0,1.0,both_options
2025-06-29T17:55:00Z,2025-06-29T18:55:00Z,10.0,1.0,both_options
2025-06-29T18:55:00Z,2025-06-29T19:55:00Z,10.0,1.0,both_options
2025-06-29T19:55:00Z,2025-06-29T20:55:00Z,10.0,1.0,both_options
2025-06-29T20:55:00Z,2025-06-29T21:55:00Z,10.0,1.0,both_options
2025-06-29T21:55:00Z,2025-06-29T22:55:00Z,10.0,1.0,both_options
2025-06-29T22:55:00Z,2025-06-29T23:55:00Z,10.0,1.0,both_options
2025-06-29T23:55:00Z,2025-06-30T00:55:00Z,10.0,1.0,both_options
2025-06-30T00:55:00Z,2025-06-30T01:55:00Z,10.0,1.0,both_options
2025-06-30T01:55:00Z,2025-06-30T02:55:00Z,10.0,1.0,both_options
2025-06-30T02:55:00Z,2025-06-30T03:55:00Z,10.0,1.0,both_options
2025-06-30T03:55:00Z,2025-06-30T04:55:00Z,10.0,1.0,both_options
2025-06-30T04:55:00Z,2025-06-30T05:55:00Z,10.0,1.0,both_options
2025-06-30T05:55:00Z,2025-06-30T06:55:00Z,10.0,1.0,both_options
2025-06-30T06:55:00Z,2025-06-30T07:55:00Z,10.0,1.0,both_options
2025-06-30T07:55:00Z,2025-06-30T08:20:00Z,10.0,0.4166666666666667,both_options
2025-06-30T08:20:00Z,2025-06-30T08:41:00Z,9.0,0.35,both_options
2025-06-30T08:41:00Z,2025-06-30T08:55:00Z,9.0,0.23333333333333334,both_options
2025-06-30T08:55:00Z,2025-06-30T09:55:00Z,8.0,1.0,both_options
2025-06-30T09:55:00Z,2025-06-30T10:55:00Z,7.0,1.0,both_options
2025-06-30T10:55:00Z,2025-06-30T11:55:00Z,6.0,1.0,both_options
2025-06-30T11:55:00Z,2025-06-30T12:32:00Z,9.0,0.6166666666666667,both_options
2025-06-30T12:32:00Z,2025-06-30T12:55:00Z,9.0,0.38333333333333336,both_options
2025-06-30T12:55:00Z,2025-06-30T13:32:00Z,8.0,0.6166666666666667,both_options
2025-06-30T13:32:00Z,2025-06-30T13:55:00Z,9.0,0.38333333333333336,both_options
2025-06-30T13:55:00Z,2025-06-30T14:55:00Z,9.0,1.0,both_options
2025-06-30T14:55:00Z,2025-06-30T15:20:00Z,9.0,0.4166666666666667,both_options
2025-06-30T15:20:00Z,2025-06-30T15:55:00Z,10.0,0.5833333333333334,both_options
2025-06-30T15:55:00Z,2025-06-30T16:55:00Z,10.0,1.0,both_options
2025-06-30T16:55:00Z,2025-06-30T17:52:00Z,10.0,0.95,both_options
2025-06-30T17:52:00Z,2025-06-30T17:55:00Z,10.0,0.05,both_options
2025-06-30T17:55:00Z,2025-06-30T18:55:00Z,10.0,1.0,both_options
2025-06-30T18:55:00Z,2025-06-30T19:55:00Z,10.0,1.0,both_options
2025-06-30T19:55:00Z,2025-06-30T20:55:00Z,10.0,1.0,both_options
2025-06-30T20:55:00Z,2025-06-30T21:55:00Z,10.0,1.0,both_options
2025-06-30T21:55:00Z,2025-06-30T22:55:00Z,10.0,1.0,both_options
2025-06-30T22:55:00Z,2025-06-30T23:55:00Z,10.0,1.0,both_options
2025-06-30T23:55:00Z,2025-07-01T00:55:00Z,10.0,1.0,both_options
2025-07-01T00:55:00Z,2025-07-01T01:55:00Z,10.0,1.0,both_options
2025-07-01T01:55:00Z,2025-07-01T02:55:00Z,10.0,1.0,both_options
2025-07-01T02:55:00Z,2025-07-01T03:55:00Z,10.0,1.0,both_options
2025-07-01T03:55:00Z,2025-07-01T04:55:00Z,10.0,1.0,both_options
2025-07-01T04:55:00Z,2025-07-01T05:55:00Z,10.0,1.0,both_options
2025-07-01T05:55:00Z,2025-07-01T06:55:00Z,10.0,1.0,both_options
2025-07-01T06:55:00Z,2025-07-01T07:27:00Z,10.0,0.5333333333333333,both_options
2025-07-01T07:27:00Z,2025-07-01T07:55:00Z,10.0,0.4666666666666667,both_options
2025-07-01T07:55:00Z,2025-07-01T08:55:00Z,10.0,1.0,both_options
2025-07-01T08:55:00Z,2025-07-01T09:55:00Z,10.0,1.0,both_options
2025-07-01T09:55:00Z,2025-07-01T10:55:00Z,10.0,1.0,both_options
2025-07-01T10:55:00Z,2025-07-01T11:55:00Z,10.0,1.0,both_options
2025-07-01T11:55:00Z,2025-07-01T12:55:00Z,10.0,1.0,both_options
2025-07-01T12:55:00Z,2025-07-01T13:55:00Z,10.0,1.0,both_options
2025-07-01T13:55:00Z,2025-07-01T14:55:00Z,10.0,1.0,both_options
2025-07-01T14:55:00Z,2025-07-01T15:55:00Z,9.0,1.0,both_options
2025-07-01T15:55:00Z,2025-07-01T16:55:00Z,10.0,1.0,both_options
2025-07-01T16:55:00Z,2025-07-01T17:55:00Z,10.0,1.0,both_options
2025-07-01T17:55:00Z,2025-07-01T18:29:00Z,10.0,0.5666666666666667,both_options
2025-07-01T18:29:00Z,2025-07-01T18:55:00Z,10.0,0.43333333333333335,both_options
2025-07-01T18:55:00Z,2025-07-01T19:55:00Z,10.0,1.0,both_options
2025-07-01T19:55:00Z,2025-07-01T20:09:00Z,10.0,0.23333333333333334,both_options
2025-07-01T20:09:00Z,2025-07-01T20:55:00Z,10.0,0.7666666666666667,both_options
2025-07-01T20:55:00Z,2025-07-01T21:55:00Z,10.0,1.0,both_options
2025-07-01T21:55:00Z,2025-07-01T22:55:00Z,10.0,1.0,both_options
2025-07-01T22:55:00Z,2025-07-01T23:02:00Z,10.0,0.11666666666666667,both_options
2025-07-01T23:02:00Z,2025-07-01T23:55:00Z,10.0,0.8833333333333333,both_options
2025-07-01T23:55:00Z,2025-07-02T00:11:00Z,10.0,0.26666666666666666,both_options
2025-07-02T00:11:00Z,2025-07-02T00:55:00Z,10.0,0.7333333333333333,both_options
2025-07-02T00:55:00Z,2025-07-02T01:55:00Z,10.0,1.0,both_options
2025-07-02T01:55:00Z,2025-07-02T02:55:00Z,10.0,1.0,both_options
2025-07-02T02:55:00Z,2025-07-02T03:55:00Z,4.0,1.0,both_options
2025-07-02T03:55:00Z,2025-07-02T04:55:00Z,4.0,1.0,both_options
2025-07-02T04:55:00Z,2025-07-02T05:55:00Z,6.0,1.0,both_options
2025-07-02T05:55:00Z,2025-07-02T06:10:00Z,10.0,0.25,both_options
2025-07-02T06:10:00Z,2025-07-02T06:55:00Z,10.0,0.75,both_options
2025-07-02T06:55:00Z,2025-07-02T07:34:00Z,10.0,0.65,both_options
2025-07-02T07:34:00Z,2025-07-02T07:55:00Z,10.0,0.35,both_options
2025-07-02T07:55:00Z,2025-07-02T08:32:00Z,10.0,0.6166666666666667,both_options
2025-07-02T08:32:00Z,2025-07-02T08:55:00Z,10.0,0.38333333333333336,both_options
2025-07-02T08:55:00Z,2025-07-02T09:55:00Z,10.0,1.0,both_options
2025-07-02T09:55:00Z,2025-07-02T10:55:00Z,9.0,1.0,both_options
2025-07-02T10:55:00Z,2025-07-02T11:19:00Z,8.0,0.4,both_options
2025-07-02T11:19:00Z,2025-07-02T11:55:00Z,6.0,0.6,both_options
2025-07-02T11:55:00Z,2025-07-02T12:24:00Z,7.0,0.48333333333333334,both_options
2025-07-02T12:24:00Z,2025-07-02T12:46:00Z,10.0,0.36666666666666664,both_options
2025-07-02T12:46:00Z,2025-07-02T12:55:00Z,7.0,0.15,both_options
2025-07-02T12:55:00Z,2025-07-02T13:11:00Z,5.0,0.26666666666666666,both_options
2025-07-02T13:11:00Z,2025-07-02T13:18:00Z,1.75,0.11666666666666667,both_options
2025-07-02T13:18:00Z,2025-07-02T13:32:00Z,2.0,0.23333333333333334,both_options
2025-07-02T13:32:00Z,2025-07-02T13:50:00Z,1.5,0.3,both_options
2025-07-02T13:50:00Z,2025-07-02T13:55:00Z,2.5,0.08333333333333333,both_options
2025-07-02T13:55:00Z,2025-07-02T14:07:00Z,1.75,0.2,both_options
2025-07-02T14:07:00Z,2025-07-02T14:20:00Z,1.25,0.21666666666666667,both_options
2025-07-02T14:20:00Z,2025-07-02T14:34:00Z,1.5,0.23333333333333334,both_options
2025-07-02T14:34:00Z,2025-07-02T14:44:00Z,2.0,0.16666666666666666,both_options
2025-07-02T14:44:00Z,2025-07-02T14:49:00Z,1.75,0.08333333333333333,both_options
2025-07-02T14:49:00Z,2025-07-02T14:55:00Z,2.0,0.1,both_options
2025-07-02T14:55:00Z,2025-07-02T15:09:00Z,6.0,0.23333333333333334,both_options
2025-07-02T15:09:00Z,2025-07-02T15:27:00Z,1.75,0.3,both_options
2025-07-02T15:27:00Z,2025-07-02T15:39:00Z,2.0,0.2,both_options
2025-07-02T15:39:00Z,2025-07-02T15:55:00Z,7.0,0.26666666666666666,both_options
2025-07-02T15:55:00Z,2025-07-02T16:09:00Z,5.0,0.23333333333333334,both_options
2025-07-02T16:09:00Z,2025-07-02T16:17:00Z,6.0,0.13333333333333333,both_options
2025-07-02T16:17:00Z,2025-07-02T16:55:00Z,5.0,0.6333333333333333,both_options
2025-07-02T16:55:00Z,2025-07-02T17:13:00Z,3.0,0.3,both_options
2025-07-02T17:13:00Z,2025-07-02T17:55:00Z,10.0,0.7,both_options
2025-07-02T17:55:00Z,2025-07-02T18:55:00Z,8.0,1.0,both_options
2025-07-02T18:55:00Z,2025-07-02T19:55:00Z,8.0,1.0,both_options
2025-07-02T19:55:00Z,2025-07-02T20:55:00Z,10.0,1.0,both_options
2025-07-02T20:55:00Z,2025-07-02T21:55:00Z,10.0,1.0,both_options
2025-07-02T21:55:00Z,2025-07-02T22:04:00Z,6.0,0.15,both_options
2025-07-02T22:04:00Z,2025-07-02T22:55:00Z,5.0,0.85,both_options
2025-07-02T22:55:00Z,2025-07-02T23:48:00Z,5.0,0.8833333333333333,both_options
2025-07-02T23:48:00Z,2025-07-02T23:55:00Z,6.0,0.11666666666666667,both_options
2025-07-02T23:55:00Z,2025-07-03T00:37:00Z,8.0,0.7,both_options
2025-07-03T00:37:00Z,2025-07-03T00:55:00Z,10.0,0.3,both_options
2025-07-03T00:55:00Z,2025-07-03T00:59:00Z,3.0,0.06666666666666667,both_options
2025-07-03T00:59:00Z,2025-07-03T01:09:00Z,3.0,0.16666666666666666,both_options
2025-07-03T01:09:00Z,2025-07-03T01:20:00Z,10.0,0.18333333333333332,both_options
2025-07-03T01:20:00Z,2025-07-03T01:38:00Z,10.0,0.3,both_options
2025-07-03T01:38:00Z,2025-07-03T01:50:00Z,10.0,0.2,both_options
2025-07-03T01:50:00Z,2025-07-03T01:55:00Z,10.0,0.08333333333333333,both_options
2025-07-03T01:55:00Z,2025-07-03T02:55:00Z,10.0,1.0,both_options
2025-07-03T02:55:00Z,2025-07-03T03:14:00Z,10.0,0.31666666666666665,both_options
2025-07-03T03:14:00Z,2025-07-03T03:55:00Z,10.0,0.6833333333333333,both_options
2025-07-03T03:55:00Z,2025-07-03T04:55:00Z,10.0,1.0,both_options
2025-07-03T04:55:00Z,2025-07-03T05:26:00Z,10.0,0.5166666666666667,both_options
2025-07-03T05:26:00Z,2025-07-03T05:52:00Z,10.0,0.43333333333333335,both_options
2025-07-03T05:52:00Z,2025-07-03T05:55:00Z,10.0,0.05,both_options
2025-07-03T05:55:00Z,2025-07-03T06:16:00Z,10.0,0.35,both_options
2025-07-03T06:16:00Z,2025-07-03T06:55:00Z,10.0,0.65,both_options
2025-07-03T06:55:00Z,2025-07-03T07:02:00Z,10.0,0.11666666666666667,both_options
2025-07-03T07:02:00Z,2025-07-03T07:13:00Z,10.0,0.18333333333333332,both_options
2025-07-03T07:13:00Z,2025-07-03T07:28:00Z,10.0,0.25,both_options
2025-07-03T07:28:00Z,2025-07-03T07:55:00Z,10.0,0.45,both_options
2025-07-03T07:55:00Z,2025-07-03T08:32:00Z,10.0,0.6166666666666667,both_options
2025-07-03T08:32:00Z,2025-07-03T08:55:00Z,10.0,0.38333333333333336,both_options
2025-07-03T08:55:00Z,2025-07-03T09:08:00Z,10.0,0.21666666666666667,both_options
2025-07-03T09:08:00Z,2025-07-03T09:16:00Z,10.0,0.13333333333333333,both_options
2025-07-03T09:16:00Z,2025-07-03T09:55:00Z,10.0,0.65,both_options
2025-07-03T09:55:00Z,2025-07-03T10:42:00Z,10.0,0.7833333333333333,both_options
2025-07-03T10:42:00Z,2025-07-03T10:55:00Z,10.0,0.21666666666666667,both_options
2025-07-03T10:55:00Z,2025-07-03T11:55:00Z,10.0,1.0,both_options
2025-07-03T11:55:00Z,2025-07-03T12:10:00Z,10.0,0.25,both_options
2025-07-03T12:10:00Z,2025-07-03T12:55:00Z,10.0,0.75,both_options
2025-07-03T12:55:00Z,2025-07-03T13:20:00Z,10.0,0.4166666666666667,both_options
2025-07-03T13:20:00Z,2025-07-03T13:48:00Z,10.0,0.4666666666666667,both_options
2025-07-03T13:48:00Z,2025-07-03T13:55:00Z,10.0,0.11666666666666667,both_options
2025-07-03T13:55:00Z,2025-07-03T14:42:00Z,10.0,0.7833333333333333,both_options
2025-07-03T14:42:00Z,2025-07-03T14:55:00Z,10.0,0.21666666666666667,both_options
2025-07-03T14:55:00Z,2025-07-03T15:55:00Z,10.0,1.0,both_options
2025-07-03T15:55:00Z,2025-07-03T16:55:00Z,10.0,1.0,both_options
2025-07-03T16:55:00Z,2025-07-03T17:55:00Z,10.0,1.0,both_options
2025-07-03T17:55:00Z,2025-07-03T18:55:00Z,10.0,1.0,both_options
2025-07-03T18:55:00Z,2025-07-03T19:55:00Z,10.0,1.0,both_options
2025-07-03T19:55:00Z,2025-07-03T20:55:00Z,10.0,1.0,both_options
2025-07-03T20:55:00Z,2025-07-03T21:55:00Z,10.0,1.0,both_options
2025-07-03T21:55:00Z,2025-07-03T22:55:00Z,10.0,1.0,both_options
2025-07-03T22:55:00Z,2025-07-03T23:55:00Z,10.0,1.0,both_options
2025-07-03T23:55:00Z,2025-07-04T00:55:00Z,10.0,1.0,both_options
2025-07-04T00:55:00Z,2025-07-04T01:55:00Z,10.0,1.0,both_options
2025-07-04T01:55:00Z,2025-07-04T02:55:00Z,10.0,1.0,both_options
2025-07-04T02:55:00Z,2025-07-04T03:55:00Z,10.0,1.0,both_options
2025-07-04T03:55:00Z,2025-07-04T04:55:00Z,10.0,1.0,both_options
2025-07-04T04:55:00Z,2025-07-04T05:55:00Z,10.0,1.0,both_options
2025-07-04T05:55:00Z,2025-07-04T06:55:00Z,10.0,1.0,both_options
2025-07-04T06:55:00Z,2025-07-04T07:55:00Z,10.0,1.0,both_options
2025-07-04T07:55:00Z,2025-07-04T08:55:00Z,10.0,1.0,both_options
2025-07-04T08:55:00Z,2025-07-04T09:55:00Z,10.0,1.0,both_options
2025-07-04T09:55:00Z,2025-07-04T10:55:00Z,10.0,1.0,both_options
2025-07-04T10:55:00Z,2025-07-04T11:53:00Z,10.0,0.9666666666666667,both_options
2025-07-04T11:53:00Z,2025-07-04T11:55:00Z,10.0,0.03333333333333333,both_options
2025-07-04T11:55:00Z,2025-07-04T12:55:00Z,10.0,1.0,both_options
2025-07-04T12:55:00Z,2025-07-04T13:05:00Z,10.0,0.16666666666666666,both_options
2025-07-04T13:05:00Z,2025-07-04T13:36:00Z,10.0,0.5166666666666667,both_options
2025-07-04T13:36:00Z,2025-07-04T13:48:00Z,10.0,0.2,both_options
2025-07-04T13:48:00Z,2025-07-04T13:55:00Z,10.0,0.11666666666666667,both_options
2025-07-04T13:55:00Z,2025-07-04T14:55:00Z,10.0,1.0,both_options
2025-07-04T14:55:00Z,2025-07-04T15:55:00Z,10.0,1.0,both_options
2025-07-04T15:55:00Z,2025-07-04T16:55:00Z,10.0,1.0,both_options
2025-07-04T16:55:00Z,2025-07-04T17:21:00Z,10.0,0.43333333333333335,both_options
2025-07-04T17:21:00Z,2025-07-04T17:55:00Z,10.0,0.5666666666666667,both_options
2025-07-04T17:55:00Z,2025-07-04T18:06:00Z,10.0,0.18333333333333332,both_options
2025-07-04T18:06:00Z,2025-07-04T18:33:00Z,10.0,0.45,both_options
2025-07-04T18:33:00Z,2025-07-04T18:42:00Z,10.0,0.15,both_options
2025-07-04T18:42:00Z,2025-07-04T18:55:00Z,10.0,0.21666666666666667,both_options
2025-07-04T18:55:00Z,2025-07-04T19:55:00Z,10.0,1.0,both_options
2025-07-04T19:55:00Z,2025-07-04T20:55:00Z,10.0,1.0,both_options
2025-07-04T20:55:00Z,2025-07-04T21:55:00Z,10.0,1.0,both_options
2025-07-04T21:55:00Z,2025-07-04T22:55:00Z,10.0,1.0,both_options
2025-07-04T22:55:00Z,2025-07-04T23:55:00Z,10.0,1.0,both_options
2025-07-04T23:55:00Z,2025-07-05T00:55:00Z,10.0,1.0,both_options
2025-07-05T00:55:00Z,2025-07-05T01:21:00Z,10.0,0.43333333333333335,both_options
2025-07-05T01:21:00Z,2025-07-05T01:55:00Z,10.0,0.5666666666666667,both_options
2025-07-05T01:55:00Z,2025-07-05T02:12:00Z,10.0,0.2833333333333333,both_options
2025-07-05T02:12:00Z,2025-07-05T02:55:00Z,10.0,0.7166666666666667,both_options
2025-07-05T02:55:00Z,2025-07-05T03:55:00Z,10.0,1.0,both_options
2025-07-05T03:55:00Z,2025-07-05T04:41:00Z,10.0,0.7666666666666667,both_options
2025-07-05T04:41:00Z,2025-07-05T04:52:00Z,10.0,0.18333333333333332,both_options
2025-07-05T04:52:00Z,2025-07-05T04:55:00Z,10.0,0.05,both_options
2025-07-05T04:55:00Z,2025-07-05T05:55:00Z,10.0,1.0,both_options
2025-07-05T05:55:00Z,2025-07-05T06:45:00Z,5.0,0.8333333333333334,both_options
2025-07-05T06:45:00Z,2025-07-05T06:53:00Z,8.0,0.13333333333333333,both_options
2025-07-05T06:53:00Z,2025-07-05T06:55:00Z,6.0,0.03333333333333333,both_options
2025-07-05T06:55:00Z,2025-07-05T07:55:00Z,6.0,1.0,both_options
2025-07-05T07:55:00Z,2025-07-05T08:20:00Z,6.0,0.4166666666666667,both_options
2025-07-05T08:20:00Z,2025-07-05T08:55:00Z,5.0,0.5833333333333334,both_options
2025-07-05T08:55:00Z,2025-07-05T09:55:00Z,9.0,1.0,both_options
2025-07-05T09:55:00Z,2025-07-05T10:55:00Z,6.0,1.0,both_options
2025-07-05T10:55:00Z,2025-07-05T11:55:00Z,7.0,1.0,both_options
2025-07-05T11:55:00Z,2025-07-05T12:55:00Z,7.0,1.0,both_options
2025-07-05T12:55:00Z,2025-07-05T13:06:00Z,7.0,0.18333333333333332,both_options
2025-07-05T13:06:00Z,2025-07-05T13:24:00Z,6.0,0.3,both_options
2025-07-05T13:24:00Z,2025-07-05T13:55:00Z,5.0,0.5166666666666667,both_options
2025-07-05T13:55:00Z,2025-07-05T14:36:00Z,6.0,0.6833333333333333,both_options
2025-07-05T14:36:00Z,2025-07-05T14:47:00Z,7.0,0.18333333333333332,both_options
2025-07-05T14:47:00Z,2025-07-05T14:55:00Z,7.0,0.13333333333333333,both_options
2025-07-05T14:55:00Z,2025-07-05T15:55:00Z,8.0,1.0,both_options
2025-07-05T15:55:00Z,2025-07-05T16:31:00Z,10.0,0.6,both_options
2025-07-05T16:31:00Z,2025-07-05T16:55:00Z,10.0,0.4,both_options
2025-07-05T16:55:00Z,2025-07-05T17:10:00Z,10.0,0.25,both_options
2025-07-05T17:10:00Z,2025-07-05T17:36:00Z,10.0,0.43333333333333335,both_options
2025-07-05T17:36:00Z,2025-07-05T17:55:00Z,10.0,0.31666666666666665,both_options
2025-07-05T17:55:00Z,2025-07-05T18:55:00Z,10.0,1.0,both_options
2025-07-05T18:55:00Z,2025-07-05T19:55:00Z,10.0,1.0,both_options
2025-07-05T19:55:00Z,2025-07-05T20:55:00Z,10.0,1.0,both_options
2025-07-05T20:55:00Z,2025-07-05T21:55:00Z,10.0,1.0,both_options
2025-07-05T21:55:00Z,2025-07-05T22:55:00Z,10.0,1.0,both_options
2025-07-05T22:55:00Z,2025-07-05T23:55:00Z,10.0,1.0,both_options
2025-07-05T23:55:00Z,2025-07-06T00:55:00Z,10.0,1.0,both_options
2025-07-06T00:55:00Z,2025-07-06T01:55:00Z,10.0,1.0,both_options
2025-07-06T01:55:00Z,2025-07-06T02:55:00Z,10.0,1.0,both_options
2025-07-06T02:55:00Z,2025-07-06T03:55:00Z,10.0,1.0,both_options
2025-07-06T03:55:00Z,2025-07-06T04:55:00Z,10.0,1.0,both_options
2025-07-06T04:55:00Z,2025-07-06T05:55:00Z,10.0,1.0,both_options
2025-07-06T05:55:00Z,2025-07-06T06:55:00Z,10.0,1.0,both_options
2025-07-06T06:55:00Z,2025-07-06T07:55:00Z,10.0,1.0,both_options
2025-07-06T07:55:00Z,2025-07-06T08:55:00Z,10.0,1.0,both_options
2025-07-06T08:55:00Z,2025-07-06T09:55:00Z,10.0,1.0,both_options
2025-07-06T09:55:00Z,2025-07-06T10:55:00Z,10.0,1.0,both_options
2025-07-06T10:55:00Z,2025-07-06T11:55:00Z,10.0,1.0,both_options
2025-07-06T11:55:00Z,2025-07-06T12:55:00Z,10.0,1.0,both_options
2025-07-06T12:55:00Z,2025-07-06T13:55:00Z,10.0,1.0,both_options
2025-07-06T13:55:00Z,2025-07-06T14:55:00Z,10.0,1.0,both_options
2025-07-06T14:55:00Z,2025-07-06T15:55:00Z,10.0,1.0,both_options
2025-07-06T15:55:00Z,2025-07-06T16:55:00Z,10.0,1.0,both_options
2025-07-06T16:55:00Z,2025-07-06T17:55:00Z,10.0,1.0,both_options
2025-07-06T17:55:00Z,2025-07-06T18:55:00Z,10.0,1.0,both_options
2025-07-06T18:55:00Z,2025-07-06T19:55:00Z,10.0,1.0,both_options
2025-07-06T19:55:00Z,2025-07-06T20:55:00Z,10.0,1.0,both_options
2025-07-06T20:55:00Z,2025-07-06T21:55:00Z,10.0,1.0,both_options
2025-07-06T21:55:00Z,2025-07-06T22:55:00Z,10.0,1.0,both_options
2025-07-06T22:55:00Z,2025-07-06T23:55:00Z,10.0,1.0,both_options
2025-07-06T23:55:00Z,2025-07-07T00:55:00Z,10.0,1.0,both_options
2025-07-07T00:55:00Z,2025-07-07T01:55:00Z,10.0,1.0,both_options
2025-07-07T01:55:00Z,2025-07-07T02:55:00Z,10.0,1.0,both_options
2025-07-07T02:55:00Z,2025-07-07T03:55:00Z,10.0,1.0,both_options
2025-07-07T03:55:00Z,2025-07-07T04:55:00Z,10.0,1.0,both_options
2025-07-07T04:55:00Z,2025-07-07T05:08:00Z,10.0,0.21666666666666667,both_options
2025-07-07T05:08:00Z,2025-07-07T05:55:00Z,10.0,0.7833333333333333,both_options
2025-07-07T05:55:00Z,2025-07-07T06:55:00Z,10.0,1.0,both_options
2025-07-07T06:55:00Z,2025-07-07T07:12:00Z,10.0,0.2833333333333333,both_options
2025-07-07T07:12:00Z,2025-07-07T07:38:00Z,10.0,0.43333333333333335,both_options
2025-07-07T07:38:00Z,2025-07-07T07:48:00Z,10.0,0.16666666666666666,both_options
2025-07-07T07:48:00Z,2025-07-07T07:55:00Z,10.0,0.11666666666666667,both_options
2025-07-07T07:55:00Z,2025-07-07T08:52:00Z,10.0,0.95,both_options
2025-07-07T08:52:00Z,2025-07-07T08:55:00Z,10.0,0.05,both_options
2025-07-07T08:55:00Z,2025-07-07T09:17:00Z,10.0,0.36666666666666664,both_options
2025-07-07T09:17:00Z,2025-07-07T09:55:00Z,10.0,0.6333333333333333,both_options
2025-07-07T09:55:00Z,2025-07-07T10:55:00Z,10.0,1.0,both_options
2025-07-07T10:55:00Z,2025-07-07T11:55:00Z,10.0,1.0,both_options
2025-07-07T11:55:00Z,2025-07-07T12:18:00Z,10.0,0.38333333333333336,both_options
2025-07-07T12:18:00Z,2025-07-07T12:46:00Z,10.0,0.4666666666666667,both_options
2025-07-07T12:46:00Z,2025-07-07T12:55:00Z,10.0,0.15,both_options
2025-07-07T12:55:00Z,2025-07-07T13:55:00Z,10.0,1.0,both_options
2025-07-07T13:55:00Z,2025-07-07T14:55:00Z,9.0,1.0,both_options
2025-07-07T14:55:00Z,2025-07-07T15:28:00Z,9.0,0.55,both_options
2025-07-07T15:28:00Z,2025-07-07T15:55:00Z,10.0,0.45,both_options
2025-07-07T15:55:00Z,2025-07-07T16:55:00Z,10.0,1.0,both_options
2025-07-07T16:55:00Z,2025-07-07T17:55:00Z,10.0,1.0,both_options
2025-07-07T17:55:00Z,2025-07-07T18:55:00Z,10.0,1.0,both_options
2025-07-07T18:55:00Z,2025-07-07T19:55:00Z,10.0,1.0,both_options
2025-07-07T19:55:00Z,2025-07-07T20:55:00Z,10.0,1.0,both_options
2025-07-07T20:55:00Z,2025-07-07T21:55:00Z,10.0,1.0,both_options
2025-07-07T21:55:00Z,2025-07-07T22:55:00Z,10.0,1.0,both_options
2025-07-07T22:55:00Z,2025-07-07T23:55:00Z,10.0,1.0,both_options
2025-07-07T23:55:00Z,2025-07-08T00:55:00Z,10.0,1.0,both_options
2025-07-08T00:55:00Z,2025-07-08T01:55:00Z,10.0,1.0,both_options
2025-07-08T01:55:00Z,2025-07-08T02:55:00Z,10.0,1.0,both_options
2025-07-08T02:55:00Z,2025-07-08T03:55:00Z,10.0,1.0,both_options
2025-07-08T03:55:00Z,2025-07-08T04:16:00Z,10.0,0.35,both_options
2025-07-08T04:16:00Z,2025-07-08T04:25:00Z,10.0,0.15,both_options
2025-07-08T04:25:00Z,2025-07-08T04:55:00Z,10.0,0.5,both_options
2025-07-08T04:55:00Z,2025-07-08T05:31:00Z,10.0,0.6,both_options
2025-07-08T05:31:00Z,2025-07-08T05:51:00Z,10.0,0.3333333333333333,both_options
2025-07-08T05:51:00Z,2025-07-08T05:55:00Z,10.0,0.06666666666666667,both_options
2025-07-08T05:55:00Z,2025-07-08T06:55:00Z,10.0,1.0,both_options
2025-07-08T06:55:00Z,2025-07-08T07:55:00Z,10.0,1.0,both_options
2025-07-08T07:55:00Z,2025-07-08T08:55:00Z,10.0,1.0,both_options
2025-07-08T08:55:00Z,2025-07-08T09:55:00Z,10.0,1.0,both_options
2025-07-08T09:55:00Z,2025-07-08T10:55:00Z,10.0,1.0,both_options
2025-07-08T10:55:00Z,2025-07-08T11:55:00Z,9.0,1.0,both_options
2025-07-08T11:55:00Z,2025-07-08T12:55:00Z,9.0,1.0,both_options
2025-07-08T12:55:00Z,2025-07-08T13:35:00Z,9.0,0.6666666666666666,both_options
2025-07-08T13:35:00Z,2025-07-08T13:55:00Z,10.0,0.3333333333333333,both_options
2025-07-08T13:55:00Z,2025-07-08T14:40:00Z,9.0,0.75,both_options
2025-07-08T14:40:00Z,2025-07-08T14:52:00Z,10.0,0.2,both_options
2025-07-08T14:52:00Z,2025-07-08T14:55:00Z,7.0,0.05,both_options
2025-07-08T14:55:00Z,2025-07-08T15:55:00Z,8.0,1.0,both_options
2025-07-08T15:55:00Z,2025-07-08T16:55:00Z,10.0,1.0,both_options
2025-07-08T16:55:00Z,2025-07-08T17:27:00Z,10.0,0.5333333333333333,both_options
2025-07-08T17:27:00Z,2025-07-08T17:55:00Z,10.0,0.4666666666666667,both_options
2025-07-08T17:55:00Z,2025-07-08T18:55:00Z,10.0,1.0,both_options
2025-07-08T18:55:00Z,2025-07-08T19:55:00Z,10.0,1.0,both_options
2025-07-08T19:55:00Z,2025-07-08T20:55:00Z,10.0,1.0,both_options
2025-07-08T20:55:00Z,2025-07-08T21:55:00Z,10.0,1.0,both_options
2025-07-08T21:55:00Z,2025-07-08T22:55:00Z,10.0,1.0,both_options
2025-07-08T22:55:00Z,2025-07-08T23:55:00Z,10.0,1.0,both_options
2025-07-08T23:55:00Z,2025-07-09T00:55:00Z,10.0,1.0,both_options
2025-07-09T00:55:00Z,2025-07-09T01:55:00Z,10.0,1.0,both_options
2025-07-09T01:55:00Z,2025-07-09T02:31:00Z,10.0,0.6,both_options
2025-07-09T02:31:00Z,2025-07-09T02:55:00Z,10.0,0.4,both_options
2025-07-09T02:55:00Z,2025-07-09T03:55:00Z,10.0,1.0,both_options
2025-07-09T03:55:00Z,2025-07-09T04:35:00Z,7.0,0.6666666666666666,both_options
2025-07-09T04:35:00Z,2025-07-09T04:55:00Z,4.0,0.3333333333333333,both_options
2025-07-09T04:55:00Z,2025-07-09T05:25:00Z,3.0,0.5,both_options
2025-07-09T05:25:00Z,2025-07-09T05:55:00Z,2.0,0.5,both_options
2025-07-09T05:55:00Z,2025-07-09T06:02:00Z,3.0,0.11666666666666667,both_options
2025-07-09T06:02:00Z,2025-07-09T06:29:00Z,1.75,0.45,both_options
2025-07-09T06:29:00Z,2025-07-09T06:35:00Z,2.5,0.1,both_options
2025-07-09T06:35:00Z,2025-07-09T06:50:00Z,5.0,0.25,both_options
2025-07-09T06:50:00Z,2025-07-09T06:55:00Z,3.0,0.08333333333333333,both_options
2025-07-09T06:55:00Z,2025-07-09T07:02:00Z,3.0,0.11666666666666667,both_options
2025-07-09T07:02:00Z,2025-07-09T07:13:00Z,2.5,0.18333333333333332,both_options
2025-07-09T07:13:00Z,2025-07-09T07:51:00Z,1.25,0.6333333333333333,both_options
2025-07-09T07:51:00Z,2025-07-09T07:55:00Z,2.0,0.06666666666666667,both_options
2025-07-09T07:55:00Z,2025-07-09T08:01:00Z,2.0,0.1,both_options
2025-07-09T08:01:00Z,2025-07-09T08:18:00Z,1.25,0.2833333333333333,both_options
2025-07-09T08:18:00Z,2025-07-09T08:21:00Z,2.0,0.05,both_options
2025-07-09T08:21:00Z,2025-07-09T08:29:00Z,3.0,0.13333333333333333,both_options
2025-07-09T08:29:00Z,2025-07-09T08:55:00Z,6.0,0.43333333333333335,both_options
2025-07-09T08:55:00Z,2025-07-09T09:55:00Z,4.0,1.0,both_options
2025-07-09T09:55:00Z,2025-07-09T10:24:00Z,10.0,0.48333333333333334,both_options
2025-07-09T10:24:00Z,2025-07-09T10:55:00Z,7.0,0.5166666666666667,both_options
2025-07-09T10:55:00Z,2025-07-09T11:02:00Z,5.0,0.11666666666666667,both_options
2025-07-09T11:02:00Z,2025-07-09T11:16:00Z,6.0,0.23333333333333334,both_options
2025-07-09T11:16:00Z,2025-07-09T11:35:00Z,1.75,0.31666666666666665,both_options
2025-07-09T11:35:00Z,2025-07-09T11:46:00Z,1.5,0.18333333333333332,both_options
2025-07-09T11:46:00Z,2025-07-09T11:55:00Z,3.0,0.15,both_options
2025-07-09T11:55:00Z,2025-07-09T12:31:00Z,10.0,0.6,both_options
2025-07-09T12:31:00Z,2025-07-09T12:42:00Z,2.5,0.18333333333333332,both_options
2025-07-09T12:42:00Z,2025-07-09T12:55:00Z,3.0,0.21666666666666667,both_options
2025-07-09T12:55:00Z,2025-07-09T13:55:00Z,7.0,1.0,both_options
2025-07-09T13:55:00Z,2025-07-09T14:19:00Z,10.0,0.4,both_options
2025-07-09T14:19:00Z,2025-07-09T14:31:00Z,10.0,0.2,both_options
2025-07-09T14:31:00Z,2025-07-09T14:55:00Z,10.0,0.4,both_options
2025-07-09T14:55:00Z,2025-07-09T15:55:00Z,7.0,1.0,both_options
2025-07-09T15:55:00Z,2025-07-09T16:09:00Z,2.5,0.23333333333333334,both_options
2025-07-09T16:09:00Z,2025-07-09T16:55:00Z,7.0,0.7666666666666667,both_options
2025-07-09T16:55:00Z,2025-07-09T17:23:00Z,3.0,0.4666666666666667,both_options
2025-07-09T17:23:00Z,2025-07-09T17:55:00Z,9.0,0.5333333333333333,both_options
2025-07-09T17:55:00Z,2025-07-09T18:55:00Z,10.0,1.0,both_options
2025-07-09T18:55:00Z,2025-07-09T19:05:00Z,2.0,0.16666666666666666,both_options
2025-07-09T19:05:00Z,2025-07-09T19:23:00Z,6.0,0.3,both_options
2025-07-09T19:23:00Z,2025-07-09T19:46:00Z,6.0,0.38333333333333336,both_options
2025-07-09T19:46:00Z,2025-07-09T19:49:00Z,8.0,0.05,both_options
2025-07-09T19:49:00Z,2025-07-09T19:55:00Z,9.0,0.1,both_options
2025-07-09T19:55:00Z,2025-07-09T20:10:00Z,7.0,0.25,both_options
2025-07-09T20:10:00Z,2025-07-09T20:55:00Z,7.0,0.75,both_options
2025-07-09T20:55:00Z,2025-07-09T21:03:00Z,2.5,0.13333333333333333,both_options
2025-07-09T21:03:00Z,2025-07-09T21:55:00Z,4.0,0.8666666666666667,both_options
2025-07-09T21:55:00Z,2025-07-09T22:14:00Z,3.0,0.31666666666666665,both_options
2025-07-09T22:14:00Z,2025-07-09T22:21:00Z,2.0,0.11666666666666667,both_options
2025-07-09T22:21:00Z,2025-07-09T22:28:00Z,1.5,0.11666666666666667,both_options
2025-07-09T22:28:00Z,2025-07-09T22:32:00Z,1.25,0.06666666666666667,both_options
2025-07-09T22:32:00Z,2025-07-09T22:35:00Z,1.5,0.05,both_options
2025-07-09T22:35:00Z,2025-07-09T22:47:00Z,2.0,0.2,both_options
2025-07-09T22:47:00Z,2025-07-09T22:55:00Z,3.0,0.13333333333333333,both_options
2025-07-09T22:55:00Z,2025-07-09T23:02:00Z,5.0,0.11666666666666667,both_options
2025-07-09T23:02:00Z,2025-07-09T23:55:00Z,4.0,0.8833333333333333,both_options
2025-07-09T23:55:00Z,2025-07-10T00:16:00Z,9.0,0.35,both_options
2025-07-10T00:16:00Z,2025-07-10T00:55:00Z,4.0,0.65,both_options
2025-07-10T00:55:00Z,2025-07-10T01:55:00Z,10.0,1.0,both_options
2025-07-10T01:55:00Z,2025-07-10T02:01:00Z,3.0,0.1,both_options
2025-07-10T02:01:00Z,2025-07-10T02:15:00Z,2.5,0.23333333333333334,both_options
2025-07-10T02:15:00Z,2025-07-10T02:23:00Z,2.5,0.13333333333333333,both_options
2025-07-10T02:23:00Z,2025-07-10T02:55:00Z,4.0,0.5333333333333333,both_options
2025-07-10T02:55:00Z,2025-07-10T03:32:00Z,9.0,0.6166666666666667,both_options
2025-07-10T03:32:00Z,2025-07-10T03:55:00Z,5.0,0.38333333333333336,both_options
2025-07-10T03:55:00Z,2025-07-10T04:12:00Z,4.0,0.2833333333333333,both_options
2025-07-10T04:12:00Z,2025-07-10T04:44:00Z,1.75,0.5333333333333333,both_options
2025-07-10T04:44:00Z,2025-07-10T04:55:00Z,1.25,0.18333333333333332,both_options
2025-07-10T04:55:00Z,2025-07-10T05:04:00Z,1.5,0.15,both_options
2025-07-10T05:04:00Z,2025-07-10T05:45:00Z,3.0,0.6833333333333333,both_options
2025-07-10T05:45:00Z,2025-07-10T05:55:00Z,9.0,0.16666666666666666,both_options
2025-07-10T05:55:00Z,2025-07-10T06:30:00Z,10.0,0.5833333333333334,both_options
2025-07-10T06:30:00Z,2025-07-10T06:55:00Z,10.0,0.4166666666666667,both_options
2025-07-10T06:55:00Z,2025-07-10T07:32:00Z,10.0,0.6166666666666667,both_options
2025-07-10T07:32:00Z,2025-07-10T07:55:00Z,10.0,0.38333333333333336,both_options
2025-07-10T07:55:00Z,2025-07-10T08:05:00Z,10.0,0.16666666666666666,both_options
2025-07-10T08:05:00Z,2025-07-10T08:55:00Z,10.0,0.8333333333333334,both_options
2025-07-10T08:55:00Z,2025-07-10T09:55:00Z,8.0,1.0,both_options
2025-07-10T09:55:00Z,2025-07-10T10:55:00Z,10.0,1.0,both_options
2025-07-10T10:55:00Z,2025-07-10T11:55:00Z,10.0,1.0,both_options
2025-07-10T11:55:00Z,2025-07-10T12:55:00Z,10.0,1.0,both_options
2025-07-10T12:55:00Z,2025-07-10T13:55:00Z,10.0,1.0,both_options
2025-07-10T13:55:00Z,2025-07-10T14:55:00Z,9.0,1.0,both_options
2025-07-10T14:55:00Z,2025-07-10T15:55:00Z,9.0,1.0,both_options
2025-07-10T15:55:00Z,2025-07-10T16:55:00Z,10.0,1.0,both_options
2025-07-10T16:55:00Z,2025-07-10T17:55:00Z,10.0,1.0,both_options
2025-07-10T17:55:00Z,2025-07-10T18:55:00Z,10.0,1.0,both_options
2025-07-10T18:55:00Z,2025-07-10T19:55:00Z,10.0,1.0,both_options
2025-07-10T19:55:00Z,2025-07-10T20:55:00Z,10.0,1.0,both_options
2025-07-10T20:55:00Z,2025-07-10T21:55:00Z,10.0,1.0,both_options
2025-07-10T21:55:00Z,2025-07-10T22:10:00Z,10.0,0.25,both_options
2025-07-10T22:10:00Z,2025-07-10T22:55:00Z,10.0,0.75,both_options
2025-07-10T22:55:00Z,2025-07-10T23:55:00Z,10.0,1.0,both_options
2025-07-10T23:55:00Z,2025-07-11T00:31:00Z,10.0,0.6,both_options
2025-07-11T00:31:00Z,2025-07-11T00:55:00Z,10.0,0.4,both_options
2025-07-11T00:55:00Z,2025-07-11T01:55:00Z,10.0,1.0,both_options
2025-07-11T01:55:00Z,2025-07-11T02:55:00Z,10.0,1.0,both_options
2025-07-11T02:55:00Z,2025-07-11T03:55:00Z,10.0,1.0,both_options
2025-07-11T03:55:00Z,2025-07-11T04:55:00Z,10.0,1.0,both_options
2025-07-11T04:55:00Z,2025-07-11T05:05:00Z,10.0,0.16666666666666666,both_options
2025-07-11T05:05:00Z,2025-07-11T05:16:00Z,10.0,0.18333333333333332,both_options
2025-07-11T05:16:00Z,2025-07-11T05:53:00Z,10.0,0.6166666666666667,both_options
2025-07-11T05:53:00Z,2025-07-11T05:55:00Z,10.0,0.03333333333333333,both_options
2025-07-11T05:55:00Z,2025-07-11T06:40:00Z,10.0,0.75,both_options
2025-07-11T06:40:00Z,2025-07-11T06:46:00Z,1.75,0.1,both_options
2025-07-11T06:46:00Z,2025-07-11T06:55:00Z,0.75,0.15,lower_only
2025-07-11T06:55:00Z,2025-07-11T07:20:00Z,0.75,0.4166666666666667,lower_only
2025-07-11T07:20:00Z,2025-07-11T07:39:00Z,1.0,0.31666666666666665,both_options
2025-07-11T07:39:00Z,2025-07-11T07:55:00Z,0.75,0.26666666666666666,lower_only
2025-07-11T07:55:00Z,2025-07-11T08:44:00Z,0.75,0.8166666666666667,lower_only
2025-07-11T08:44:00Z,2025-07-11T08:47:00Z,1.25,0.05,both_options
2025-07-11T08:47:00Z,2025-07-11T08:55:00Z,2.0,0.13333333333333333,both_options
2025-07-11T08:55:00Z,2025-07-11T09:24:00Z,7.0,0.48333333333333334,both_options
2025-07-11T09:24:00Z,2025-07-11T09:29:00Z,1.75,0.08333333333333333,both_options
2025-07-11T09:29:00Z,2025-07-11T09:55:00Z,0.75,0.43333333333333335,lower_only
2025-07-11T09:55:00Z,2025-07-11T10:55:00Z,0.5,1.0,neither_option
2025-07-11T10:55:00Z,2025-07-11T11:10:00Z,0.5,0.25,neither_option
2025-07-11T11:10:00Z,2025-07-11T11:55:00Z,0.25,0.75,neither_option
2025-07-11T11:55:00Z,2025-07-11T12:46:00Z,0.25,0.85,neither_option
2025-07-11T12:46:00Z,2025-07-11T12:55:00Z,0.5,0.15,neither_option
2025-07-11T12:55:00Z,2025-07-11T13:02:00Z,0.5,0.11666666666666667,neither_option
2025-07-11T13:02:00Z,2025-07-11T13:27:00Z,0.25,0.4166666666666667,neither_option
2025-07-11T13:27:00Z,2025-07-11T13:39:00Z,0.25,0.2,neither_option
2025-07-11T13:39:00Z,2025-07-11T13:55:00Z,0.25,0.26666666666666666,neither_option
2025-07-11T13:55:00Z,2025-07-11T14:51:00Z,0.25,0.9333333333333333,neither_option
2025-07-11T14:51:00Z,2025-07-11T14:55:00Z,0.5,0.06666666666666667,neither_option
2025-07-11T14:55:00Z,2025-07-11T15:09:00Z,0.5,0.23333333333333334,neither_option
2025-07-11T15:09:00Z,2025-07-11T15:19:00Z,1.5,0.16666666666666666,both_options
2025-07-11T15:19:00Z,2025-07-11T15:37:00Z,1.25,0.3,both_options
2025-07-11T15:37:00Z,2025-07-11T15:46:00Z,2.0,0.15,both_options
2025-07-11T15:46:00Z,2025-07-11T15:55:00Z,6.0,0.15,both_options
2025-07-11T15:55:00Z,2025-07-11T16:45:00Z,8.0,0.8333333333333334,both_options
2025-07-11T16:45:00Z,2025-07-11T16:55:00Z,10.0,0.16666666666666666,both_options
2025-07-11T16:55:00Z,2025-07-11T17:35:00Z,10.0,0.6666666666666666,both_options
2025-07-11T17:35:00Z,2025-07-11T17:55:00Z,10.0,0.3333333333333333,both_options
2025-07-11T17:55:00Z,2025-07-11T18:55:00Z,10.0,1.0,both_options
2025-07-11T18:55:00Z,2025-07-11T19:55:00Z,10.0,1.0,both_options
2025-07-11T19:55:00Z,2025-07-11T20:55:00Z,10.0,1.0,both_options
2025-07-11T20:55:00Z,2025-07-11T21:55:00Z,10.0,1.0,both_options
2025-07-11T21:55:00Z,2025-07-11T22:55:00Z,10.0,1.0,both_options
2025-07-11T22:55:00Z,2025-07-11T23:55:00Z,10.0,1.0,both_options
2025-07-11T23:55:00Z,2025-07-12T00:55:00Z,10.0,1.0,both_options
2025-07-12T00:55:00Z,2025-07-12T01:55:00Z,10.0,1.0,both_options
2025-07-12T01:55:00Z,2025-07-12T02:55:00Z,10.0,1.0,both_options
2025-07-12T02:55:00Z,2025-07-12T03:55:00Z,10.0,1.0,both_options
2025-07-12T03:55:00Z,2025-07-12T04:55:00Z,10.0,1.0,both_options
2025-07-12T04:55:00Z,2025-07-12T05:05:00Z,10.0,0.16666666666666666,both_options
2025-07-12T05:05:00Z,2025-07-12T05:55:00Z,10.0,0.8333333333333334,both_options
2025-07-12T05:55:00Z,2025-07-12T06:55:00Z,10.0,1.0,both_options
2025-07-12T06:55:00Z,2025-07-12T07:23:00Z,10.0,0.4666666666666667,both_options
2025-07-12T07:23:00Z,2025-07-12T07:44:00Z,10.0,0.35,both_options
2025-07-12T07:44:00Z,2025-07-12T07:55:00Z,10.0,0.18333333333333332,both_options
2025-07-12T07:55:00Z,2025-07-12T08:06:00Z,10.0,0.18333333333333332,both_options
2025-07-12T08:06:00Z,2025-07-12T08:55:00Z,10.0,0.8166666666666667,both_options
2025-07-12T08:55:00Z,2025-07-12T09:55:00Z,5.0,1.0,both_options
2025-07-12T09:55:00Z,2025-07-12T10:26:00Z,10.0,0.5166666666666667,both_options
2025-07-12T10:26:00Z,2025-07-12T10:36:00Z,1.75,0.16666666666666666,both_options
2025-07-12T10:36:00Z,2025-07-12T10:45:00Z,2.0,0.15,both_options
2025-07-12T10:45:00Z,2025-07-12T10:55:00Z,1.5,0.16666666666666666,both_options
2025-07-12T10:55:00Z,2025-07-12T11:02:00Z,2.0,0.11666666666666667,both_options
2025-07-12T11:02:00Z,2025-07-12T11:10:00Z,1.5,0.13333333333333333,both_options
2025-07-12T11:10:00Z,2025-07-12T11:43:00Z,1.0,0.55,both_options
2025-07-12T11:43:00Z,2025-07-12T11:55:00Z,0.75,0.2,lower_only
2025-07-12T11:55:00Z,2025-07-12T12:19:00Z,0.75,0.4,lower_only
2025-07-12T12:19:00Z,2025-07-12T12:55:00Z,1.5,0.6,both_options
2025-07-12T12:55:00Z,2025-07-12T13:10:00Z,1.25,0.25,both_options
2025-07-12T13:10:00Z,2025-07-12T13:20:00Z,0.5,0.16666666666666666,neither_option
2025-07-12T13:20:00Z,2025-07-12T13:55:00Z,0.25,0.5833333333333334,neither_option
2025-07-12T13:55:00Z,2025-07-12T14:19:00Z,0.25,0.4,neither_option
2025-07-12T14:19:00Z,2025-07-12T14:55:00Z,0.5,0.6,neither_option
2025-07-12T14:55:00Z,2025-07-12T15:02:00Z,0.75,0.11666666666666667,lower_only
2025-07-12T15:02:00Z,2025-07-12T15:16:00Z,1.0,0.23333333333333334,both_options
2025-07-12T15:16:00Z,2025-07-12T15:34:00Z,2.0,0.3,both_options
2025-07-12T15:34:00Z,2025-07-12T15:55:00Z,7.0,0.35,both_options
2025-07-12T15:55:00Z,2025-07-12T16:55:00Z,10.0,1.0,both_options
2025-07-12T16:55:00Z,2025-07-12T17:09:00Z,10.0,0.23333333333333334,both_options
2025-07-12T17:09:00Z,2025-07-12T17:55:00Z,10.0,0.7666666666666667,both_options
2025-07-12T17:55:00Z,2025-07-12T18:55:00Z,10.0,1.0,both_options
2025-07-12T18:55:00Z,2025-07-12T19:55:00Z,10.0,1.0,both_options
2025-07-12T19:55:00Z,2025-07-12T20:55:00Z,10.0,1.0,both_options
2025-07-12T20:55:00Z,2025-07-12T21:55:00Z,10.0,1.0,both_options
2025-07-12T21:55:00Z,2025-07-12T22:55:00Z,10.0,1.0,both_options
2025-07-12T22:55:00Z,2025-07-12T23:55:00Z,10.0,1.0,both_options
2025-07-12T23:55:00Z,2025-07-13T00:55:00Z,10.0,1.0,both_options
2025-07-13T00:55:00Z,2025-07-13T01:26:00Z,10.0,0.5166666666666667,both_options
2025-07-13T01:26:00Z,2025-07-13T01:55:00Z,10.0,0.48333333333333334,both_options
2025-07-13T01:55:00Z,2025-07-13T02:55:00Z,10.0,1.0,both_options
2025-07-13T02:55:00Z,2025-07-13T03:39:00Z,10.0,0.7333333333333333,both_options
2025-07-13T03:39:00Z,2025-07-13T03:55:00Z,9.0,0.26666666666666666,both_options
2025-07-13T03:55:00Z,2025-07-13T04:55:00Z,8.0,1.0,both_options
2025-07-13T04:55:00Z,2025-07-13T05:08:00Z,10.0,0.21666666666666667,both_options
2025-07-13T05:08:00Z,2025-07-13T05:34:00Z,10.0,0.43333333333333335,both_options
2025-07-13T05:34:00Z,2025-07-13T05:55:00Z,10.0,0.35,both_options
2025-07-13T05:55:00Z,2025-07-13T06:08:00Z,10.0,0.21666666666666667,both_options
2025-07-13T06:08:00Z,2025-07-13T06:55:00Z,10.0,0.7833333333333333,both_options
2025-07-13T06:55:00Z,2025-07-13T07:03:00Z,9.0,0.13333333333333333,both_options
2025-07-13T07:03:00Z,2025-07-13T07:55:00Z,8.0,0.8666666666666667,both_options
2025-07-13T07:55:00Z,2025-07-13T08:27:00Z,8.0,0.5333333333333333,both_options
2025-07-13T08:27:00Z,2025-07-13T08:55:00Z,10.0,0.4666666666666667,both_options
2025-07-13T08:55:00Z,2025-07-13T09:55:00Z,10.0,1.0,both_options
2025-07-13T09:55:00Z,2025-07-13T10:55:00Z,10.0,1.0,both_options
2025-07-13T10:55:00Z,2025-07-13T11:07:00Z,10.0,0.2,both_options
2025-07-13T11:07:00Z,2025-07-13T11:55:00Z,10.0,0.8,both_options
2025-07-13T11:55:00Z,2025-07-13T12:55:00Z,10.0,1.0,both_options
2025-07-13T12:55:00Z,2025-07-13T13:55:00Z,6.0,1.0,both_options
2025-07-13T13:55:00Z,2025-07-13T14:55:00Z,7.0,1.0,both_options
2025-07-13T14:55:00Z,2025-07-13T15:55:00Z,7.0,1.0,both_options
2025-07-13T15:55:00Z,2025-07-13T16:10:00Z,9.0,0.25,both_options
2025-07-13T16:10:00Z,2025-07-13T16:55:00Z,10.0,0.75,both_options
2025-07-13T16:55:00Z,2025-07-13T17:55:00Z,10.0,1.0,both_options
2025-07-13T17:55:00Z,2025-07-13T18:55:00Z,10.0,1.0,both_options
2025-07-13T18:55:00Z,2025-07-13T19:55:00Z,10.0,1.0,both_options
2025-07-13T19:55:00Z,2025-07-13T20:55:00Z,10.0,1.0,both_options
2025-07-13T20:55:00Z,2025-07-13T21:55:00Z,10.0,1.0,both_options
2025-07-13T21:55:00Z,2025-07-13T22:55:00Z,10.0,1.0,both_options
2025-07-13T22:55:00Z,2025-07-13T23:55:00Z,10.0,1.0,both_options
2025-07-13T23:55:00Z,2025-07-14T00:55:00Z,10.0,1.0,both_options
2025-07-14T00:55:00Z,2025-07-14T01:55:00Z,10.0,1.0,both_options
2025-07-14T01:55:00Z,2025-07-14T02:55:00Z,10.0,1.0,both_options
2025-07-14T02:55:00Z,2025-07-14T03:55:00Z,10.0,1.0,both_options
2025-07-14T03:55:00Z,2025-07-14T04:09:00Z,10.0,0.23333333333333334,both_options
2025-07-14T04:09:00Z,2025-07-14T04:55:00Z,10.0,0.7666666666666667,both_options
2025-07-14T04:55:00Z,2025-07-14T05:55:00Z,10.0,1.0,both_options
2025-07-14T05:55:00Z,2025-07-14T06:10:00Z,10.0,0.25,both_options
2025-07-14T06:10:00Z,2025-07-14T06:30:00Z,10.0,0.3333333333333333,both_options
2025-07-14T06:30:00Z,2025-07-14T06:55:00Z,10.0,0.4166666666666667,both_options
2025-07-14T06:55:00Z,2025-07-14T07:17:00Z,10.0,0.36666666666666664,both_options
2025-07-14T07:17:00Z,2025-07-14T07:37:00Z,10.0,0.3333333333333333,both_options
2025-07-14T07:37:00Z,2025-07-14T07:55:00Z,10.0,0.3,both_options
2025-07-14T07:55:00Z,2025-07-14T08:09:00Z,10.0,0.23333333333333334,both_options
2025-07-14T08:09:00Z,2025-07-14T08:38:00Z,10.0,0.48333333333333334,both_options
2025-07-14T08:38:00Z,2025-07-14T08:55:00Z,10.0,0.2833333333333333,both_options
2025-07-14T08:55:00Z,2025-07-14T09:55:00Z,10.0,1.0,both_options
2025-07-14T09:55:00Z,2025-07-14T10:55:00Z,10.0,1.0,both_options
2025-07-14T10:55:00Z,2025-07-14T11:55:00Z,8.0,1.0,both_options
2025-07-14T11:55:00Z,2025-07-14T12:55:00Z,8.0,1.0,both_options
2025-07-14T12:55:00Z,2025-07-14T13:55:00Z,10.0,1.0,both_options
2025-07-14T13:55:00Z,2025-07-14T14:55:00Z,10.0,1.0,both_options
2025-07-14T14:55:00Z,2025-07-14T15:55:00Z,10.0,1.0,both_options
2025-07-14T15:55:00Z,2025-07-14T16:39:00Z,10.0,0.7333333333333333,both_options
2025-07-14T16:39:00Z,2025-07-14T16:55:00Z,10.0,0.26666666666666666,both_options
2025-07-14T16:55:00Z,2025-07-14T17:55:00Z,10.0,1.0,both_options
2025-07-14T17:55:00Z,2025-07-14T18:55:00Z,10.0,1.0,both_options
2025-07-14T18:55:00Z,2025-07-14T19:55:00Z,10.0,1.0,both_options
2025-07-14T19:55:00Z,2025-07-14T20:36:00Z,8.0,0.6833333333333333,both_options
2025-07-14T20:36:00Z,2025-07-14T20:55:00Z,10.0,0.31666666666666665,both_options
2025-07-14T20:55:00Z,2025-07-14T21:55:00Z,10.0,1.0,both_options
2025-07-14T21:55:00Z,2025-07-14T22:55:00Z,10.0,1.0,both_options
2025-07-14T22:55:00Z,2025-07-14T23:55:00Z,10.0,1.0,both_options
2025-07-14T23:55:00Z,2025-07-15T00:55:00Z,10.0,1.0,both_options
2025-07-15T00:55:00Z,2025-07-15T01:55:00Z,10.0,1.0,both_options
2025-07-15T01:55:00Z,2025-07-15T02:55:00Z,10.0,1.0,both_options
2025-07-15T02:55:00Z,2025-07-15T03:55:00Z,10.0,1.0,both_options
2025-07-15T03:55:00Z,2025-07-15T04:55:00Z,8.0,1.0,both_options
2025-07-15T04:55:00Z,2025-07-15T05:55:00Z,9.0,1.0,both_options
2025-07-15T05:55:00Z,2025-07-15T06:55:00Z,10.0,1.0,both_options
2025-07-15T06:55:00Z,2025-07-15T07:55:00Z,10.0,1.0,both_options
2025-07-15T07:55:00Z,2025-07-15T08:39:00Z,10.0,0.7333333333333333,both_options
2025-07-15T08:39:00Z,2025-07-15T08:55:00Z,10.0,0.26666666666666666,both_options
2025-07-15T08:55:00Z,2025-07-15T09:55:00Z,10.0,1.0,both_options
2025-07-15T09:55:00Z,2025-07-15T10:55:00Z,10.0,1.0,both_options
2025-07-15T10:55:00Z,2025-07-15T11:52:00Z,10.0,0.95,both_options
2025-07-15T11:52:00Z,2025-07-15T11:55:00Z,9.0,0.05,both_options
2025-07-15T11:55:00Z,2025-07-15T12:21:00Z,9.0,0.43333333333333335,both_options
2025-07-15T12:21:00Z,2025-07-15T12:32:00Z,9.0,0.18333333333333332,both_options
2025-07-15T12:32:00Z,2025-07-15T12:55:00Z,9.0,0.38333333333333336,both_options
2025-07-15T12:55:00Z,2025-07-15T13:55:00Z,7.0,1.0,both_options
2025-07-15T13:55:00Z,2025-07-15T14:55:00Z,4.0,1.0,both_options
2025-07-15T14:55:00Z,2025-07-15T15:55:00Z,5.0,1.0,both_options
2025-07-15T15:55:00Z,2025-07-15T16:53:00Z,8.0,0.9666666666666667,both_options
2025-07-15T16:53:00Z,2025-07-15T16:55:00Z,7.0,0.03333333333333333,both_options
2025-07-15T16:55:00Z,2025-07-15T17:55:00Z,7.0,1.0,both_options
2025-07-15T17:55:00Z,2025-07-15T18:55:00Z,9.0,1.0,both_options
2025-07-15T18:55:00Z,2025-07-15T19:55:00Z,9.0,1.0,both_options
2025-07-15T19:55:00Z,2025-07-15T20:55:00Z,10.0,1.0,both_options
2025-07-15T20:55:00Z,2025-07-15T21:55:00Z,10.0,1.0,both_options
2025-07-15T21:55:00Z,2025-07-15T22:55:00Z,10.0,1.0,both_options
2025-07-15T22:55:00Z,2025-07-15T23:55:00Z,10.0,1.0,both_options
2025-07-15T23:55:00Z,2025-07-16T00:55:00Z,10.0,1.0,both_options
2025-07-16T00:55:00Z,2025-07-16T01:55:00Z,10.0,1.0,both_options
2025-07-16T01:55:00Z,2025-07-16T02:55:00Z,10.0,1.0,both_options
2025-07-16T02:55:00Z,2025-07-16T03:55:00Z,10.0,1.0,both_options
2025-07-16T03:55:00Z,2025-07-16T04:55:00Z,10.0,1.0,both_options
2025-07-16T04:55:00Z,2025-07-16T05:55:00Z,10.0,1.0,both_options
2025-07-16T05:55:00Z,2025-07-16T06:55:00Z,9.0,1.0,both_options
2025-07-16T06:55:00Z,2025-07-16T07:55:00Z,8.0,1.0,both_options
2025-07-16T07:55:00Z,2025-07-16T08:55:00Z,10.0,1.0,both_options
2025-07-16T08:55:00Z,2025-07-16T09:55:00Z,9.0,1.0,both_options
2025-07-16T09:55:00Z,2025-07-16T10:55:00Z,10.0,1.0,both_options
2025-07-16T10:55:00Z,2025-07-16T11:55:00Z,9.0,1.0,both_options
2025-07-16T11:55:00Z,2025-07-16T12:55:00Z,9.0,1.0,both_options
2025-07-16T12:55:00Z,2025-07-16T13:44:00Z,8.0,0.8166666666666667,both_options
2025-07-16T13:44:00Z,2025-07-16T13:53:00Z,6.0,0.15,both_options
2025-07-16T13:53:00Z,2025-07-16T13:55:00Z,8.0,0.03333333333333333,both_options
2025-07-16T13:55:00Z,2025-07-16T14:04:00Z,8.0,0.15,both_options
2025-07-16T14:04:00Z,2025-07-16T14:55:00Z,7.0,0.85,both_options
2025-07-16T14:55:00Z,2025-07-16T15:55:00Z,10.0,1.0,both_options
2025-07-16T15:55:00Z,2025-07-16T16:55:00Z,10.0,1.0,both_options
2025-07-16T16:55:00Z,2025-07-16T17:55:00Z,10.0,1.0,both_options
2025-07-16T17:55:00Z,2025-07-16T18:55:00Z,10.0,1.0,both_options
2025-07-16T18:55:00Z,2025-07-16T19:55:00Z,10.0,1.0,both_options
2025-07-16T19:55:00Z,2025-07-16T20:55:00Z,10.0,1.0,both_options
2025-07-16T20:55:00Z,2025-07-16T21:55:00Z,10.0,1.0,both_options
2025-07-16T21:55:00Z,2025-07-16T22:55:00Z,10.0,1.0,both_options
2025-07-16T22:55:00Z,2025-07-16T23:55:00Z,10.0,1.0,both_options
2025-07-16T23:55:00Z,2025-07-17T00:55:00Z,9.0,1.0,both_options
2025-07-17T00:55:00Z,2025-07-17T01:55:00Z,8.0,1.0,both_options
2025-07-17T01:55:00Z,2025-07-17T02:55:00Z,7.0,1.0,both_options
2025-07-17T02:55:00Z,2025-07-17T03:40:00Z,7.0,0.75,both_options
2025-07-17T03:40:00Z,2025-07-17T03:55:00Z,6.0,0.25,both_options
2025-07-17T03:55:00Z,2025-07-17T04:55:00Z,6.0,1.0,both_options
2025-07-17T04:55:00Z,2025-07-17T05:55:00Z,7.0,1.0,both_options
2025-07-17T05:55:00Z,2025-07-17T06:55:00Z,6.0,1.0,both_options
2025-07-17T06:55:00Z,2025-07-17T07:55:00Z,7.0,1.0,both_options
2025-07-17T07:55:00Z,2025-07-17T08:55:00Z,8.0,1.0,both_options
2025-07-17T08:55:00Z,2025-07-17T09:55:00Z,8.0,1.0,both_options
2025-07-17T09:55:00Z,2025-07-17T10:55:00Z,8.0,1.0,both_options
2025-07-17T10:55:00Z,2025-07-17T11:55:00Z,7.0,1.0,both_options
2025-07-17T11:55:00Z,2025-07-17T12:55:00Z,7.0,1.0,both_options
2025-07-17T12:55:00Z,2025-07-17T13:55:00Z,8.0,1.0,both_options
2025-07-17T13:55:00Z,2025-07-17T14:16:00Z,6.0,0.35,both_options
2025-07-17T14:16:00Z,2025-07-17T14:55:00Z,7.0,0.65,both_options
2025-07-17T14:55:00Z,2025-07-17T15:55:00Z,7.0,1.0,both_options
2025-07-17T15:55:00Z,2025-07-17T16:55:00Z,9.0,1.0,both_options
2025-07-17T16:55:00Z,2025-07-17T17:55:00Z,10.0,1.0,both_options
2025-07-17T17:55:00Z,2025-07-17T18:55:00Z,10.0,1.0,both_options
2025-07-17T18:55:00Z,2025-07-17T19:55:00Z,10.0,1.0,both_options
2025-07-17T19:55:00Z,2025-07-17T20:02:00Z,10.0,0.11666666666666667,both_options
2025-07-17T20:02:00Z,2025-07-17T20:55:00Z,10.0,0.8833333333333333,both_options
2025-07-17T20:55:00Z,2025-07-17T21:55:00Z,10.0,1.0,both_options
2025-07-17T21:55:00Z,2025-07-17T22:55:00Z,10.0,1.0,both_options
2025-07-17T22:55:00Z,2025-07-17T23:55:00Z,10.0,1.0,both_options
2025-07-17T23:55:00Z,2025-07-18T00:55:00Z,10.0,1.0,both_options
2025-07-18T00:55:00Z,2025-07-18T01:55:00Z,10.0,1.0,both_options
2025-07-18T01:55:00Z,2025-07-18T02:55:00Z,10.0,1.0,both_options
2025-07-18T02:55:00Z,2025-07-18T03:55:00Z,10.0,1.0,both_options
2025-07-18T03:55:00Z,2025-07-18T04:55:00Z,8.0,1.0,both_options
2025-07-18T04:55:00Z,2025-07-18T05:33:00Z,8.0,0.6333333333333333,both_options
2025-07-18T05:33:00Z,2025-07-18T05:42:00Z,7.0,0.15,both_options
2025-07-18T05:42:00Z,2025-07-18T05:55:00Z,7.0,0.21666666666666667,both_options
2025-07-18T05:55:00Z,2025-07-18T06:55:00Z,7.0,1.0,both_options
2025-07-18T06:55:00Z,2025-07-18T07:55:00Z,9.0,1.0,both_options
2025-07-18T07:55:00Z,2025-07-18T08:55:00Z,7.0,1.0,both_options
2025-07-18T08:55:00Z,2025-07-18T09:41:00Z,7.0,0.7666666666666667,both_options
2025-07-18T09:41:00Z,2025-07-18T09:49:00Z,2.5,0.13333333333333333,both_options
2025-07-18T09:49:00Z,2025-07-18T09:55:00Z,3.0,0.1,both_options
2025-07-18T09:55:00Z,2025-07-18T10:12:00Z,3.0,0.2833333333333333,both_options
2025-07-18T10:12:00Z,2025-07-18T10:55:00Z,3.0,0.7166666666666667,both_options
2025-07-18T10:55:00Z,2025-07-18T11:55:00Z,4.0,1.0,both_options
2025-07-18T11:55:00Z,2025-07-18T12:48:00Z,8.0,0.8833333333333333,both_options
2025-07-18T12:48:00Z,2025-07-18T12:55:00Z,7.0,0.11666666666666667,both_options
2025-07-18T12:55:00Z,2025-07-18T13:14:00Z,6.0,0.31666666666666665,both_options
2025-07-18T13:14:00Z,2025-07-18T13:51:00Z,6.0,0.6166666666666667,both_options
2025-07-18T13:51:00Z,2025-07-18T13:55:00Z,3.0,0.06666666666666667,both_options
2025-07-18T13:55:00Z,2025-07-18T14:14:00Z,4.0,0.31666666666666665,both_options
2025-07-18T14:14:00Z,2025-07-18T14:55:00Z,5.0,0.6833333333333333,both_options
2025-07-18T14:55:00Z,2025-07-18T15:01:00Z,4.0,0.1,both_options
2025-07-18T15:01:00Z,2025-07-18T15:38:00Z,6.0,0.6166666666666667,both_options
2025-07-18T15:38:00Z,2025-07-18T15:55:00Z,6.0,0.2833333333333333,both_options
2025-07-18T15:55:00Z,2025-07-18T16:17:00Z,4.0,0.36666666666666664,both_options
2025-07-18T16:17:00Z,2025-07-18T16:55:00Z,9.0,0.6333333333333333,both_options
2025-07-18T16:55:00Z,2025-07-18T17:11:00Z,9.0,0.26666666666666666,both_options
2025-07-18T17:11:00Z,2025-07-18T17:34:00Z,6.0,0.38333333333333336,both_options
2025-07-18T17:34:00Z,2025-07-18T17:46:00Z,5.0,0.2,both_options
2025-07-18T17:46:00Z,2025-07-18T17:53:00Z,3.0,0.11666666666666667,both_options
2025-07-18T17:53:00Z,2025-07-18T17:55:00Z,4.0,0.03333333333333333,both_options
2025-07-18T17:55:00Z,2025-07-18T18:21:00Z,4.0,0.43333333333333335,both_options
2025-07-18T18:21:00Z,2025-07-18T18:40:00Z,9.0,0.31666666666666665,both_options
2025-07-18T18:40:00Z,2025-07-18T18:55:00Z,10.0,0.25,both_options
2025-07-18T18:55:00Z,2025-07-18T19:55:00Z,10.0,1.0,both_options
2025-07-18T19:55:00Z,2025-07-18T20:53:00Z,10.0,0.9666666666666667,both_options
2025-07-18T20:53:00Z,2025-07-18T20:55:00Z,3.0,0.03333333333333333,both_options
2025-07-18T20:55:00Z,2025-07-18T21:00:00Z,3.0,0.08333333333333333,both_options
2025-07-18T21:00:00Z,2025-07-18T21:10:00Z,2.5,0.16666666666666666,both_options
2025-07-18T21:10:00Z,2025-07-18T21:45:00Z,4.0,0.5833333333333334,both_options
2025-07-18T21:45:00Z,2025-07-18T21:55:00Z,10.0,0.16666666666666666,both_options
2025-07-18T21:55:00Z,2025-07-18T22:43:00Z,9.0,0.8,both_options
2025-07-18T22:43:00Z,2025-07-18T22:55:00Z,10.0,0.2,both_options
2025-07-18T22:55:00Z,2025-07-18T23:46:00Z,10.0,0.85,both_options
2025-07-18T23:46:00Z,2025-07-18T23:55:00Z,7.0,0.15,both_options
2025-07-18T23:55:00Z,2025-07-19T00:10:00Z,4.0,0.25,both_options
2025-07-19T00:10:00Z,2025-07-19T00:25:00Z,2.5,0.25,both_options
2025-07-19T00:25:00Z,2025-07-19T00:40:00Z,5.0,0.25,both_options
2025-07-19T00:40:00Z,2025-07-19T00:55:00Z,8.0,0.25,both_options
2025-07-19T00:55:00Z,2025-07-19T01:36:00Z,10.0,0.6833333333333333,both_options
2025-07-19T01:36:00Z,2025-07-19T01:55:00Z,9.0,0.31666666666666665,both_options
2025-07-19T01:55:00Z,2025-07-19T02:03:00Z,8.0,0.13333333333333333,both_options
2025-07-19T02:03:00Z,2025-07-19T02:33:00Z,9.0,0.5,both_options
2025-07-19T02:33:00Z,2025-07-19T02:55:00Z,10.0,0.36666666666666664,both_options
2025-07-19T02:55:00Z,2025-07-19T03:55:00Z,9.0,1.0,both_options
2025-07-19T03:55:00Z,2025-07-19T04:10:00Z,10.0,0.25,both_options
2025-07-19T04:10:00Z,2025-07-19T04:55:00Z,10.0,0.75,both_options
2025-07-19T04:55:00Z,2025-07-19T05:55:00Z,10.0,1.0,both_options
2025-07-19T05:55:00Z,2025-07-19T06:55:00Z,10.0,1.0,both_options
2025-07-19T06:55:00Z,2025-07-19T07:15:00Z,10.0,0.3333333333333333,both_options
2025-07-19T07:15:00Z,2025-07-19T07:55:00Z,10.0,0.6666666666666666,both_options
2025-07-19T07:55:00Z,2025-07-19T08:55:00Z,10.0,1.0,both_options
2025-07-19T08:55:00Z,2025-07-19T09:55:00Z,10.0,1.0,both_options
2025-07-19T09:55:00Z,2025-07-19T10:55:00Z,10.0,1.0,both_options
2025-07-19T10:55:00Z,2025-07-19T11:55:00Z,10.0,1.0,both_options
2025-07-19T11:55:00Z,2025-07-19T12:55:00Z,10.0,1.0,both_options
2025-07-19T12:55:00Z,2025-07-19T13:55:00Z,10.0,1.0,both_options
2025-07-19T13:55:00Z,2025-07-19T14:55:00Z,10.0,1.0,both_options
2025-07-19T14:55:00Z,2025-07-19T15:55:00Z,10.0,1.0,both_options
2025-07-19T15:55:00Z,2025-07-19T16:55:00Z,10.0,1.0,both_options
2025-07-19T16:55:00Z,2025-07-19T17:55:00Z,10.0,1.0,both_options
2025-07-19T17:55:00Z,2025-07-19T18:55:00Z,10.0,1.0,both_options
2025-07-19T18:55:00Z,2025-07-19T19:55:00Z,10.0,1.0,both_options
2025-07-19T19:55:00Z,2025-07-19T20:55:00Z,10.0,1.0,both_options
2025-07-19T20:55:00Z,2025-07-19T21:28:00Z,10.0,0.55,both_options
2025-07-19T21:28:00Z,2025-07-19T21:55:00Z,10.0,0.45,both_options
2025-07-19T21:55:00Z,2025-07-19T22:55:00Z,10.0,1.0,both_options
2025-07-19T22:55:00Z,2025-07-19T23:55:00Z,10.0,1.0,both_options
2025-07-19T23:55:00Z,2025-07-20T00:55:00Z,10.0,1.0,both_options
2025-07-20T00:55:00Z,2025-07-20T01:55:00Z,10.0,1.0,both_options
2025-07-20T01:55:00Z,2025-07-20T02:55:00Z,10.0,1.0,both_options
2025-07-20T02:55:00Z,2025-07-20T03:55:00Z,10.0,1.0,both_options
2025-07-20T03:55:00Z,2025-07-20T04:55:00Z,10.0,1.0,both_options
2025-07-20T04:55:00Z,2025-07-20T05:07:00Z,10.0,0.2,both_options
2025-07-20T05:07:00Z,2025-07-20T05:55:00Z,10.0,0.8,both_options
2025-07-20T05:55:00Z,2025-07-20T06:55:00Z,10.0,1.0,both_options
2025-07-20T06:55:00Z,2025-07-20T07:55:00Z,10.0,1.0,both_options
2025-07-20T07:55:00Z,2025-07-20T08:55:00Z,10.0,1.0,both_options
2025-07-20T08:55:00Z,2025-07-20T09:55:00Z,10.0,1.0,both_options
2025-07-20T09:55:00Z,2025-07-20T10:55:00Z,10.0,1.0,both_options
2025-07-20T10:55:00Z,2025-07-20T11:55:00Z,10.0,1.0,both_options
2025-07-20T11:55:00Z,2025-07-20T12:55:00Z,10.0,1.0,both_options
2025-07-20T12:55:00Z,2025-07-20T13:55:00Z,10.0,1.0,both_options
2025-07-20T13:55:00Z,2025-07-20T14:55:00Z,10.0,1.0,both_options
2025-07-20T14:55:00Z,2025-07-20T15:55:00Z,10.0,1.0,both_options
2025-07-20T15:55:00Z,2025-07-20T16:55:00Z,10.0,1.0,both_options
2025-07-20T16:55:00Z,2025-07-20T17:55:00Z,10.0,1.0,both_options
2025-07-20T17:55:00Z,2025-07-20T18:55:00Z,10.0,1.0,both_options
2025-07-20T18:55:00Z,2025-07-20T19:55:00Z,10.0,1.0,both_options
2025-07-20T19:55:00Z,2025-07-20T20:16:00Z,10.0,0.35,both_options
2025-07-20T20:16:00Z,2025-07-20T20:55:00Z,10.0,0.65,both_options
2025-07-20T20:55:00Z,2025-07-20T21:55:00Z,10.0,1.0,both_options
2025-07-20T21:55:00Z,2025-07-20T22:55:00Z,10.0,1.0,both_options
2025-07-20T22:55:00Z,2025-07-20T23:26:00Z,10.0,0.5166666666666667,both_options
2025-07-20T23:26:00Z,2025-07-20T23:55:00Z,10.0,0.48333333333333334,both_options
2025-07-20T23:55:00Z,2025-07-21T00:55:00Z,10.0,1.0,both_options
2025-07-21T00:55:00Z,2025-07-21T01:55:00Z,10.0,1.0,both_options
2025-07-21T01:55:00Z,2025-07-21T02:55:00Z,10.0,1.0,both_options
2025-07-21T02:55:00Z,2025-07-21T03:55:00Z,10.0,1.0,both_options
2025-07-21T03:55:00Z,2025-07-21T04:55:00Z,10.0,1.0,both_options
2025-07-21T04:55:00Z,2025-07-21T05:55:00Z,10.0,1.0,both_options
2025-07-21T05:55:00Z,2025-07-21T06:55:00Z,10.0,1.0,both_options
2025-07-21T06:55:00Z,2025-07-21T07:55:00Z,10.0,1.0,both_options
2025-07-21T07:55:00Z,2025-07-21T08:55:00Z,10.0,1.0,both_options
2025-07-21T08:55:00Z,2025-07-21T09:02:00Z,10.0,0.11666666666666667,both_options
2025-07-21T09:02:00Z,2025-07-21T09:50:00Z,10.0,0.8,both_options
2025-07-21T09:50:00Z,2025-07-21T09:55:00Z,10.0,0.08333333333333333,both_options
2025-07-21T09:55:00Z,2025-07-21T10:55:00Z,10.0,1.0,both_options
2025-07-21T10:55:00Z,2025-07-21T11:55:00Z,10.0,1.0,both_options
2025-07-21T11:55:00Z,2025-07-21T12:55:00Z,10.0,1.0,both_options
2025-07-21T12:55:00Z,2025-07-21T13:55:00Z,10.0,1.0,both_options
2025-07-21T13:55:00Z,2025-07-21T14:55:00Z,10.0,1.0,both_options
2025-07-21T14:55:00Z,2025-07-21T15:55:00Z,10.0,1.0,both_options
2025-07-21T15:55:00Z,2025-07-21T16:55:00Z,10.0,1.0,both_options
2025-07-21T16:55:00Z,2025-07-21T17:55:00Z,10.0,1.0,both_options
2025-07-21T17:55:00Z,2025-07-21T18:55:00Z,10.0,1.0,both_options
2025-07-21T18:55:00Z,2025-07-21T19:55:00Z,10.0,1.0,both_options
2025-07-21T19:55:00Z,2025-07-21T20:55:00Z,10.0,1.0,both_options
2025-07-21T20:55:00Z,2025-07-21T21:55:00Z,10.0,1.0,both_options
2025-07-21T21:55:00Z,2025-07-21T22:55:00Z,10.0,1.0,both_options
2025-07-21T22:55:00Z,2025-07-21T23:55:00Z,10.0,1.0,both_options
2025-07-21T23:55:00Z,2025-07-22T00:09:00Z,10.0,0.23333333333333334,both_options
2025-07-22T00:09:00Z,2025-07-22T00:27:00Z,10.0,0.3,both_options
2025-07-22T00:27:00Z,2025-07-22T00:55:00Z,10.0,0.4666666666666667,both_options
2025-07-22T00:55:00Z,2025-07-22T01:55:00Z,10.0,1.0,both_options
2025-07-22T01:55:00Z,2025-07-22T02:55:00Z,10.0,1.0,both_options
2025-07-22T02:55:00Z,2025-07-22T03:55:00Z,10.0,1.0,both_options
2025-07-22T03:55:00Z,2025-07-22T04:55:00Z,10.0,1.0,both_options
2025-07-22T04:55:00Z,2025-07-22T05:55:00Z,10.0,1.0,both_options
2025-07-22T05:55:00Z,2025-07-22T06:48:00Z,10.0,0.8833333333333333,both_options
2025-07-22T06:48:00Z,2025-07-22T06:55:00Z,10.0,0.11666666666666667,both_options
2025-07-22T06:55:00Z,2025-07-22T07:55:00Z,10.0,1.0,both_options
2025-07-22T07:55:00Z,2025-07-22T08:13:00Z,7.0,0.3,both_options
2025-07-22T08:13:00Z,2025-07-22T08:37:00Z,10.0,0.4,both_options
2025-07-22T08:37:00Z,2025-07-22T08:55:00Z,9.0,0.3,both_options
2025-07-22T08:55:00Z,2025-07-22T09:55:00Z,7.0,1.0,both_options
2025-07-22T09:55:00Z,2025-07-22T10:55:00Z,10.0,1.0,both_options
2025-07-22T10:55:00Z,2025-07-22T11:55:00Z,8.0,1.0,both_options
2025-07-22T11:55:00Z,2025-07-22T12:55:00Z,9.0,1.0,both_options
2025-07-22T12:55:00Z,2025-07-22T13:55:00Z,9.0,1.0,both_options
2025-07-22T13:55:00Z,2025-07-22T14:53:00Z,6.0,0.9666666666666667,both_options
2025-07-22T14:53:00Z,2025-07-22T14:55:00Z,7.0,0.03333333333333333,both_options
2025-07-22T14:55:00Z,2025-07-22T15:33:00Z,9.0,0.6333333333333333,both_options
2025-07-22T15:33:00Z,2025-07-22T15:44:00Z,4.0,0.18333333333333332,both_options
2025-07-22T15:44:00Z,2025-07-22T15:55:00Z,2.5,0.18333333333333332,both_options
2025-07-22T15:55:00Z,2025-07-22T16:40:00Z,3.0,0.75,both_options
2025-07-22T16:40:00Z,2025-07-22T16:50:00Z,5.0,0.16666666666666666,both_options
2025-07-22T16:50:00Z,2025-07-22T16:55:00Z,3.0,0.08333333333333333,both_options
2025-07-22T16:55:00Z,2025-07-22T17:46:00Z,4.0,0.85,both_options
2025-07-22T17:46:00Z,2025-07-22T17:55:00Z,10.0,0.15,both_options
2025-07-22T17:55:00Z,2025-07-22T18:55:00Z,10.0,1.0,both_options
2025-07-22T18:55:00Z,2025-07-22T19:45:00Z,10.0,0.8333333333333334,both_options
2025-07-22T19:45:00Z,2025-07-22T19:55:00Z,10.0,0.16666666666666666,both_options
2025-07-22T19:55:00Z,2025-07-22T20:55:00Z,10.0,1.0,both_options
2025-07-22T20:55:00Z,2025-07-22T21:55:00Z,10.0,1.0,both_options
2025-07-22T21:55:00Z,2025-07-22T22:55:00Z,10.0,1.0,both_options
2025-07-22T22:55:00Z,2025-07-22T23:55:00Z,10.0,1.0,both_options
2025-07-22T23:55:00Z,2025-07-23T00:55:00Z,10.0,1.0,both_options
2025-07-23T00:55:00Z,2025-07-23T01:55:00Z,10.0,1.0,both_options
2025-07-23T01:55:00Z,2025-07-23T02:55:00Z,10.0,1.0,both_options
2025-07-23T02:55:00Z,2025-07-23T03:55:00Z,10.0,1.0,both_options
2025-07-23T03:55:00Z,2025-07-23T04:31:00Z,10.0,0.6,both_options
2025-07-23T04:31:00Z,2025-07-23T04:55:00Z,10.0,0.4,both_options
2025-07-23T04:55:00Z,2025-07-23T05:21:00Z,10.0,0.43333333333333335,both_options
2025-07-23T05:21:00Z,2025-07-23T05:30:00Z,10.0,0.15,both_options
2025-07-23T05:30:00Z,2025-07-23T05:55:00Z,10.0,0.4166666666666667,both_options
2025-07-23T05:55:00Z,2025-07-23T06:55:00Z,10.0,1.0,both_options
2025-07-23T06:55:00Z,2025-07-23T07:55:00Z,10.0,1.0,both_options
2025-07-23T07:55:00Z,2025-07-23T08:55:00Z,10.0,1.0,both_options
2025-07-23T08:55:00Z,2025-07-23T09:55:00Z,10.0,1.0,both_options
2025-07-23T09:55:00Z,2025-07-23T10:55:00Z,10.0,1.0,both_options
2025-07-23T10:55:00Z,2025-07-23T11:55:00Z,10.0,1.0,both_options
2025-07-23T11:55:00Z,2025-07-23T12:55:00Z,9.0,1.0,both_options
2025-07-23T12:55:00Z,2025-07-23T13:55:00Z,10.0,1.0,both_options
2025-07-23T13:55:00Z,2025-07-23T14:53:00Z,7.0,0.9666666666666667,both_options
2025-07-23T14:53:00Z,2025-07-23T14:55:00Z,10.0,0.03333333333333333,both_options
2025-07-23T14:55:00Z,2025-07-23T15:55:00Z,10.0,1.0,both_options
2025-07-23T15:55:00Z,2025-07-23T16:55:00Z,10.0,1.0,both_options
2025-07-23T16:55:00Z,2025-07-23T17:11:00Z,10.0,0.26666666666666666,both_options
2025-07-23T17:11:00Z,2025-07-23T17:55:00Z,10.0,0.7333333333333333,both_options
2025-07-23T17:55:00Z,2025-07-23T18:55:00Z,10.0,1.0,both_options
2025-07-23T18:55:00Z,2025-07-23T19:39:00Z,10.0,0.7333333333333333,both_options
2025-07-23T19:39:00Z,2025-07-23T19:55:00Z,10.0,0.26666666666666666,both_options
2025-07-23T19:55:00Z,2025-07-23T20:21:00Z,10.0,0.43333333333333335,both_options
2025-07-23T20:21:00Z,2025-07-23T20:55:00Z,10.0,0.5666666666666667,both_options
2025-07-23T20:55:00Z,2025-07-23T21:55:00Z,10.0,1.0,both_options
2025-07-23T21:55:00Z,2025-07-23T22:55:00Z,10.0,1.0,both_options
2025-07-23T22:55:00Z,2025-07-23T23:55:00Z,10.0,1.0,both_options
2025-07-23T23:55:00Z,2025-07-24T00:55:00Z,10.0,1.0,both_options
2025-07-24T00:55:00Z,2025-07-24T01:55:00Z,10.0,1.0,both_options
2025-07-24T01:55:00Z,2025-07-24T02:18:00Z,10.0,0.38333333333333336,both_options
2025-07-24T02:18:00Z,2025-07-24T02:55:00Z,10.0,0.6166666666666667,both_options
2025-07-24T02:55:00Z,2025-07-24T03:55:00Z,10.0,1.0,both_options
2025-07-24T03:55:00Z,2025-07-24T04:55:00Z,10.0,1.0,both_options
2025-07-24T04:55:00Z,2025-07-24T05:38:00Z,10.0,0.7166666666666667,both_options
2025-07-24T05:38:00Z,2025-07-24T05:55:00Z,10.0,0.2833333333333333,both_options
2025-07-24T05:55:00Z,2025-07-24T06:55:00Z,9.0,1.0,both_options
2025-07-24T06:55:00Z,2025-07-24T07:27:00Z,5.0,0.5333333333333333,both_options
2025-07-24T07:27:00Z,2025-07-24T07:55:00Z,8.0,0.4666666666666667,both_options
2025-07-24T07:55:00Z,2025-07-24T08:55:00Z,6.0,1.0,both_options
2025-07-24T08:55:00Z,2025-07-24T09:55:00Z,3.0,1.0,both_options
2025-07-24T09:55:00Z,2025-07-24T10:50:00Z,10.0,0.9166666666666666,both_options
2025-07-24T10:50:00Z,2025-07-24T10:55:00Z,9.0,0.08333333333333333,both_options
2025-07-24T10:55:00Z,2025-07-24T11:55:00Z,8.0,1.0,both_options
2025-07-24T11:55:00Z,2025-07-24T12:23:00Z,3.0,0.4666666666666667,both_options
2025-07-24T12:23:00Z,2025-07-24T12:55:00Z,10.0,0.5333333333333333,both_options
2025-07-24T12:55:00Z,2025-07-24T13:55:00Z,10.0,1.0,both_options
2025-07-24T13:55:00Z,2025-07-24T14:55:00Z,4.0,1.0,both_options
2025-07-24T14:55:00Z,2025-07-24T15:05:00Z,2.0,0.16666666666666666,both_options
2025-07-24T15:05:00Z,2025-07-24T15:17:00Z,3.0,0.2,both_options
2025-07-24T15:17:00Z,2025-07-24T15:26:00Z,10.0,0.15,both_options
2025-07-24T15:26:00Z,2025-07-24T15:45:00Z,8.0,0.31666666666666665,both_options
2025-07-24T15:45:00Z,2025-07-24T15:55:00Z,7.0,0.16666666666666666,both_options
2025-07-24T15:55:00Z,2025-07-24T16:19:00Z,10.0,0.4,both_options
2025-07-24T16:19:00Z,2025-07-24T16:41:00Z,10.0,0.36666666666666664,both_options
2025-07-24T16:41:00Z,2025-07-24T16:50:00Z,10.0,0.15,both_options
2025-07-24T16:50:00Z,2025-07-24T16:55:00Z,10.0,0.08333333333333333,both_options
2025-07-24T16:55:00Z,2025-07-24T17:05:00Z,10.0,0.16666666666666666,both_options
2025-07-24T17:05:00Z,2025-07-24T17:39:00Z,,0.5666666666666667,unknown
2025-07-24T17:39:00Z,2025-07-24T17:55:00Z,,0.26666666666666666,unknown
2025-07-24T17:55:00Z,2025-07-24T18:12:00Z,,0.2833333333333333,unknown
2025-07-24T18:12:00Z,2025-07-24T18:55:00Z,,0.7166666666666667,unknown
2025-07-24T18:55:00Z,2025-07-24T19:36:00Z,,0.6833333333333333,unknown
2025-07-24T19:36:00Z,2025-07-24T19:55:00Z,,0.31666666666666665,unknown
2025-07-24T19:55:00Z,2025-07-24T20:55:00Z,,1.0,unknown
2025-07-24T20:55:00Z,2025-07-24T21:55:00Z,10.0,1.0,both_options
2025-07-24T21:55:00Z,2025-07-24T22:55:00Z,10.0,1.0,both_options
2025-07-24T22:55:00Z,2025-07-24T23:55:00Z,10.0,1.0,both_options
2025-07-24T23:55:00Z,2025-07-25T00:05:00Z,10.0,0.16666666666666666,both_options
2025-07-25T00:05:00Z,2025-07-25T00:55:00Z,10.0,0.8333333333333334,both_options
2025-07-25T00:55:00Z,2025-07-25T01:55:00Z,10.0,1.0,both_options
2025-07-25T01:55:00Z,2025-07-25T02:55:00Z,10.0,1.0,both_options
2025-07-25T02:55:00Z,2025-07-25T03:55:00Z,10.0,1.0,both_options
2025-07-25T03:55:00Z,2025-07-25T04:55:00Z,10.0,1.0,both_options
2025-07-25T04:55:00Z,2025-07-25T05:37:00Z,10.0,0.7,both_options
2025-07-25T05:37:00Z,2025-07-25T05:55:00Z,10.0,0.3,both_options
2025-07-25T05:55:00Z,2025-07-25T06:55:00Z,10.0,1.0,both_options
2025-07-25T06:55:00Z,2025-07-25T07:52:00Z,9.0,0.95,both_options
2025-07-25T07:52:00Z,2025-07-25T07:55:00Z,10.0,0.05,both_options
2025-07-25T07:55:00Z,2025-07-25T07:59:00Z,10.0,0.06666666666666667,both_options
2025-07-25T07:59:00Z,2025-07-25T08:11:00Z,9.0,0.2,both_options
2025-07-25T08:11:00Z,2025-07-25T08:55:00Z,6.0,0.7333333333333333,both_options
2025-07-25T08:55:00Z,2025-07-25T09:55:00Z,3.0,1.0,both_options
2025-07-25T09:55:00Z,2025-07-25T10:33:00Z,6.0,0.6333333333333333,both_options
2025-07-25T10:33:00Z,2025-07-25T10:51:00Z,6.0,0.3,both_options
2025-07-25T10:51:00Z,2025-07-25T10:55:00Z,5.0,0.06666666666666667,both_options
2025-07-25T10:55:00Z,2025-07-25T11:06:00Z,3.0,0.18333333333333332,both_options
2025-07-25T11:06:00Z,2025-07-25T11:26:00Z,2.5,0.3333333333333333,both_options
2025-07-25T11:26:00Z,2025-07-25T11:55:00Z,7.0,0.48333333333333334,both_options
2025-07-25T11:55:00Z,2025-07-25T12:55:00Z,10.0,1.0,both_options
2025-07-25T12:55:00Z,2025-07-25T13:21:00Z,10.0,0.43333333333333335,both_options
2025-07-25T13:21:00Z,2025-07-25T13:25:00Z,4.0,0.06666666666666667,both_options
2025-07-25T13:25:00Z,2025-07-25T13:34:00Z,2.5,0.15,both_options
2025-07-25T13:34:00Z,2025-07-25T13:38:00Z,1.5,0.06666666666666667,both_options
2025-07-25T13:38:00Z,2025-07-25T13:47:00Z,2.0,0.15,both_options
2025-07-25T13:47:00Z,2025-07-25T13:55:00Z,8.0,0.13333333333333333,both_options
2025-07-25T13:55:00Z,2025-07-25T14:55:00Z,10.0,1.0,both_options
2025-07-25T14:55:00Z,2025-07-25T15:17:00Z,10.0,0.36666666666666664,both_options
2025-07-25T15:17:00Z,2025-07-25T15:24:00Z,2.5,0.11666666666666667,both_options
2025-07-25T15:24:00Z,2025-07-25T15:46:00Z,2.0,0.36666666666666664,both_options
2025-07-25T15:46:00Z,2025-07-25T15:55:00Z,3.0,0.15,both_options
2025-07-25T15:55:00Z,2025-07-25T16:28:00Z,3.0,0.55,both_options
2025-07-25T16:28:00Z,2025-07-25T16:36:00Z,10.0,0.13333333333333333,both_options
2025-07-25T16:36:00Z,2025-07-25T16:55:00Z,10.0,0.31666666666666665,both_options
2025-07-25T16:55:00Z,2025-07-25T17:55:00Z,10.0,1.0,both_options
2025-07-25T17:55:00Z,2025-07-25T18:55:00Z,10.0,1.0,both_options
2025-07-25T18:55:00Z,2025-07-25T19:55:00Z,10.0,1.0,both_options
2025-07-25T19:55:00Z,2025-07-25T20:55:00Z,10.0,1.0,both_options
2025-07-25T20:55:00Z,2025-07-25T21:55:00Z,10.0,1.0,both_options
2025-07-25T21:55:00Z,2025-07-25T22:40:00Z,10.0,0.75,both_options
2025-07-25T22:40:00Z,2025-07-25T22:55:00Z,10.0,0.25,both_options
2025-07-25T22:55:00Z,2025-07-25T23:55:00Z,10.0,1.0,both_options
2025-07-25T23:55:00Z,2025-07-26T00:55:00Z,10.0,1.0,both_options
2025-07-26T00:55:00Z,2025-07-26T01:55:00Z,10.0,1.0,both_options
2025-07-26T01:55:00Z,2025-07-26T02:55:00Z,10.0,1.0,both_options
2025-07-26T02:55:00Z,2025-07-26T03:55:00Z,10.0,1.0,both_options
2025-07-26T03:55:00Z,2025-07-26T04:55:00Z,10.0,1.0,both_options
2025-07-26T04:55:00Z,2025-07-26T05:55:00Z,10.0,1.0,both_options
2025-07-26T05:55:00Z,2025-07-26T06:48:00Z,10.0,0.8833333333333333,both_options
2025-07-26T06:48:00Z,2025-07-26T06:55:00Z,10.0,0.11666666666666667,both_options
2025-07-26T06:55:00Z,2025-07-26T07:55:00Z,10.0,1.0,both_options
2025-07-26T07:55:00Z,2025-07-26T08:55:00Z,10.0,1.0,both_options
2025-07-26T08:55:00Z,2025-07-26T09:55:00Z,10.0,1.0,both_options
2025-07-26T09:55:00Z,2025-07-26T10:55:00Z,10.0,1.0,both_options
2025-07-26T10:55:00Z,2025-07-26T11:55:00Z,10.0,1.0,both_options
2025-07-26T11:55:00Z,2025-07-26T12:22:00Z,10.0,0.45,both_options
2025-07-26T12:22:00Z,2025-07-26T12:55:00Z,10.0,0.55,both_options
2025-07-26T12:55:00Z,2025-07-26T13:30:00Z,10.0,0.5833333333333334,both_options
2025-07-26T13:30:00Z,2025-07-26T13:55:00Z,10.0,0.4166666666666667,both_options
2025-07-26T13:55:00Z,2025-07-26T14:40:00Z,10.0,0.75,both_options
2025-07-26T14:40:00Z,2025-07-26T14:55:00Z,10.0,0.25,both_options
2025-07-26T14:55:00Z,2025-07-26T15:02:00Z,10.0,0.11666666666666667,both_options
2025-07-26T15:02:00Z,2025-07-26T15:55:00Z,10.0,0.8833333333333333,both_options
2025-07-26T15:55:00Z,2025-07-26T16:55:00Z,10.0,1.0,both_options
2025-07-26T16:55:00Z,2025-07-26T17:55:00Z,10.0,1.0,both_options
2025-07-26T17:55:00Z,2025-07-26T18:55:00Z,10.0,1.0,both_options
2025-07-26T18:55:00Z,2025-07-26T19:10:00Z,10.0,0.25,both_options
2025-07-26T19:10:00Z,2025-07-26T19:48:00Z,10.0,0.6333333333333333,both_options
2025-07-26T19:48:00Z,2025-07-26T19:55:00Z,10.0,0.11666666666666667,both_options
2025-07-26T19:55:00Z,2025-07-26T20:55:00Z,10.0,1.0,both_options
2025-07-26T20:55:00Z,2025-07-26T21:55:00Z,10.0,1.0,both_options
2025-07-26T21:55:00Z,2025-07-26T22:55:00Z,10.0,1.0,both_options
2025-07-26T22:55:00Z,2025-07-26T23:55:00Z,10.0,1.0,both_options
2025-07-26T23:55:00Z,2025-07-27T00:55:00Z,10.0,1.0,both_options
2025-07-27T00:55:00Z,2025-07-27T01:55:00Z,10.0,1.0,both_options
2025-07-27T01:55:00Z,2025-07-27T02:55:00Z,10.0,1.0,both_options
2025-07-27T02:55:00Z,2025-07-27T03:55:00Z,10.0,1.0,both_options
2025-07-27T03:55:00Z,2025-07-27T04:55:00Z,10.0,1.0,both_options
2025-07-27T04:55:00Z,2025-07-27T05:55:00Z,10.0,1.0,both_options
2025-07-27T05:55:00Z,2025-07-27T06:55:00Z,10.0,1.0,both_options
2025-07-27T06:55:00Z,2025-07-27T07:55:00Z,10.0,1.0,both_options
2025-07-27T07:55:00Z,2025-07-27T08:55:00Z,10.0,1.0,both_options
2025-07-27T08:55:00Z,2025-07-27T09:55:00Z,10.0,1.0,both_options
2025-07-27T09:55:00Z,2025-07-27T10:55:00Z,10.0,1.0,both_options
2025-07-27T10:55:00Z,2025-07-27T11:36:00Z,10.0,0.6833333333333333,both_options
2025-07-27T11:36:00Z,2025-07-27T11:45:00Z,10.0,0.15,both_options
2025-07-27T11:45:00Z,2025-07-27T11:55:00Z,9.0,0.16666666666666666,both_options
2025-07-27T11:55:00Z,2025-07-27T12:55:00Z,10.0,1.0,both_options
2025-07-27T12:55:00Z,2025-07-27T13:55:00Z,9.0,1.0,both_options
2025-07-27T13:55:00Z,2025-07-27T14:55:00Z,9.0,1.0,both_options
2025-07-27T14:55:00Z,2025-07-27T15:55:00Z,10.0,1.0,both_options
2025-07-27T15:55:00Z,2025-07-27T16:55:00Z,10.0,1.0,both_options
2025-07-27T16:55:00Z,2025-07-27T17:55:00Z,10.0,1.0,both_options
2025-07-27T17:55:00Z,2025-07-27T18:55:00Z,10.0,1.0,both_options
2025-07-27T18:55:00Z,2025-07-27T19:55:00Z,10.0,1.0,both_options
2025-07-27T19:55:00Z,2025-07-27T20:55:00Z,10.0,1.0,both_options
2025-07-27T20:55:00Z,2025-07-27T21:55:00Z,10.0,1.0,both_options
2025-07-27T21:55:00Z,2025-07-27T22:55:00Z,10.0,1.0,both_options
2025-07-27T22:55:00Z,2025-07-27T23:55:00Z,10.0,1.0,both_options
2025-07-27T23:55:00Z,2025-07-28T00:55:00Z,10.0,1.0,both_options
2025-07-28T00:55:00Z,2025-07-28T01:55:00Z,10.0,1.0,both_options
2025-07-28T01:55:00Z,2025-07-28T02:55:00Z,10.0,1.0,both_options
2025-07-28T02:55:00Z,2025-07-28T03:55:00Z,10.0,1.0,both_options
2025-07-28T03:55:00Z,2025-07-28T04:55:00Z,10.0,1.0,both_options
2025-07-28T04:55:00Z,2025-07-28T05:55:00Z,10.0,1.0,both_options
2025-07-28T05:55:00Z,2025-07-28T06:55:00Z,10.0,1.0,both_options
2025-07-28T06:55:00Z,2025-07-28T07:55:00Z,10.0,1.0,both_options
2025-07-28T07:55:00Z,2025-07-28T08:55:00Z,10.0,1.0,both_options
2025-07-28T08:55:00Z,2025-07-28T09:55:00Z,10.0,1.0,both_options
2025-07-28T09:55:00Z,2025-07-28T10:55:00Z,10.0,1.0,both_options
2025-07-28T10:55:00Z,2025-07-28T11:55:00Z,10.0,1.0,both_options
2025-07-28T11:55:00Z,2025-07-28T12:55:00Z,10.0,1.0,both_options
2025-07-28T12:55:00Z,2025-07-28T13:55:00Z,10.0,1.0,both_options
2025-07-28T13:55:00Z,2025-07-28T14:55:00Z,10.0,1.0,both_options
2025-07-28T14:55:00Z,2025-07-28T15:55:00Z,10.0,1.0,both_options
2025-07-28T15:55:00Z,2025-07-28T16:17:00Z,10.0,0.36666666666666664,both_options
2025-07-28T16:17:00Z,2025-07-28T16:55:00Z,3.0,0.6333333333333333,both_options
2025-07-28T16:55:00Z,2025-07-28T17:55:00Z,10.0,1.0,both_options
2025-07-28T17:55:00Z,2025-07-28T18:55:00Z,10.0,1.0,both_options
2025-07-28T18:55:00Z,2025-07-28T19:55:00Z,10.0,1.0,both_options
2025-07-28T19:55:00Z,2025-07-28T20:55:00Z,10.0,1.0,both_options
2025-07-28T20:55:00Z,2025-07-28T21:55:00Z,10.0,1.0,both_options
2025-07-28T21:55:00Z,2025-07-28T22:55:00Z,10.0,1.0,both_options
2025-07-28T22:55:00Z,2025-07-28T23:55:00Z,10.0,1.0,both_options
2025-07-28T23:55:00Z,2025-07-29T00:55:00Z,10.0,1.0,both_options
2025-07-29T00:55:00Z,2025-07-29T01:55:00Z,10.0,1.0,both_options
2025-07-29T01:55:00Z,2025-07-29T02:55:00Z,10.0,1.0,both_options
2025-07-29T02:55:00Z,2025-07-29T03:55:00Z,10.0,1.0,both_options
2025-07-29T03:55:00Z,2025-07-29T04:55:00Z,10.0,1.0,both_options
2025-07-29T04:55:00Z,2025-07-29T05:55:00Z,10.0,1.0,both_options
2025-07-29T05:55:00Z,2025-07-29T06:55:00Z,10.0,1.0,both_options
2025-07-29T06:55:00Z,2025-07-29T07:55:00Z,10.0,1.0,both_options
2025-07-29T07:55:00Z,2025-07-29T08:55:00Z,10.0,1.0,both_options
2025-07-29T08:55:00Z,2025-07-29T09:55:00Z,10.0,1.0,both_options
2025-07-29T09:55:00Z,2025-07-29T10:15:00Z,10.0,0.3333333333333333,both_options
2025-07-29T10:15:00Z,2025-07-29T10:55:00Z,10.0,0.6666666666666666,both_options
2025-07-29T10:55:00Z,2025-07-29T11:55:00Z,10.0,1.0,both_options
2025-07-29T11:55:00Z,2025-07-29T12:55:00Z,10.0,1.0,both_options
2025-07-29T12:55:00Z,2025-07-29T13:01:00Z,10.0,0.1,both_options
2025-07-29T13:01:00Z,2025-07-29T13:04:00Z,2.0,0.05,both_options
2025-07-29T13:04:00Z,2025-07-29T13:12:00Z,1.25,0.13333333333333333,both_options
2025-07-29T13:12:00Z,2025-07-29T13:18:00Z,1.5,0.1,both_options
2025-07-29T13:18:00Z,2025-07-29T13:23:00Z,2.5,0.08333333333333333,both_options
2025-07-29T13:23:00Z,2025-07-29T13:31:00Z,0.75,0.13333333333333333,lower_only
2025-07-29T13:31:00Z,2025-07-29T13:53:00Z,0.25,0.36666666666666664,neither_option
2025-07-29T13:53:00Z,2025-07-29T13:55:00Z,0.25,0.03333333333333333,neither_option
2025-07-29T13:55:00Z,2025-07-29T14:27:00Z,0.25,0.5333333333333333,neither_option
2025-07-29T14:27:00Z,2025-07-29T14:29:00Z,1.0,0.03333333333333333,both_options
2025-07-29T14:29:00Z,2025-07-29T14:34:00Z,2.5,0.08333333333333333,both_options
2025-07-29T14:34:00Z,2025-07-29T14:55:00Z,5.0,0.35,both_options
2025-07-29T14:55:00Z,2025-07-29T15:10:00Z,6.0,0.25,both_options
2025-07-29T15:10:00Z,2025-07-29T15:55:00Z,9.0,0.75,both_options
2025-07-29T15:55:00Z,2025-07-29T16:55:00Z,10.0,1.0,both_options
2025-07-29T16:55:00Z,2025-07-29T17:55:00Z,10.0,1.0,both_options
2025-07-29T17:55:00Z,2025-07-29T18:55:00Z,10.0,1.0,both_options
2025-07-29T18:55:00Z,2025-07-29T19:55:00Z,10.0,1.0,both_options
2025-07-29T19:55:00Z,2025-07-29T20:55:00Z,10.0,1.0,both_options
2025-07-29T20:55:00Z,2025-07-29T21:55:00Z,10.0,1.0,both_options
2025-07-29T21:55:00Z,2025-07-29T22:55:00Z,10.0,1.0,both_options
2025-07-29T22:55:00Z,2025-07-29T23:55:00Z,10.0,1.0,both_options
2025-07-29T23:55:00Z,2025-07-30T00:55:00Z,10.0,1.0,both_options
2025-07-30T00:55:00Z,2025-07-30T01:55:00Z,10.0,1.0,both_options
2025-07-30T01:55:00Z,2025-07-30T02:55:00Z,10.0,1.0,both_options
2025-07-30T02:55:00Z,2025-07-30T03:55:00Z,10.0,1.0,both_options
2025-07-30T03:55:00Z,2025-07-30T04:55:00Z,10.0,1.0,both_options
2025-07-30T04:55:00Z,2025-07-30T05:55:00Z,10.0,1.0,both_options
2025-07-30T05:55:00Z,2025-07-30T06:55:00Z,10.0,1.0,both_options
2025-07-30T06:55:00Z,2025-07-30T07:55:00Z,10.0,1.0,both_options
2025-07-30T07:55:00Z,2025-07-30T08:51:00Z,10.0,0.9333333333333333,both_options
2025-07-30T08:51:00Z,2025-07-30T08:55:00Z,10.0,0.06666666666666667,both_options
2025-07-30T08:55:00Z,2025-07-30T09:07:00Z,10.0,0.2,both_options
2025-07-30T09:07:00Z,2025-07-30T09:17:00Z,10.0,0.16666666666666666,both_options
2025-07-30T09:17:00Z,2025-07-30T09:52:00Z,10.0,0.5833333333333334,both_options
2025-07-30T09:52:00Z,2025-07-30T09:55:00Z,10.0,0.05,both_options
2025-07-30T09:55:00Z,2025-07-30T10:04:00Z,10.0,0.15,both_options
2025-07-30T10:04:00Z,2025-07-30T10:11:00Z,10.0,0.11666666666666667,both_options
2025-07-30T10:11:00Z,2025-07-30T10:55:00Z,10.0,0.7333333333333333,both_options
2025-07-30T10:55:00Z,2025-07-30T11:13:00Z,10.0,0.3,both_options
2025-07-30T11:13:00Z,2025-07-30T11:55:00Z,10.0,0.7,both_options
2025-07-30T11:55:00Z,2025-07-30T12:55:00Z,10.0,1.0,both_options
2025-07-30T12:55:00Z,2025-07-30T13:55:00Z,10.0,1.0,both_options
2025-07-30T13:55:00Z,2025-07-30T14:55:00Z,10.0,1.0,both_options
2025-07-30T14:55:00Z,2025-07-30T15:55:00Z,10.0,1.0,both_options
2025-07-30T15:55:00Z,2025-07-30T16:15:00Z,10.0,0.3333333333333333,both_options
2025-07-30T16:15:00Z,2025-07-30T16:48:00Z,10.0,0.55,both_options
2025-07-30T16:48:00Z,2025-07-30T16:55:00Z,10.0,0.11666666666666667,both_options
2025-07-30T16:55:00Z,2025-07-30T17:45:00Z,10.0,0.8333333333333334,both_options
2025-07-30T17:45:00Z,2025-07-30T17:55:00Z,10.0,0.16666666666666666,both_options
2025-07-30T17:55:00Z,2025-07-30T18:52:00Z,10.0,0.95,both_options
2025-07-30T18:52:00Z,2025-07-30T18:55:00Z,10.0,0.05,both_options
2025-07-30T18:55:00Z,2025-07-30T19:09:00Z,10.0,0.23333333333333334,both_options
2025-07-30T19:09:00Z,2025-07-30T19:55:00Z,10.0,0.7666666666666667,both_options
2025-07-30T19:55:00Z,2025-07-30T20:55:00Z,10.0,1.0,both_options
2025-07-30T20:55:00Z,2025-07-30T21:36:00Z,10.0,0.6833333333333333,both_options
2025-07-30T21:36:00Z,2025-07-30T21:55:00Z,10.0,0.31666666666666665,both_options
2025-07-30T21:55:00Z,2025-07-30T22:55:00Z,10.0,1.0,both_options
2025-07-30T22:55:00Z,2025-07-30T23:55:00Z,10.0,1.0,both_options
2025-07-30T23:55:00Z,2025-07-31T00:55:00Z,10.0,1.0,both_options
2025-07-31T00:55:00Z,2025-07-31T01:55:00Z,10.0,1.0,both_options
2025-07-31T01:55:00Z,2025-07-31T02:41:00Z,10.0,0.7666666666666667,both_options
2025-07-31T02:41:00Z,2025-07-31T02:55:00Z,10.0,0.23333333333333334,both_options
2025-07-31T02:55:00Z,2025-07-31T03:55:00Z,10.0,1.0,both_options
2025-07-31T03:55:00Z,2025-07-31T04:55:00Z,10.0,1.0,both_options
2025-07-31T04:55:00Z,2025-07-31T05:55:00Z,10.0,1.0,both_options
2025-07-31T05:55:00Z,2025-07-31T06:55:00Z,7.0,1.0,both_options
2025-07-31T06:55:00Z,2025-07-31T07:55:00Z,5.0,1.0,both_options
2025-07-31T07:55:00Z,2025-07-31T08:55:00Z,5.0,1.0,both_options
2025-07-31T08:55:00Z,2025-07-31T09:55:00Z,8.0,1.0,both_options
2025-07-31T09:55:00Z,2025-07-31T10:55:00Z,4.0,1.0,both_options
2025-07-31T10:55:00Z,2025-07-31T11:11:00Z,3.0,0.26666666666666666,both_options
2025-07-31T11:11:00Z,2025-07-31T11:22:00Z,3.0,0.18333333333333332,both_options
2025-07-31T11:22:00Z,2025-07-31T11:55:00Z,4.0,0.55,both_options
2025-07-31T11:55:00Z,2025-07-31T12:09:00Z,2.5,0.23333333333333334,both_options
2025-07-31T12:09:00Z,2025-07-31T12:17:00Z,4.0,0.13333333333333333,both_options
2025-07-31T12:17:00Z,2025-07-31T12:25:00Z,5.0,0.13333333333333333,both_options
2025-07-31T12:25:00Z,2025-07-31T12:55:00Z,5.0,0.5,both_options
2025-07-31T12:55:00Z,2025-07-31T13:21:00Z,3.0,0.43333333333333335,both_options
2025-07-31T13:21:00Z,2025-07-31T13:34:00Z,1.75,0.21666666666666667,both_options
2025-07-31T13:34:00Z,2025-07-31T13:55:00Z,2.5,0.35,both_options
2025-07-31T13:55:00Z,2025-07-31T14:55:00Z,4.0,1.0,both_options
2025-07-31T14:55:00Z,2025-07-31T15:55:00Z,7.0,1.0,both_options
2025-07-31T15:55:00Z,2025-07-31T16:09:00Z,5.0,0.23333333333333334,both_options
2025-07-31T16:09:00Z,2025-07-31T16:29:00Z,2.5,0.3333333333333333,both_options
2025-07-31T16:29:00Z,2025-07-31T16:55:00Z,4.0,0.43333333333333335,both_options
2025-07-31T16:55:00Z,2025-07-31T17:55:00Z,7.0,1.0,both_options
2025-07-31T17:55:00Z,2025-07-31T18:55:00Z,6.0,1.0,both_options
2025-07-31T18:55:00Z,2025-07-31T19:13:00Z,10.0,0.3,both_options
2025-07-31T19:13:00Z,2025-07-31T19:55:00Z,10.0,0.7,both_options
2025-07-31T19:55:00Z,2025-07-31T20:46:00Z,10.0,0.85,both_options
2025-07-31T20:46:00Z,2025-07-31T20:55:00Z,10.0,0.15,both_options
2025-07-31T20:55:00Z,2025-07-31T21:39:00Z,10.0,0.7333333333333333,both_options
2025-07-31T21:39:00Z,2025-07-31T21:46:00Z,10.0,0.11666666666666667,both_options
2025-07-31T21:46:00Z,2025-07-31T21:55:00Z,10.0,0.15,both_options
2025-07-31T21:55:00Z,2025-07-31T22:55:00Z,10.0,1.0,both_options
2025-07-31T22:55:00Z,2025-07-31T23:55:00Z,10.0,1.0,both_options
2025-07-31T23:55:00Z,2025-08-01T00:55:00Z,10.0,1.0,both_options
2025-08-01T00:55:00Z,2025-08-01T01:24:00Z,10.0,0.48333333333333334,both_options
2025-08-01T01:24:00Z,2025-08-01T01:36:00Z,10.0,0.2,both_options
2025-08-01T01:36:00Z,2025-08-01T01:50:00Z,10.0,0.23333333333333334,both_options
2025-08-01T01:50:00Z,2025-08-01T01:51:00Z,10.0,0.016666666666666666,both_options
2025-08-01T01:51:00Z,2025-08-01T02:51:00Z,10.0,1.0,both_options
2025-08-01T02:55:00Z,2025-08-01T03:55:00Z,10.0,1.0,both_options
2025-08-01T03:55:00Z,2025-08-01T04:55:00Z,9.0,1.0,both_options
2025-08-01T04:55:00Z,2025-08-01T05:55:00Z,10.0,1.0,both_options
2025-08-01T05:55:00Z,2025-08-01T06:02:00Z,10.0,0.11666666666666667,both_options
2025-08-01T06:02:00Z,2025-08-01T06:55:00Z,10.0,0.8833333333333333,both_options
2025-08-01T06:55:00Z,2025-08-01T07:42:00Z,10.0,0.7833333333333333,both_options
2025-08-01T07:42:00Z,2025-08-01T07:55:00Z,10.0,0.21666666666666667,both_options
2025-08-01T07:55:00Z,2025-08-01T08:31:00Z,10.0,0.6,both_options
2025-08-01T08:31:00Z,2025-08-01T08:55:00Z,10.0,0.4,both_options
2025-08-01T08:55:00Z,2025-08-01T09:50:00Z,10.0,0.9166666666666666,both_options
2025-08-01T09:50:00Z,2025-08-01T09:55:00Z,10.0,0.08333333333333333,both_options
2025-08-01T09:55:00Z,2025-08-01T10:55:00Z,10.0,1.0,both_options
2025-08-01T10:55:00Z,2025-08-01T11:36:00Z,10.0,0.6833333333333333,both_options
2025-08-01T11:36:00Z,2025-08-01T11:55:00Z,10.0,0.31666666666666665,both_options
2025-08-01T11:55:00Z,2025-08-01T12:48:00Z,10.0,0.8833333333333333,both_options
2025-08-01T12:48:00Z,2025-08-01T12:55:00Z,4.0,0.11666666666666667,both_options
2025-08-01T12:55:00Z,2025-08-01T13:11:00Z,2.5,0.26666666666666666,both_options
2025-08-01T13:11:00Z,2025-08-01T13:55:00Z,3.0,0.7333333333333333,both_options
2025-08-01T13:55:00Z,2025-08-01T14:55:00Z,10.0,1.0,both_options
2025-08-01T14:55:00Z,2025-08-01T15:29:00Z,9.0,0.5666666666666667,both_options
2025-08-01T15:29:00Z,2025-08-01T15:55:00Z,10.0,0.43333333333333335,both_options
2025-08-01T15:55:00Z,2025-08-01T16:55:00Z,10.0,1.0,both_options
2025-08-01T16:55:00Z,2025-08-01T17:13:00Z,10.0,0.3,both_options
2025-08-01T17:13:00Z,2025-08-01T17:55:00Z,10.0,0.7,both_options
2025-08-01T17:55:00Z,2025-08-01T18:55:00Z,10.0,1.0,both_options
2025-08-01T18:55:00Z,2025-08-01T19:21:00Z,10.0,0.43333333333333335,both_options
2025-08-01T19:21:00Z,2025-08-01T19:55:00Z,10.0,0.5666666666666667,both_options
2025-08-01T19:55:00Z,2025-08-01T20:55:00Z,10.0,1.0,both_options
2025-08-01T20:55:00Z,2025-08-01T21:55:00Z,10.0,1.0,both_options
2025-08-01T21:55:00Z,2025-08-01T22:55:00Z,10.0,1.0,both_options
2025-08-01T22:55:00Z,2025-08-01T23:55:00Z,10.0,1.0,both_options
2025-08-01T23:55:00Z,2025-08-02T00:55:00Z,10.0,1.0,both_options
2025-08-02T00:55:00Z,2025-08-02T01:55:00Z,10.0,1.0,both_options
2025-08-02T01:55:00Z,2025-08-02T02:55:00Z,10.0,1.0,both_options
2025-08-02T02:55:00Z,2025-08-02T03:55:00Z,10.0,1.0,both_options
2025-08-02T03:55:00Z,2025-08-02T04:07:00Z,10.0,0.2,both_options
2025-08-02T04:07:00Z,2025-08-02T04:55:00Z,10.0,0.8,both_options
2025-08-02T04:55:00Z,2025-08-02T05:16:00Z,10.0,0.35,both_options
2025-08-02T05:16:00Z,2025-08-02T05:24:00Z,10.0,0.13333333333333333,both_options
2025-08-02T05:24:00Z,2025-08-02T05:55:00Z,10.0,0.5166666666666667,both_options
2025-08-02T05:55:00Z,2025-08-02T06:55:00Z,10.0,1.0,both_options
2025-08-02T06:55:00Z,2025-08-02T07:55:00Z,3.0,1.0,both_options
2025-08-02T07:55:00Z,2025-08-02T08:55:00Z,10.0,1.0,both_options
2025-08-02T08:55:00Z,2025-08-02T09:16:00Z,3.0,0.35,both_options
2025-08-02T09:16:00Z,2025-08-02T09:25:00Z,2.5,0.15,both_options
2025-08-02T09:25:00Z,2025-08-02T09:55:00Z,5.0,0.5,both_options
2025-08-02T09:55:00Z,2025-08-02T10:28:00Z,10.0,0.55,both_options
2025-08-02T10:28:00Z,2025-08-02T10:38:00Z,8.0,0.16666666666666666,both_options
2025-08-02T10:38:00Z,2025-08-02T10:55:00Z,6.0,0.2833333333333333,both_options
2025-08-02T10:55:00Z,2025-08-02T11:12:00Z,10.0,0.2833333333333333,both_options
2025-08-02T11:12:00Z,2025-08-02T11:36:00Z,10.0,0.4,both_options
2025-08-02T11:36:00Z,2025-08-02T11:48:00Z,4.0,0.2,both_options
2025-08-02T11:48:00Z,2025-08-02T11:55:00Z,6.0,0.11666666666666667,both_options
2025-08-02T11:55:00Z,2025-08-02T12:55:00Z,10.0,1.0,both_options
2025-08-02T12:55:00Z,2025-08-02T13:55:00Z,10.0,1.0,both_options
2025-08-02T13:55:00Z,2025-08-02T14:55:00Z,10.0,1.0,both_options
2025-08-02T14:55:00Z,2025-08-02T15:55:00Z,10.0,1.0,both_options
2025-08-02T15:55:00Z,2025-08-02T16:05:00Z,10.0,0.16666666666666666,both_options
2025-08-02T16:05:00Z,2025-08-02T16:14:00Z,10.0,0.15,both_options
2025-08-02T16:14:00Z,2025-08-02T16:33:00Z,10.0,0.31666666666666665,both_options
2025-08-02T16:33:00Z,2025-08-02T16:55:00Z,10.0,0.36666666666666664,both_options
2025-08-02T16:55:00Z,2025-08-02T17:18:00Z,10.0,0.38333333333333336,both_options
2025-08-02T17:18:00Z,2025-08-02T17:42:00Z,10.0,0.4,both_options
2025-08-02T17:42:00Z,2025-08-02T17:55:00Z,10.0,0.21666666666666667,both_options
2025-08-02T17:55:00Z,2025-08-02T18:55:00Z,10.0,1.0,both_options
2025-08-02T18:55:00Z,2025-08-02T19:55:00Z,10.0,1.0,both_options
2025-08-02T19:55:00Z,2025-08-02T20:55:00Z,10.0,1.0,both_options
2025-08-02T20:55:00Z,2025-08-02T21:55:00Z,10.0,1.0,both_options
2025-08-02T21:55:00Z,2025-08-02T22:55:00Z,10.0,1.0,both_options
2025-08-02T22:55:00Z,2025-08-02T23:55:00Z,10.0,1.0,both_options
2025-08-02T23:55:00Z,2025-08-03T00:55:00Z,10.0,1.0,both_options
2025-08-03T00:55:00Z,2025-08-03T01:55:00Z,10.0,1.0,both_options
2025-08-03T01:55:00Z,2025-08-03T02:55:00Z,10.0,1.0,both_options
2025-08-03T02:55:00Z,2025-08-03T03:55:00Z,10.0,1.0,both_options
2025-08-03T03:55:00Z,2025-08-03T04:55:00Z,10.0,1.0,both_options
2025-08-03T04:55:00Z,2025-08-03T05:14:00Z,10.0,0.31666666666666665,both_options
2025-08-03T05:14:00Z,2025-08-03T05:55:00Z,10.0,0.6833333333333333,both_options
2025-08-03T05:55:00Z,2025-08-03T06:40:00Z,10.0,0.75,both_options
2025-08-03T06:40:00Z,2025-08-03T06:55:00Z,10.0,0.25,both_options
2025-08-03T06:55:00Z,2025-08-03T07:55:00Z,10.0,1.0,both_options
2025-08-03T07:55:00Z,2025-08-03T08:55:00Z,10.0,1.0,both_options
2025-08-03T08:55:00Z,2025-08-03T09:55:00Z,10.0,1.0,both_options
2025-08-03T09:55:00Z,2025-08-03T10:38:00Z,10.0,0.7166666666666667,both_options
2025-08-03T10:38:00Z,2025-08-03T10:55:00Z,10.0,0.2833333333333333,both_options
2025-08-03T10:55:00Z,2025-08-03T11:06:00Z,10.0,0.18333333333333332,both_options
2025-08-03T11:06:00Z,2025-08-03T11:31:00Z,10.0,0.4166666666666667,both_options
2025-08-03T11:31:00Z,2025-08-03T11:53:00Z,10.0,0.36666666666666664,both_options
2025-08-03T11:53:00Z,2025-08-03T11:55:00Z,10.0,0.03333333333333333,both_options
2025-08-03T11:55:00Z,2025-08-03T12:55:00Z,10.0,1.0,both_options
2025-08-03T12:55:00Z,2025-08-03T13:55:00Z,10.0,1.0,both_options
2025-08-03T13:55:00Z,2025-08-03T14:55:00Z,10.0,1.0,both_options
2025-08-03T14:55:00Z,2025-08-03T15:09:00Z,10.0,0.23333333333333334,both_options
2025-08-03T15:09:00Z,2025-08-03T15:28:00Z,10.0,0.31666666666666665,both_options
2025-08-03T15:28:00Z,2025-08-03T15:55:00Z,10.0,0.45,both_options
2025-08-03T15:55:00Z,2025-08-03T16:50:00Z,10.0,0.9166666666666666,both_options
2025-08-03T16:50:00Z,2025-08-03T16:55:00Z,10.0,0.08333333333333333,both_options
2025-08-03T16:55:00Z,2025-08-03T17:17:00Z,10.0,0.36666666666666664,both_options
2025-08-03T17:17:00Z,2025-08-03T17:43:00Z,10.0,0.43333333333333335,both_options
2025-08-03T17:43:00Z,2025-08-03T17:55:00Z,10.0,0.2,both_options
2025-08-03T17:55:00Z,2025-08-03T18:14:00Z,10.0,0.31666666666666665,both_options
2025-08-03T18:14:00Z,2025-08-03T18:55:00Z,10.0,0.6833333333333333,both_options
2025-08-03T18:55:00Z,2025-08-03T19:55:00Z,10.0,1.0,both_options
2025-08-03T19:55:00Z,2025-08-03T20:55:00Z,10.0,1.0,both_options
2025-08-03T20:55:00Z,2025-08-03T21:13:00Z,10.0,0.3,both_options
2025-08-03T21:13:00Z,2025-08-03T21:55:00Z,10.0,0.7,both_options
2025-08-03T21:55:00Z,2025-08-03T22:55:00Z,10.0,1.0,both_options
2025-08-03T22:55:00Z,2025-08-03T23:55:00Z,10.0,1.0,both_options
2025-08-03T23:55:00Z,2025-08-04T00:31:00Z,10.0,0.6,both_options
2025-08-04T00:31:00Z,2025-08-04T00:38:00Z,10.0,0.11666666666666667,both_options
2025-08-04T00:38:00Z,2025-08-04T00:55:00Z,10.0,0.2833333333333333,both_options
2025-08-04T00:55:00Z,2025-08-04T01:55:00Z,10.0,1.0,both_options
2025-08-04T01:55:00Z,2025-08-04T02:55:00Z,10.0,1.0,both_options
2025-08-04T02:55:00Z,2025-08-04T03:55:00Z,10.0,1.0,both_options
2025-08-04T03:55:00Z,2025-08-04T04:55:00Z,10.0,1.0,both_options
2025-08-04T04:55:00Z,2025-08-04T05:55:00Z,10.0,1.0,both_options
2025-08-04T05:55:00Z,2025-08-04T06:55:00Z,10.0,1.0,both_options
2025-08-04T06:55:00Z,2025-08-04T07:55:00Z,10.0,1.0,both_options
2025-08-04T07:55:00Z,2025-08-04T08:55:00Z,10.0,1.0,both_options
2025-08-04T08:55:00Z,2025-08-04T09:53:00Z,10.0,0.9666666666666667,both_options
2025-08-04T09:53:00Z,2025-08-04T09:55:00Z,9.0,0.03333333333333333,both_options
2025-08-04T09:55:00Z,2025-08-04T10:36:00Z,9.0,0.6833333333333333,both_options
2025-08-04T10:36:00Z,2025-08-04T10:55:00Z,10.0,0.31666666666666665,both_options
2025-08-04T10:55:00Z,2025-08-04T11:28:00Z,10.0,0.55,both_options
2025-08-04T11:28:00Z,2025-08-04T11:55:00Z,10.0,0.45,both_options
2025-08-04T11:55:00Z,2025-08-04T12:38:00Z,10.0,0.7166666666666667,both_options
2025-08-04T12:38:00Z,2025-08-04T12:55:00Z,10.0,0.2833333333333333,both_options
2025-08-04T12:55:00Z,2025-08-04T13:05:00Z,10.0,0.16666666666666666,both_options
2025-08-04T13:05:00Z,2025-08-04T13:55:00Z,10.0,0.8333333333333334,both_options
2025-08-04T13:55:00Z,2025-08-04T14:55:00Z,10.0,1.0,both_options
2025-08-04T14:55:00Z,2025-08-04T15:55:00Z,9.0,1.0,both_options
2025-08-04T15:55:00Z,2025-08-04T16:55:00Z,10.0,1.0,both_options
2025-08-04T16:55:00Z,2025-08-04T17:55:00Z,10.0,1.0,both_options
2025-08-04T17:55:00Z,2025-08-04T18:55:00Z,10.0,1.0,both_options
2025-08-04T18:55:00Z,2025-08-04T19:55:00Z,10.0,1.0,both_options
2025-08-04T19:55:00Z,2025-08-04T20:55:00Z,10.0,1.0,both_options
2025-08-04T20:55:00Z,2025-08-04T21:43:00Z,10.0,0.8,both_options
2025-08-04T21:43:00Z,2025-08-04T21:55:00Z,10.0,0.2,both_options
2025-08-04T21:55:00Z,2025-08-04T22:55:00Z,10.0,1.0,both_options
2025-08-04T22:55:00Z,2025-08-04T23:19:00Z,10.0,0.4,both_options
2025-08-04T23:19:00Z,2025-08-04T23:55:00Z,10.0,0.6,both_options
2025-08-04T23:55:00Z,2025-08-05T00:55:00Z,10.0,1.0,both_options
2025-08-05T00:55:00Z,2025-08-05T01:55:00Z,10.0,1.0,both_options
2025-08-05T01:55:00Z,2025-08-05T02:08:00Z,10.0,0.21666666666666667,both_options
2025-08-05T02:08:00Z,2025-08-05T02:44:00Z,10.0,0.6,both_options
2025-08-05T02:44:00Z,2025-08-05T02:55:00Z,10.0,0.18333333333333332,both_options
2025-08-05T02:55:00Z,2025-08-05T03:55:00Z,10.0,1.0,both_options
2025-08-05T03:55:00Z,2025-08-05T04:55:00Z,10.0,1.0,both_options
2025-08-05T04:55:00Z,2025-08-05T05:55:00Z,10.0,1.0,both_options
2025-08-05T05:55:00Z,2025-08-05T06:55:00Z,10.0,1.0,both_options
2025-08-05T06:55:00Z,2025-08-05T07:55:00Z,10.0,1.0,both_options
2025-08-05T07:55:00Z,2025-08-05T08:55:00Z,10.0,1.0,both_options
2025-08-05T08:55:00Z,2025-08-05T09:55:00Z,10.0,1.0,both_options
2025-08-05T09:55:00Z,2025-08-05T10:55:00Z,10.0,1.0,both_options
2025-08-05T10:55:00Z,2025-08-05T11:55:00Z,10.0,1.0,both_options
2025-08-05T11:55:00Z,2025-08-05T12:55:00Z,10.0,1.0,both_options
2025-08-05T12:55:00Z,2025-08-05T13:55:00Z,10.0,1.0,both_options
2025-08-05T13:55:00Z,2025-08-05T14:55:00Z,9.0,1.0,both_options
2025-08-05T14:55:00Z,2025-08-05T15:55:00Z,10.0,1.0,both_options
2025-08-05T15:55:00Z,2025-08-05T16:55:00Z,10.0,1.0,both_options
2025-08-05T16:55:00Z,2025-08-05T17:55:00Z,10.0,1.0,both_options
2025-08-05T17:55:00Z,2025-08-05T18:55:00Z,10.0,1.0,both_options
2025-08-05T18:55:00Z,2025-08-05T19:55:00Z,10.0,1.0,both_options
2025-08-05T19:55:00Z,2025-08-05T20:55:00Z,10.0,1.0,both_options
2025-08-05T20:55:00Z,2025-08-05T21:55:00Z,10.0,1.0,both_options
2025-08-05T21:55:00Z,2025-08-05T22:55:00Z,10.0,1.0,both_options
2025-08-05T22:55:00Z,2025-08-05T23:55:00Z,10.0,1.0,both_options
2025-08-05T23:55:00Z,2025-08-06T00:55:00Z,10.0,1.0,both_options
2025-08-06T00:55:00Z,2025-08-06T01:55:00Z,10.0,1.0,both_options
2025-08-06T01:55:00Z,2025-08-06T02:49:00Z,10.0,0.9,both_options
2025-08-06T02:49:00Z,2025-08-06T02:50:00Z,4.0,0.016666666666666666,both_options
2025-08-06T02:50:00Z,2025-08-06T02:58:00Z,3.0,0.13333333333333333,both_options
2025-08-06T02:58:00Z,2025-08-06T03:07:00Z,2.5,0.15,both_options
2025-08-06T03:07:00Z,2025-08-06T03:55:00Z,5.0,0.8,both_options
2025-08-06T03:55:00Z,2025-08-06T04:11:00Z,7.0,0.26666666666666666,both_options
2025-08-06T04:11:00Z,2025-08-06T04:48:00Z,5.0,0.6166666666666667,both_options
2025-08-06T04:48:00Z,2025-08-06T04:55:00Z,4.0,0.11666666666666667,both_options
2025-08-06T04:55:00Z,2025-08-06T05:07:00Z,7.0,0.2,both_options
2025-08-06T05:07:00Z,2025-08-06T05:43:00Z,10.0,0.6,both_options
2025-08-06T05:43:00Z,2025-08-06T05:55:00Z,9.0,0.2,both_options
2025-08-06T05:55:00Z,2025-08-06T06:55:00Z,10.0,1.0,both_options
2025-08-06T06:55:00Z,2025-08-06T07:02:00Z,10.0,0.11666666666666667,both_options
2025-08-06T07:02:00Z,2025-08-06T07:28:00Z,9.0,0.43333333333333335,both_options
2025-08-06T07:28:00Z,2025-08-06T07:46:00Z,8.0,0.3,both_options
2025-08-06T07:46:00Z,2025-08-06T07:55:00Z,9.0,0.15,both_options
2025-08-06T07:55:00Z,2025-08-06T08:10:00Z,9.0,0.25,both_options
2025-08-06T08:10:00Z,2025-08-06T08:55:00Z,8.0,0.75,both_options
2025-08-06T08:55:00Z,2025-08-06T09:55:00Z,10.0,1.0,both_options
2025-08-06T09:55:00Z,2025-08-06T10:22:00Z,10.0,0.45,both_options
2025-08-06T10:22:00Z,2025-08-06T10:32:00Z,10.0,0.16666666666666666,both_options
2025-08-06T10:32:00Z,2025-08-06T10:55:00Z,9.0,0.38333333333333336,both_options
2025-08-06T10:55:00Z,2025-08-06T11:13:00Z,7.0,0.3,both_options
2025-08-06T11:13:00Z,2025-08-06T11:37:00Z,6.0,0.4,both_options
2025-08-06T11:37:00Z,2025-08-06T11:55:00Z,5.0,0.3,both_options
2025-08-06T11:55:00Z,2025-08-06T12:50:00Z,5.0,0.9166666666666666,both_options
2025-08-06T12:50:00Z,2025-08-06T12:55:00Z,8.0,0.08333333333333333,both_options
2025-08-06T12:55:00Z,2025-08-06T13:15:00Z,7.0,0.3333333333333333,both_options
2025-08-06T13:15:00Z,2025-08-06T13:55:00Z,5.0,0.6666666666666666,both_options
2025-08-06T13:55:00Z,2025-08-06T14:14:00Z,10.0,0.31666666666666665,both_options
2025-08-06T14:14:00Z,2025-08-06T14:35:00Z,4.0,0.35,both_options
2025-08-06T14:35:00Z,2025-08-06T14:55:00Z,2.0,0.3333333333333333,both_options
2025-08-06T14:55:00Z,2025-08-06T15:23:00Z,2.0,0.4666666666666667,both_options
2025-08-06T15:23:00Z,2025-08-06T15:37:00Z,5.0,0.23333333333333334,both_options
2025-08-06T15:37:00Z,2025-08-06T15:55:00Z,7.0,0.3,both_options
2025-08-06T15:55:00Z,2025-08-06T16:06:00Z,5.0,0.18333333333333332,both_options
2025-08-06T16:06:00Z,2025-08-06T16:20:00Z,6.0,0.23333333333333334,both_options
2025-08-06T16:20:00Z,2025-08-06T16:52:00Z,2.5,0.5333333333333333,both_options
2025-08-06T16:52:00Z,2025-08-06T16:55:00Z,1.75,0.05,both_options
2025-08-06T16:55:00Z,2025-08-06T17:23:00Z,2.0,0.4666666666666667,both_options
2025-08-06T17:23:00Z,2025-08-06T17:37:00Z,1.75,0.23333333333333334,both_options
2025-08-06T17:37:00Z,2025-08-06T17:55:00Z,2.0,0.3,both_options
2025-08-06T17:55:00Z,2025-08-06T18:17:00Z,2.5,0.36666666666666664,both_options
2025-08-06T18:17:00Z,2025-08-06T18:24:00Z,1.75,0.11666666666666667,both_options
2025-08-06T18:24:00Z,2025-08-06T18:35:00Z,2.5,0.18333333333333332,both_options
2025-08-06T18:35:00Z,2025-08-06T18:45:00Z,3.0,0.16666666666666666,both_options
2025-08-06T18:45:00Z,2025-08-06T18:55:00Z,2.5,0.16666666666666666,both_options
2025-08-06T18:55:00Z,2025-08-06T19:02:00Z,2.0,0.11666666666666667,both_options
2025-08-06T19:02:00Z,2025-08-06T19:22:00Z,2.5,0.3333333333333333,both_options
2025-08-06T19:22:00Z,2025-08-06T19:29:00Z,3.0,0.11666666666666667,both_options
2025-08-06T19:29:00Z,2025-08-06T19:35:00Z,2.5,0.1,both_options
2025-08-06T19:35:00Z,2025-08-06T19:55:00Z,3.0,0.3333333333333333,both_options
2025-08-06T19:55:00Z,2025-08-06T20:38:00Z,4.0,0.7166666666666667,both_options
2025-08-06T20:38:00Z,2025-08-06T20:55:00Z,2.0,0.2833333333333333,both_options
2025-08-06T20:55:00Z,2025-08-06T21:07:00Z,2.0,0.2,both_options
2025-08-06T21:07:00Z,2025-08-06T21:17:00Z,1.75,0.16666666666666666,both_options
2025-08-06T21:17:00Z,2025-08-06T21:24:00Z,2.0,0.11666666666666667,both_options
2025-08-06T21:24:00Z,2025-08-06T21:35:00Z,1.25,0.18333333333333332,both_options
2025-08-06T21:35:00Z,2025-08-06T21:55:00Z,2.0,0.3333333333333333,both_options
2025-08-06T21:55:00Z,2025-08-06T22:15:00Z,1.25,0.3333333333333333,both_options
2025-08-06T22:15:00Z,2025-08-06T22:40:00Z,1.75,0.4166666666666667,both_options
2025-08-06T22:40:00Z,2025-08-06T22:55:00Z,2.0,0.25,both_options
2025-08-06T22:55:00Z,2025-08-06T23:12:00Z,4.0,0.2833333333333333,both_options
2025-08-06T23:12:00Z,2025-08-06T23:55:00Z,10.0,0.7166666666666667,both_options
2025-08-06T23:55:00Z,2025-08-07T00:55:00Z,10.0,1.0,both_options
2025-08-07T00:55:00Z,2025-08-07T01:45:00Z,10.0,0.8333333333333334,both_options
2025-08-07T01:45:00Z,2025-08-07T01:55:00Z,10.0,0.16666666666666666,both_options
2025-08-07T01:55:00Z,2025-08-07T02:51:00Z,10.0,0.9333333333333333,both_options
2025-08-07T02:51:00Z,2025-08-07T02:55:00Z,10.0,0.06666666666666667,both_options
2025-08-07T02:55:00Z,2025-08-07T03:10:00Z,10.0,0.25,both_options
2025-08-07T03:10:00Z,2025-08-07T03:55:00Z,10.0,0.75,both_options
2025-08-07T03:55:00Z,2025-08-07T04:17:00Z,5.0,0.36666666666666664,both_options
2025-08-07T04:17:00Z,2025-08-07T04:55:00Z,8.0,0.6333333333333333,both_options
2025-08-07T04:55:00Z,2025-08-07T05:55:00Z,10.0,1.0,both_options
2025-08-07T05:55:00Z,2025-08-07T06:06:00Z,10.0,0.18333333333333332,both_options
2025-08-07T06:06:00Z,2025-08-07T06:41:00Z,10.0,0.5833333333333334,both_options
2025-08-07T06:41:00Z,2025-08-07T06:55:00Z,10.0,0.23333333333333334,both_options
2025-08-07T06:55:00Z,2025-08-07T07:55:00Z,10.0,1.0,both_options
2025-08-07T07:55:00Z,2025-08-07T08:55:00Z,10.0,1.0,both_options
2025-08-07T08:55:00Z,2025-08-07T09:55:00Z,10.0,1.0,both_options
2025-08-07T09:55:00Z,2025-08-07T10:55:00Z,10.0,1.0,both_options
2025-08-07T10:55:00Z,2025-08-07T11:55:00Z,10.0,1.0,both_options
2025-08-07T11:55:00Z,2025-08-07T12:55:00Z,10.0,1.0,both_options
2025-08-07T12:55:00Z,2025-08-07T13:55:00Z,10.0,1.0,both_options
2025-08-07T13:55:00Z,2025-08-07T14:55:00Z,10.0,1.0,both_options
2025-08-07T14:55:00Z,2025-08-07T15:55:00Z,10.0,1.0,both_options
2025-08-07T15:55:00Z,2025-08-07T16:55:00Z,10.0,1.0,both_options
2025-08-07T16:55:00Z,2025-08-07T17:55:00Z,10.0,1.0,both_options
2025-08-07T17:55:00Z,2025-08-07T18:43:00Z,10.0,0.8,both_options
2025-08-07T18:43:00Z,2025-08-07T18:51:00Z,10.0,0.13333333333333333,both_options
2025-08-07T18:51:00Z,2025-08-07T18:55:00Z,10.0,0.06666666666666667,both_options
2025-08-07T18:55:00Z,2025-08-07T19:55:00Z,10.0,1.0,both_options
2025-08-07T19:55:00Z,2025-08-07T20:55:00Z,10.0,1.0,both_options
2025-08-07T20:55:00Z,2025-08-07T21:55:00Z,10.0,1.0,both_options
2025-08-07T21:55:00Z,2025-08-07T22:55:00Z,10.0,1.0,both_options
2025-08-07T22:55:00Z,2025-08-07T23:55:00Z,10.0,1.0,both_options
2025-08-07T23:55:00Z,2025-08-08T00:55:00Z,10.0,1.0,both_options
2025-08-08T00:55:00Z,2025-08-08T01:55:00Z,10.0,1.0,both_options
2025-08-08T01:55:00Z,2025-08-08T02:55:00Z,10.0,1.0,both_options
2025-08-08T02:55:00Z,2025-08-08T03:55:00Z,10.0,1.0,both_options
2025-08-08T03:55:00Z,2025-08-08T04:55:00Z,10.0,1.0,both_options
2025-08-08T04:55:00Z,2025-08-08T05:55:00Z,10.0,1.0,both_options
2025-08-08T05:55:00Z,2025-08-08T06:55:00Z,10.0,1.0,both_options
2025-08-08T06:55:00Z,2025-08-08T07:04:00Z,10.0,0.15,both_options
2025-08-08T07:04:00Z,2025-08-08T07:55:00Z,10.0,0.85,both_options
2025-08-08T07:55:00Z,2025-08-08T08:55:00Z,10.0,1.0,both_options
2025-08-08T08:55:00Z,2025-08-08T09:55:00Z,10.0,1.0,both_options
2025-08-08T09:55:00Z,2025-08-08T10:55:00Z,10.0,1.0,both_options
2025-08-08T10:55:00Z,2025-08-08T11:55:00Z,10.0,1.0,both_options
2025-08-08T11:55:00Z,2025-08-08T12:05:00Z,10.0,0.16666666666666666,both_options
2025-08-08T12:05:00Z,2025-08-08T12:10:00Z,7.0,0.08333333333333333,both_options
2025-08-08T12:10:00Z,2025-08-08T12:13:00Z,2.5,0.05,both_options
2025-08-08T12:13:00Z,2025-08-08T12:22:00Z,1.25,0.15,both_options
2025-08-08T12:22:00Z,2025-08-08T12:31:00Z,0.75,0.15,lower_only
2025-08-08T12:31:00Z,2025-08-08T12:39:00Z,1.5,0.13333333333333333,both_options
2025-08-08T12:39:00Z,2025-08-08T12:46:00Z,2.0,0.11666666666666667,both_options
2025-08-08T12:46:00Z,2025-08-08T12:55:00Z,1.5,0.15,both_options
2025-08-08T12:55:00Z,2025-08-08T13:03:00Z,1.0,0.13333333333333333,both_options
2025-08-08T13:03:00Z,2025-08-08T13:31:00Z,0.75,0.4666666666666667,lower_only
2025-08-08T13:31:00Z,2025-08-08T13:38:00Z,1.5,0.11666666666666667,both_options
2025-08-08T13:38:00Z,2025-08-08T13:55:00Z,3.0,0.2833333333333333,both_options
2025-08-08T13:55:00Z,2025-08-08T14:55:00Z,10.0,1.0,both_options
2025-08-08T14:55:00Z,2025-08-08T15:55:00Z,10.0,1.0,both_options
2025-08-08T15:55:00Z,2025-08-08T16:55:00Z,10.0,1.0,both_options
2025-08-08T16:55:00Z,2025-08-08T17:55:00Z,10.0,1.0,both_options
2025-08-08T17:55:00Z,2025-08-08T18:55:00Z,10.0,1.0,both_options
2025-08-08T18:55:00Z,2025-08-08T19:55:00Z,10.0,1.0,both_options
2025-08-08T19:55:00Z,2025-08-08T20:55:00Z,10.0,1.0,both_options
2025-08-08T20:55:00Z,2025-08-08T21:55:00Z,10.0,1.0,both_options
2025-08-08T21:55:00Z,2025-08-08T22:55:00Z,10.0,1.0,both_options
2025-08-08T22:55:00Z,2025-08-08T23:55:00Z,10.0,1.0,both_options
2025-08-08T23:55:00Z,2025-08-09T00:55:00Z,10.0,1.0,both_options
2025-08-09T00:55:00Z,2025-08-09T01:55:00Z,10.0,1.0,both_options
2025-08-09T01:55:00Z,2025-08-09T02:55:00Z,10.0,1.0,both_options
2025-08-09T02:55:00Z,2025-08-09T03:55:00Z,10.0,1.0,both_options
2025-08-09T03:55:00Z,2025-08-09T04:55:00Z,10.0,1.0,both_options
2025-08-09T04:55:00Z,2025-08-09T05:55:00Z,10.0,1.0,both_options
2025-08-09T05:55:00Z,2025-08-09T06:55:00Z,10.0,1.0,both_options
2025-08-09T06:55:00Z,2025-08-09T07:55:00Z,10.0,1.0,both_options
2025-08-09T07:55:00Z,2025-08-09T08:55:00Z,10.0,1.0,both_options
2025-08-09T08:55:00Z,2025-08-09T09:55:00Z,10.0,1.0,both_options
2025-08-09T09:55:00Z,2025-08-09T10:55:00Z,10.0,1.0,both_options
2025-08-09T10:55:00Z,2025-08-09T11:55:00Z,10.0,1.0,both_options
2025-08-09T11:55:00Z,2025-08-09T12:55:00Z,10.0,1.0,both_options
2025-08-09T12:55:00Z,2025-08-09T13:55:00Z,10.0,1.0,both_options
2025-08-09T13:55:00Z,2025-08-09T14:10:00Z,10.0,0.25,both_options
2025-08-09T14:10:00Z,2025-08-09T14:26:00Z,10.0,0.26666666666666666,both_options
2025-08-09T14:26:00Z,2025-08-09T14:53:00Z,10.0,0.45,both_options
2025-08-09T14:53:00Z,2025-08-09T14:55:00Z,10.0,0.03333333333333333,both_options
2025-08-09T14:55:00Z,2025-08-09T15:55:00Z,10.0,1.0,both_options
2025-08-09T15:55:00Z,2025-08-09T16:55:00Z,10.0,1.0,both_options
2025-08-09T16:55:00Z,2025-08-09T17:55:00Z,10.0,1.0,both_options
2025-08-09T17:55:00Z,2025-08-09T18:55:00Z,10.0,1.0,both_options
2025-08-09T18:55:00Z,2025-08-09T19:55:00Z,10.0,1.0,both_options
2025-08-09T19:55:00Z,2025-08-09T20:55:00Z,10.0,1.0,both_options
2025-08-09T20:55:00Z,2025-08-09T21:55:00Z,10.0,1.0,both_options
2025-08-09T21:55:00Z,2025-08-09T22:55:00Z,10.0,1.0,both_options
2025-08-09T22:55:00Z,2025-08-09T23:55:00Z,10.0,1.0,both_options
2025-08-09T23:55:00Z,2025-08-10T00:55:00Z,10.0,1.0,both_options
2025-08-10T00:55:00Z,2025-08-10T01:55:00Z,10.0,1.0,both_options
2025-08-10T01:55:00Z,2025-08-10T02:55:00Z,10.0,1.0,both_options
2025-08-10T02:55:00Z,2025-08-10T03:55:00Z,10.0,1.0,both_options
2025-08-10T03:55:00Z,2025-08-10T04:55:00Z,10.0,1.0,both_options
2025-08-10T04:55:00Z,2025-08-10T05:55:00Z,10.0,1.0,both_options
2025-08-10T05:55:00Z,2025-08-10T06:29:00Z,10.0,0.5666666666666667,both_options
2025-08-10T06:29:00Z,2025-08-10T06:44:00Z,10.0,0.25,both_options
2025-08-10T06:44:00Z,2025-08-10T06:55:00Z,10.0,0.18333333333333332,both_options
2025-08-10T06:55:00Z,2025-08-10T07:47:00Z,10.0,0.8666666666666667,both_options
2025-08-10T07:47:00Z,2025-08-10T07:55:00Z,9.0,0.13333333333333333,both_options
2025-08-10T07:55:00Z,2025-08-10T08:55:00Z,9.0,1.0,both_options
2025-08-10T08:55:00Z,2025-08-10T09:55:00Z,7.0,1.0,both_options
2025-08-10T09:55:00Z,2025-08-10T10:55:00Z,6.0,1.0,both_options
2025-08-10T10:55:00Z,2025-08-10T11:55:00Z,7.0,1.0,both_options
2025-08-10T11:55:00Z,2025-08-10T12:38:00Z,6.0,0.7166666666666667,both_options
2025-08-10T12:38:00Z,2025-08-10T12:55:00Z,2.0,0.2833333333333333,both_options
2025-08-10T12:55:00Z,2025-08-10T13:27:00Z,1.25,0.5333333333333333,both_options
2025-08-10T13:27:00Z,2025-08-10T13:41:00Z,0.5,0.23333333333333334,neither_option
2025-08-10T13:41:00Z,2025-08-10T13:51:00Z,0.25,0.16666666666666666,neither_option
2025-08-10T13:51:00Z,2025-08-10T13:55:00Z,0.5,0.06666666666666667,neither_option
2025-08-10T13:55:00Z,2025-08-10T14:04:00Z,0.5,0.15,neither_option
2025-08-10T14:04:00Z,2025-08-10T14:10:00Z,1.5,0.1,both_options
2025-08-10T14:10:00Z,2025-08-10T14:23:00Z,3.0,0.21666666666666667,both_options
2025-08-10T14:23:00Z,2025-08-10T14:35:00Z,2.0,0.2,both_options
2025-08-10T14:35:00Z,2025-08-10T14:55:00Z,4.0,0.3333333333333333,both_options
2025-08-10T14:55:00Z,2025-08-10T14:58:00Z,2.5,0.05,both_options
2025-08-10T14:58:00Z,2025-08-10T15:05:00Z,1.0,0.11666666666666667,both_options
2025-08-10T15:05:00Z,2025-08-10T15:10:00Z,0.5,0.08333333333333333,neither_option
2025-08-10T15:10:00Z,2025-08-10T15:17:00Z,2.0,0.11666666666666667,both_options
2025-08-10T15:17:00Z,2025-08-10T15:48:00Z,6.0,0.5166666666666667,both_options
2025-08-10T15:48:00Z,2025-08-10T15:55:00Z,9.0,0.11666666666666667,both_options
2025-08-10T15:55:00Z,2025-08-10T16:55:00Z,10.0,1.0,both_options
2025-08-10T16:55:00Z,2025-08-10T17:55:00Z,10.0,1.0,both_options
2025-08-10T17:55:00Z,2025-08-10T18:55:00Z,10.0,1.0,both_options
2025-08-10T18:55:00Z,2025-08-10T19:55:00Z,10.0,1.0,both_options
2025-08-10T19:55:00Z,2025-08-10T20:55:00Z,10.0,1.0,both_options
2025-08-10T20:55:00Z,2025-08-10T21:55:00Z,10.0,1.0,both_options
2025-08-10T21:55:00Z,2025-08-10T22:55:00Z,10.0,1.0,both_options
2025-08-10T22:55:00Z,2025-08-10T23:55:00Z,10.0,1.0,both_options
2025-08-10T23:55:00Z,2025-08-11T00:55:00Z,10.0,1.0,both_options
2025-08-11T00:55:00Z,2025-08-11T01:55:00Z,10.0,1.0,both_options
2025-08-11T01:55:00Z,2025-08-11T02:55:00Z,10.0,1.0,both_options
2025-08-11T02:55:00Z,2025-08-11T03:55:00Z,10.0,1.0,both_options
2025-08-11T03:55:00Z,2025-08-11T04:55:00Z,10.0,1.0,both_options
2025-08-11T04:55:00Z,2025-08-11T05:55:00Z,10.0,1.0,both_options
2025-08-11T05:55:00Z,2025-08-11T06:55:00Z,10.0,1.0,both_options
2025-08-11T06:55:00Z,2025-08-11T07:55:00Z,8.0,1.0,both_options
2025-08-11T07:55:00Z,2025-08-11T08:55:00Z,9.0,1.0,both_options
2025-08-11T08:55:00Z,2025-08-11T09:55:00Z,8.0,1.0,both_options
2025-08-11T09:55:00Z,2025-08-11T10:55:00Z,7.0,1.0,both_options
2025-08-11T10:55:00Z,2025-08-11T11:34:00Z,7.0,0.65,both_options
2025-08-11T11:34:00Z,2025-08-11T11:45:00Z,7.0,0.18333333333333332,both_options
2025-08-11T11:45:00Z,2025-08-11T11:55:00Z,7.0,0.16666666666666666,both_options
2025-08-11T11:55:00Z,2025-08-11T12:47:00Z,7.0,0.8666666666666667,both_options
2025-08-11T12:47:00Z,2025-08-11T12:55:00Z,7.0,0.13333333333333333,both_options
2025-08-11T12:55:00Z,2025-08-11T13:55:00Z,7.0,1.0,both_options
2025-08-11T13:55:00Z,2025-08-11T14:36:00Z,5.0,0.6833333333333333,both_options
2025-08-11T14:36:00Z,2025-08-11T14:53:00Z,4.0,0.2833333333333333,both_options
2025-08-11T14:53:00Z,2025-08-11T14:55:00Z,2.0,0.03333333333333333,both_options
2025-08-11T14:55:00Z,2025-08-11T15:10:00Z,2.0,0.25,both_options
2025-08-11T15:10:00Z,2025-08-11T15:22:00Z,3.0,0.2,both_options
2025-08-11T15:22:00Z,2025-08-11T15:55:00Z,4.0,0.55,both_options
2025-08-11T15:55:00Z,2025-08-11T16:26:00Z,5.0,0.5166666666666667,both_options
2025-08-11T16:26:00Z,2025-08-11T16:55:00Z,6.0,0.48333333333333334,both_options
2025-08-11T16:55:00Z,2025-08-11T17:55:00Z,7.0,1.0,both_options
2025-08-11T17:55:00Z,2025-08-11T18:55:00Z,9.0,1.0,both_options
2025-08-11T18:55:00Z,2025-08-11T19:55:00Z,7.0,1.0,both_options
2025-08-11T19:55:00Z,2025-08-11T20:55:00Z,6.0,1.0,both_options
2025-08-11T20:55:00Z,2025-08-11T21:55:00Z,7.0,1.0,both_options
2025-08-11T21:55:00Z,2025-08-11T22:55:00Z,7.0,1.0,both_options
2025-08-11T22:55:00Z,2025-08-11T23:55:00Z,7.0,1.0,both_options
2025-08-11T23:55:00Z,2025-08-12T00:55:00Z,8.0,1.0,both_options
2025-08-12T00:55:00Z,2025-08-12T01:55:00Z,10.0,1.0,both_options
2025-08-12T01:55:00Z,2025-08-12T02:55:00Z,9.0,1.0,both_options
2025-08-12T02:55:00Z,2025-08-12T03:55:00Z,7.0,1.0,both_options
2025-08-12T03:55:00Z,2025-08-12T04:55:00Z,8.0,1.0,both_options
2025-08-12T04:55:00Z,2025-08-12T05:55:00Z,9.0,1.0,both_options
2025-08-12T05:55:00Z,2025-08-12T06:55:00Z,9.0,1.0,both_options
2025-08-12T06:55:00Z,2025-08-12T07:55:00Z,9.0,1.0,both_options
2025-08-12T07:55:00Z,2025-08-12T08:55:00Z,9.0,1.0,both_options
2025-08-12T08:55:00Z,2025-08-12T09:55:00Z,8.0,1.0,both_options
2025-08-12T09:55:00Z,2025-08-12T10:55:00Z,6.0,1.0,both_options
2025-08-12T10:55:00Z,2025-08-12T11:47:00Z,6.0,0.8666666666666667,both_options
2025-08-12T11:47:00Z,2025-08-12T11:55:00Z,7.0,0.13333333333333333,both_options
2025-08-12T11:55:00Z,2025-08-12T12:38:00Z,6.0,0.7166666666666667,both_options
2025-08-12T12:38:00Z,2025-08-12T12:49:00Z,3.0,0.18333333333333332,both_options
2025-08-12T12:49:00Z,2025-08-12T12:55:00Z,1.75,0.1,both_options
2025-08-12T12:55:00Z,2025-08-12T13:10:00Z,1.0,0.25,both_options
2025-08-12T13:10:00Z,2025-08-12T13:17:00Z,2.0,0.11666666666666667,both_options
2025-08-12T13:17:00Z,2025-08-12T13:26:00Z,1.25,0.15,both_options
2025-08-12T13:26:00Z,2025-08-12T13:55:00Z,0.5,0.48333333333333334,neither_option
2025-08-12T13:55:00Z,2025-08-12T14:04:00Z,0.5,0.15,neither_option
2025-08-12T14:04:00Z,2025-08-12T14:10:00Z,1.5,0.1,both_options
2025-08-12T14:10:00Z,2025-08-12T14:21:00Z,3.0,0.18333333333333332,both_options
2025-08-12T14:21:00Z,2025-08-12T14:55:00Z,6.0,0.5666666666666667,both_options
2025-08-12T14:55:00Z,2025-08-12T15:06:00Z,6.0,0.18333333333333332,both_options
2025-08-12T15:06:00Z,2025-08-12T15:55:00Z,6.0,0.8166666666666667,both_options
2025-08-12T15:55:00Z,2025-08-12T16:55:00Z,7.0,1.0,both_options
2025-08-12T16:55:00Z,2025-08-12T17:55:00Z,9.0,1.0,both_options
2025-08-12T17:55:00Z,2025-08-12T18:55:00Z,9.0,1.0,both_options
2025-08-12T18:55:00Z,2025-08-12T19:55:00Z,10.0,1.0,both_options
2025-08-12T19:55:00Z,2025-08-12T20:55:00Z,10.0,1.0,both_options
2025-08-12T20:55:00Z,2025-08-12T21:55:00Z,10.0,1.0,both_options
2025-08-12T21:55:00Z,2025-08-12T22:55:00Z,10.0,1.0,both_options
2025-08-12T22:55:00Z,2025-08-12T23:55:00Z,10.0,1.0,both_options
2025-08-12T23:55:00Z,2025-08-13T00:55:00Z,10.0,1.0,both_options
2025-08-13T00:55:00Z,2025-08-13T01:04:00Z,9.0,0.15,both_options
2025-08-13T01:04:00Z,2025-08-13T01:55:00Z,9.0,0.85,both_options
2025-08-13T01:55:00Z,2025-08-13T02:05:00Z,8.0,0.16666666666666666,both_options
2025-08-13T02:05:00Z,2025-08-13T02:26:00Z,8.0,0.35,both_options
2025-08-13T02:26:00Z,2025-08-13T02:55:00Z,7.0,0.48333333333333334,both_options
2025-08-13T02:55:00Z,2025-08-13T03:26:00Z,7.0,0.5166666666666667,both_options
2025-08-13T03:26:00Z,2025-08-13T03:55:00Z,6.0,0.48333333333333334,both_options
2025-08-13T03:55:00Z,2025-08-13T04:55:00Z,8.0,1.0,both_options
2025-08-13T04:55:00Z,2025-08-13T05:55:00Z,7.0,1.0,both_options
2025-08-13T05:55:00Z,2025-08-13T06:55:00Z,7.0,1.0,both_options
2025-08-13T06:55:00Z,2025-08-13T07:55:00Z,6.0,1.0,both_options
2025-08-13T07:55:00Z,2025-08-13T08:55:00Z,6.0,1.0,both_options
2025-08-13T08:55:00Z,2025-08-13T09:30:00Z,7.0,0.5833333333333334,both_options
2025-08-13T09:30:00Z,2025-08-13T09:55:00Z,7.0,0.4166666666666667,both_options
2025-08-13T09:55:00Z,2025-08-13T10:52:00Z,7.0,0.95,both_options
2025-08-13T10:52:00Z,2025-08-13T10:55:00Z,6.0,0.05,both_options
2025-08-13T10:55:00Z,2025-08-13T11:06:00Z,6.0,0.18333333333333332,both_options
2025-08-13T11:06:00Z,2025-08-13T11:17:00Z,6.0,0.18333333333333332,both_options
2025-08-13T11:17:00Z,2025-08-13T11:55:00Z,6.0,0.6333333333333333,both_options
2025-08-13T11:55:00Z,2025-08-13T12:12:00Z,5.0,0.2833333333333333,both_options
2025-08-13T12:12:00Z,2025-08-13T12:34:00Z,6.0,0.36666666666666664,both_options
2025-08-13T12:34:00Z,2025-08-13T12:55:00Z,5.0,0.35,both_options
2025-08-13T12:55:00Z,2025-08-13T13:11:00Z,2.5,0.26666666666666666,both_options
2025-08-13T13:11:00Z,2025-08-13T13:38:00Z,3.0,0.45,both_options
2025-08-13T13:38:00Z,2025-08-13T13:46:00Z,1.75,0.13333333333333333,both_options
2025-08-13T13:46:00Z,2025-08-13T13:55:00Z,1.25,0.15,both_options
2025-08-13T13:55:00Z,2025-08-13T14:17:00Z,0.75,0.36666666666666664,lower_only
2025-08-13T14:17:00Z,2025-08-13T14:24:00Z,1.25,0.11666666666666667,both_options
2025-08-13T14:24:00Z,2025-08-13T14:32:00Z,1.5,0.13333333333333333,both_options
2025-08-13T14:32:00Z,2025-08-13T14:48:00Z,3.0,0.26666666666666666,both_options
2025-08-13T14:48:00Z,2025-08-13T14:55:00Z,2.0,0.11666666666666667,both_options
2025-08-13T14:55:00Z,2025-08-13T15:05:00Z,1.5,0.16666666666666666,both_options
2025-08-13T15:05:00Z,2025-08-13T15:16:00Z,3.0,0.18333333333333332,both_options
2025-08-13T15:16:00Z,2025-08-13T15:22:00Z,1.5,0.1,both_options
2025-08-13T15:22:00Z,2025-08-13T15:27:00Z,0.75,0.08333333333333333,lower_only
2025-08-13T15:27:00Z,2025-08-13T15:36:00Z,1.0,0.15,both_options
2025-08-13T15:36:00Z,2025-08-13T15:43:00Z,1.75,0.11666666666666667,both_options
2025-08-13T15:43:00Z,2025-08-13T15:49:00Z,3.0,0.1,both_options
2025-08-13T15:49:00Z,2025-08-13T15:55:00Z,1.5,0.1,both_options
2025-08-13T15:55:00Z,2025-08-13T16:00:00Z,1.0,0.08333333333333333,both_options
2025-08-13T16:00:00Z,2025-08-13T16:04:00Z,2.0,0.06666666666666667,both_options
2025-08-13T16:04:00Z,2025-08-13T16:11:00Z,5.0,0.11666666666666667,both_options
2025-08-13T16:11:00Z,2025-08-13T16:55:00Z,8.0,0.7333333333333333,both_options
2025-08-13T16:55:00Z,2025-08-13T17:04:00Z,1.75,0.15,both_options
2025-08-13T17:04:00Z,2025-08-13T17:26:00Z,3.0,0.36666666666666664,both_options
2025-08-13T17:26:00Z,2025-08-13T17:32:00Z,1.75,0.1,both_options
2025-08-13T17:32:00Z,2025-08-13T17:39:00Z,3.0,0.11666666666666667,both_options
2025-08-13T17:39:00Z,2025-08-13T17:55:00Z,6.0,0.26666666666666666,both_options
2025-08-13T17:55:00Z,2025-08-13T18:14:00Z,4.0,0.31666666666666665,both_options
2025-08-13T18:14:00Z,2025-08-13T18:50:00Z,10.0,0.6,both_options
2025-08-13T18:50:00Z,2025-08-13T18:55:00Z,6.0,0.08333333333333333,both_options
2025-08-13T18:55:00Z,2025-08-13T19:44:00Z,4.0,0.8166666666666667,both_options
2025-08-13T19:44:00Z,2025-08-13T19:55:00Z,10.0,0.18333333333333332,both_options
2025-08-13T19:55:00Z,2025-08-13T20:55:00Z,10.0,1.0,both_options
2025-08-13T20:55:00Z,2025-08-13T21:55:00Z,10.0,1.0,both_options
2025-08-13T21:55:00Z,2025-08-13T22:08:00Z,10.0,0.21666666666666667,both_options
2025-08-13T22:08:00Z,2025-08-13T22:55:00Z,10.0,0.7833333333333333,both_options
2025-08-13T22:55:00Z,2025-08-13T23:33:00Z,10.0,0.6333333333333333,both_options
2025-08-13T23:33:00Z,2025-08-13T23:55:00Z,10.0,0.36666666666666664,both_options
2025-08-13T23:55:00Z,2025-08-14T00:53:00Z,10.0,0.9666666666666667,both_options
2025-08-14T00:53:00Z,2025-08-14T00:55:00Z,8.0,0.03333333333333333,both_options
2025-08-14T00:55:00Z,2025-08-14T01:08:00Z,10.0,0.21666666666666667,both_options
2025-08-14T01:08:00Z,2025-08-14T01:55:00Z,10.0,0.7833333333333333,both_options
2025-08-14T01:55:00Z,2025-08-14T02:16:00Z,10.0,0.35,both_options
2025-08-14T02:16:00Z,2025-08-14T02:55:00Z,10.0,0.65,both_options
2025-08-14T02:55:00Z,2025-08-14T03:45:00Z,10.0,0.8333333333333334,both_options
2025-08-14T03:45:00Z,2025-08-14T03:55:00Z,10.0,0.16666666666666666,both_options
2025-08-14T03:55:00Z,2025-08-14T04:24:00Z,10.0,0.48333333333333334,both_options
2025-08-14T04:24:00Z,2025-08-14T04:37:00Z,10.0,0.21666666666666667,both_options
2025-08-14T04:37:00Z,2025-08-14T04:45:00Z,10.0,0.13333333333333333,both_options
2025-08-14T04:45:00Z,2025-08-14T04:55:00Z,10.0,0.16666666666666666,both_options
2025-08-14T04:55:00Z,2025-08-14T05:10:00Z,10.0,0.25,both_options
2025-08-14T05:10:00Z,2025-08-14T05:55:00Z,9.0,0.75,both_options
2025-08-14T05:55:00Z,2025-08-14T06:45:00Z,10.0,0.8333333333333334,both_options
2025-08-14T06:45:00Z,2025-08-14T06:55:00Z,10.0,0.16666666666666666,both_options
2025-08-14T06:55:00Z,2025-08-14T07:55:00Z,10.0,1.0,both_options
2025-08-14T07:55:00Z,2025-08-14T08:55:00Z,10.0,1.0,both_options
2025-08-14T08:55:00Z,2025-08-14T09:55:00Z,10.0,1.0,both_options
2025-08-14T09:55:00Z,2025-08-14T10:09:00Z,10.0,0.23333333333333334,both_options
2025-08-14T10:09:00Z,2025-08-14T10:55:00Z,10.0,0.7666666666666667,both_options
2025-08-14T10:55:00Z,2025-08-14T11:55:00Z,10.0,1.0,both_options
2025-08-14T11:55:00Z,2025-08-14T12:55:00Z,10.0,1.0,both_options
2025-08-14T12:55:00Z,2025-08-14T13:55:00Z,10.0,1.0,both_options
2025-08-14T13:55:00Z,2025-08-14T14:05:00Z,10.0,0.16666666666666666,both_options
2025-08-14T14:05:00Z,2025-08-14T14:55:00Z,10.0,0.8333333333333334,both_options
2025-08-14T14:55:00Z,2025-08-14T15:55:00Z,9.0,1.0,both_options
2025-08-14T15:55:00Z,2025-08-14T16:55:00Z,9.0,1.0,both_options
2025-08-14T16:55:00Z,2025-08-14T17:55:00Z,10.0,1.0,both_options
2025-08-14T17:55:00Z,2025-08-14T18:55:00Z,10.0,1.0,both_options
2025-08-14T18:55:00Z,2025-08-14T19:33:00Z,10.0,0.6333333333333333,both_options
2025-08-14T19:33:00Z,2025-08-14T19:55:00Z,10.0,0.36666666666666664,both_options
2025-08-14T19:55:00Z,2025-08-14T20:03:00Z,10.0,0.13333333333333333,both_options
2025-08-14T20:03:00Z,2025-08-14T20:55:00Z,10.0,0.8666666666666667,both_options
2025-08-14T20:55:00Z,2025-08-14T21:55:00Z,10.0,1.0,both_options
2025-08-14T21:55:00Z,2025-08-14T22:55:00Z,10.0,1.0,both_options
2025-08-14T22:55:00Z,2025-08-14T23:55:00Z,10.0,1.0,both_options
2025-08-14T23:55:00Z,2025-08-15T00:16:00Z,6.0,0.35,both_options
2025-08-15T00:16:00Z,2025-08-15T00:36:00Z,2.5,0.3333333333333333,both_options
2025-08-15T00:36:00Z,2025-08-15T00:45:00Z,3.0,0.15,both_options
2025-08-15T00:45:00Z,2025-08-15T00:55:00Z,2.5,0.16666666666666666,both_options
2025-08-15T00:55:00Z,2025-08-15T01:03:00Z,3.0,0.13333333333333333,both_options
2025-08-15T01:03:00Z,2025-08-15T01:13:00Z,2.5,0.16666666666666666,both_options
2025-08-15T01:13:00Z,2025-08-15T01:23:00Z,5.0,0.16666666666666666,both_options
2025-08-15T01:23:00Z,2025-08-15T01:40:00Z,6.0,0.2833333333333333,both_options
2025-08-15T01:40:00Z,2025-08-15T01:55:00Z,6.0,0.25,both_options
2025-08-15T01:55:00Z,2025-08-15T02:55:00Z,4.0,1.0,both_options
2025-08-15T02:55:00Z,2025-08-15T03:06:00Z,3.0,0.18333333333333332,both_options
2025-08-15T03:06:00Z,2025-08-15T03:55:00Z,8.0,0.8166666666666667,both_options
2025-08-15T03:55:00Z,2025-08-15T04:55:00Z,10.0,1.0,both_options
2025-08-15T04:55:00Z,2025-08-15T05:19:00Z,10.0,0.4,both_options
2025-08-15T05:19:00Z,2025-08-15T05:29:00Z,10.0,0.16666666666666666,both_options
2025-08-15T05:29:00Z,2025-08-15T05:36:00Z,10.0,0.11666666666666667,both_options
2025-08-15T05:36:00Z,2025-08-15T05:55:00Z,10.0,0.31666666666666665,both_options
2025-08-15T05:55:00Z,2025-08-15T06:55:00Z,10.0,1.0,both_options
2025-08-15T06:55:00Z,2025-08-15T07:13:00Z,10.0,0.3,both_options
2025-08-15T07:13:00Z,2025-08-15T07:28:00Z,3.0,0.25,both_options
2025-08-15T07:28:00Z,2025-08-15T07:38:00Z,2.5,0.16666666666666666,both_options
2025-08-15T07:38:00Z,2025-08-15T07:55:00Z,2.5,0.2833333333333333,both_options
2025-08-15T07:55:00Z,2025-08-15T08:24:00Z,3.0,0.48333333333333334,both_options
2025-08-15T08:24:00Z,2025-08-15T08:55:00Z,7.0,0.5166666666666667,both_options
2025-08-15T08:55:00Z,2025-08-15T09:55:00Z,3.0,1.0,both_options
2025-08-15T09:55:00Z,2025-08-15T10:55:00Z,6.0,1.0,both_options
2025-08-15T10:55:00Z,2025-08-15T11:24:00Z,5.0,0.48333333333333334,both_options
2025-08-15T11:24:00Z,2025-08-15T11:32:00Z,9.0,0.13333333333333333,both_options
2025-08-15T11:32:00Z,2025-08-15T11:55:00Z,10.0,0.38333333333333336,both_options
2025-08-15T11:55:00Z,2025-08-15T12:25:00Z,10.0,0.5,both_options
2025-08-15T12:25:00Z,2025-08-15T12:36:00Z,10.0,0.18333333333333332,both_options
2025-08-15T12:36:00Z,2025-08-15T12:55:00Z,10.0,0.31666666666666665,both_options
2025-08-15T12:55:00Z,2025-08-15T13:07:00Z,6.0,0.2,both_options
2025-08-15T13:07:00Z,2025-08-15T13:19:00Z,5.0,0.2,both_options
2025-08-15T13:19:00Z,2025-08-15T13:55:00Z,5.0,0.6,both_options
2025-08-15T13:55:00Z,2025-08-15T14:13:00Z,5.0,0.3,both_options
2025-08-15T14:13:00Z,2025-08-15T14:52:00Z,2.0,0.65,both_options
2025-08-15T14:52:00Z,2025-08-15T14:55:00Z,1.75,0.05,both_options
2025-08-15T14:55:00Z,2025-08-15T15:03:00Z,1.75,0.13333333333333333,both_options
2025-08-15T15:03:00Z,2025-08-15T15:17:00Z,2.0,0.23333333333333334,both_options
2025-08-15T15:17:00Z,2025-08-15T15:26:00Z,3.0,0.15,both_options
2025-08-15T15:26:00Z,2025-08-15T15:55:00Z,2.5,0.48333333333333334,both_options
2025-08-15T15:55:00Z,2025-08-15T16:09:00Z,2.0,0.23333333333333334,both_options
2025-08-15T16:09:00Z,2025-08-15T16:21:00Z,4.0,0.2,both_options
2025-08-15T16:21:00Z,2025-08-15T16:46:00Z,2.0,0.4166666666666667,both_options
2025-08-15T16:46:00Z,2025-08-15T16:55:00Z,2.5,0.15,both_options
2025-08-15T16:55:00Z,2025-08-15T17:20:00Z,2.0,0.4166666666666667,both_options
2025-08-15T17:20:00Z,2025-08-15T17:44:00Z,1.75,0.4,both_options
2025-08-15T17:44:00Z,2025-08-15T17:55:00Z,2.0,0.18333333333333332,both_options
2025-08-15T17:55:00Z,2025-08-15T18:04:00Z,2.5,0.15,both_options
2025-08-15T18:04:00Z,2025-08-15T18:55:00Z,2.0,0.85,both_options
2025-08-15T18:55:00Z,2025-08-15T19:15:00Z,1.5,0.3333333333333333,both_options
2025-08-15T19:15:00Z,2025-08-15T19:38:00Z,1.75,0.38333333333333336,both_options
2025-08-15T19:38:00Z,2025-08-15T19:44:00Z,1.25,0.1,both_options
2025-08-15T19:44:00Z,2025-08-15T19:53:00Z,1.5,0.15,both_options
2025-08-15T19:53:00Z,2025-08-15T19:55:00Z,1.25,0.03333333333333333,both_options
2025-08-15T19:55:00Z,2025-08-15T20:28:00Z,1.25,0.55,both_options
2025-08-15T20:28:00Z,2025-08-15T20:42:00Z,1.75,0.23333333333333334,both_options
2025-08-15T20:42:00Z,2025-08-15T20:55:00Z,1.25,0.21666666666666667,both_options
2025-08-15T20:55:00Z,2025-08-15T21:05:00Z,1.75,0.16666666666666666,both_options
2025-08-15T21:05:00Z,2025-08-15T21:12:00Z,2.0,0.11666666666666667,both_options
2025-08-15T21:12:00Z,2025-08-15T21:47:00Z,1.5,0.5833333333333334,both_options
2025-08-15T21:47:00Z,2025-08-15T21:55:00Z,3.0,0.13333333333333333,both_options
2025-08-15T21:55:00Z,2025-08-15T21:59:00Z,3.0,0.06666666666666667,both_options
2025-08-15T21:59:00Z,2025-08-15T22:02:00Z,2.5,0.05,both_options
2025-08-15T22:02:00Z,2025-08-15T22:55:00Z,2.0,0.8833333333333333,both_options
2025-08-15T22:55:00Z,2025-08-15T23:10:00Z,2.0,0.25,both_options
2025-08-15T23:10:00Z,2025-08-15T23:19:00Z,1.75,0.15,both_options
2025-08-15T23:19:00Z,2025-08-15T23:48:00Z,2.5,0.48333333333333334,both_options
2025-08-15T23:48:00Z,2025-08-15T23:55:00Z,2.0,0.11666666666666667,both_options
2025-08-15T23:55:00Z,2025-08-15T23:59:00Z,2.5,0.06666666666666667,both_options
2025-08-15T23:59:00Z,2025-08-16T00:05:00Z,3.0,0.1,both_options
2025-08-16T00:05:00Z,2025-08-16T00:17:00Z,2.5,0.2,both_options
2025-08-16T00:17:00Z,2025-08-16T00:31:00Z,1.75,0.23333333333333334,both_options
2025-08-16T00:31:00Z,2025-08-16T00:55:00Z,2.0,0.4,both_options
2025-08-16T00:55:00Z,2025-08-16T01:02:00Z,2.0,0.11666666666666667,both_options
2025-08-16T01:02:00Z,2025-08-16T01:04:00Z,2.5,0.03333333333333333,both_options
2025-08-16T01:04:00Z,2025-08-16T01:14:00Z,3.0,0.16666666666666666,both_options
2025-08-16T01:14:00Z,2025-08-16T01:33:00Z,2.5,0.31666666666666665,both_options
2025-08-16T01:33:00Z,2025-08-16T01:51:00Z,3.0,0.3,both_options
2025-08-16T01:51:00Z,2025-08-16T01:53:00Z,3.0,0.03333333333333333,both_options
2025-08-16T01:53:00Z,2025-08-16T01:55:00Z,2.5,0.03333333333333333,both_options
2025-08-16T01:55:00Z,2025-08-16T02:05:00Z,2.5,0.16666666666666666,both_options
2025-08-16T02:05:00Z,2025-08-16T02:35:00Z,2.5,0.5,both_options
2025-08-16T02:35:00Z,2025-08-16T02:46:00Z,2.0,0.18333333333333332,both_options
2025-08-16T02:46:00Z,2025-08-16T02:55:00Z,1.75,0.15,both_options
2025-08-16T02:55:00Z,2025-08-16T03:32:00Z,3.0,0.6166666666666667,both_options
2025-08-16T03:32:00Z,2025-08-16T03:42:00Z,2.5,0.16666666666666666,both_options
2025-08-16T03:42:00Z,2025-08-16T03:55:00Z,3.0,0.21666666666666667,both_options
2025-08-16T03:55:00Z,2025-08-16T04:24:00Z,3.0,0.48333333333333334,both_options
2025-08-16T04:24:00Z,2025-08-16T04:31:00Z,2.5,0.11666666666666667,both_options
2025-08-16T04:31:00Z,2025-08-16T04:39:00Z,3.0,0.13333333333333333,both_options
2025-08-16T04:39:00Z,2025-08-16T04:53:00Z,2.5,0.23333333333333334,both_options
2025-08-16T04:53:00Z,2025-08-16T04:55:00Z,2.5,0.03333333333333333,both_options
2025-08-16T04:55:00Z,2025-08-16T05:01:00Z,2.5,0.1,both_options
2025-08-16T05:01:00Z,2025-08-16T05:10:00Z,3.0,0.15,both_options
2025-08-16T05:10:00Z,2025-08-16T05:19:00Z,2.5,0.15,both_options
2025-08-16T05:19:00Z,2025-08-16T05:35:00Z,3.0,0.26666666666666666,both_options
2025-08-16T05:35:00Z,2025-08-16T05:48:00Z,2.5,0.21666666666666667,both_options
2025-08-16T05:48:00Z,2025-08-16T05:55:00Z,2.0,0.11666666666666667,both_options
2025-08-16T05:55:00Z,2025-08-16T06:22:00Z,2.5,0.45,both_options
2025-08-16T06:22:00Z,2025-08-16T06:45:00Z,3.0,0.38333333333333336,both_options
2025-08-16T06:45:00Z,2025-08-16T06:50:00Z,2.5,0.08333333333333333,both_options
2025-08-16T06:50:00Z,2025-08-16T06:55:00Z,3.0,0.08333333333333333,both_options
2025-08-16T06:55:00Z,2025-08-16T07:18:00Z,3.0,0.38333333333333336,both_options
2025-08-16T07:18:00Z,2025-08-16T07:55:00Z,5.0,0.6166666666666667,both_options
2025-08-16T07:55:00Z,2025-08-16T08:39:00Z,6.0,0.7333333333333333,both_options
2025-08-16T08:39:00Z,2025-08-16T08:55:00Z,10.0,0.26666666666666666,both_options
2025-08-16T08:55:00Z,2025-08-16T09:22:00Z,10.0,0.45,both_options
2025-08-16T09:22:00Z,2025-08-16T09:55:00Z,10.0,0.55,both_options
2025-08-16T09:55:00Z,2025-08-16T10:38:00Z,10.0,0.7166666666666667,both_options
2025-08-16T10:38:00Z,2025-08-16T10:43:00Z,2.5,0.08333333333333333,both_options
2025-08-16T10:43:00Z,2025-08-16T10:55:00Z,3.0,0.2,both_options
2025-08-16T10:55:00Z,2025-08-16T11:14:00Z,3.0,0.31666666666666665,both_options
2025-08-16T11:14:00Z,2025-08-16T11:22:00Z,2.5,0.13333333333333333,both_options
2025-08-16T11:22:00Z,2025-08-16T11:55:00Z,9.0,0.55,both_options
2025-08-16T11:55:00Z,2025-08-16T12:55:00Z,6.0,1.0,both_options
2025-08-16T12:55:00Z,2025-08-16T13:55:00Z,9.0,1.0,both_options
2025-08-16T13:55:00Z,2025-08-16T14:55:00Z,7.0,1.0,both_options
2025-08-16T14:55:00Z,2025-08-16T15:55:00Z,8.0,1.0,both_options
2025-08-16T15:55:00Z,2025-08-16T16:18:00Z,8.0,0.38333333333333336,both_options
2025-08-16T16:18:00Z,2025-08-16T16:27:00Z,7.0,0.15,both_options
2025-08-16T16:27:00Z,2025-08-16T16:55:00Z,7.0,0.4666666666666667,both_options
2025-08-16T16:55:00Z,2025-08-16T17:55:00Z,8.0,1.0,both_options
2025-08-16T17:55:00Z,2025-08-16T18:25:00Z,8.0,0.5,both_options
2025-08-16T18:25:00Z,2025-08-16T18:39:00Z,3.0,0.23333333333333334,both_options
2025-08-16T18:39:00Z,2025-08-16T18:50:00Z,2.0,0.18333333333333332,both_options
2025-08-16T18:50:00Z,2025-08-16T18:55:00Z,3.0,0.08333333333333333,both_options
2025-08-16T18:55:00Z,2025-08-16T19:55:00Z,3.0,1.0,both_options
2025-08-16T19:55:00Z,2025-08-16T20:04:00Z,4.0,0.15,both_options
2025-08-16T20:04:00Z,2025-08-16T20:07:00Z,1.75,0.05,both_options
2025-08-16T20:07:00Z,2025-08-16T20:11:00Z,2.0,0.06666666666666667,both_options
2025-08-16T20:11:00Z,2025-08-16T20:19:00Z,3.0,0.13333333333333333,both_options
2025-08-16T20:19:00Z,2025-08-16T20:33:00Z,9.0,0.23333333333333334,both_options
2025-08-16T20:33:00Z,2025-08-16T20:55:00Z,9.0,0.36666666666666664,both_options
2025-08-16T20:55:00Z,2025-08-16T21:05:00Z,8.0,0.16666666666666666,both_options
2025-08-16T21:05:00Z,2025-08-16T21:17:00Z,8.0,0.2,both_options
2025-08-16T21:17:00Z,2025-08-16T21:55:00Z,9.0,0.6333333333333333,both_options
2025-08-16T21:55:00Z,2025-08-16T22:10:00Z,10.0,0.25,both_options
2025-08-16T22:10:00Z,2025-08-16T22:55:00Z,10.0,0.75,both_options
2025-08-16T22:55:00Z,2025-08-16T23:55:00Z,10.0,1.0,both_options
2025-08-16T23:55:00Z,2025-08-17T00:55:00Z,10.0,1.0,both_options
2025-08-17T00:55:00Z,2025-08-17T01:55:00Z,10.0,1.0,both_options
2025-08-17T01:55:00Z,2025-08-17T02:55:00Z,10.0,1.0,both_options
2025-08-17T02:55:00Z,2025-08-17T03:55:00Z,8.0,1.0,both_options
2025-08-17T03:55:00Z,2025-08-17T04:55:00Z,10.0,1.0,both_options
2025-08-17T04:55:00Z,2025-08-17T05:55:00Z,9.0,1.0,both_options
2025-08-17T05:55:00Z,2025-08-17T06:55:00Z,8.0,1.0,both_options
2025-08-17T06:55:00Z,2025-08-17T07:55:00Z,7.0,1.0,both_options
2025-08-17T07:55:00Z,2025-08-17T08:55:00Z,5.0,1.0,both_options
2025-08-17T08:55:00Z,2025-08-17T09:55:00Z,8.0,1.0,both_options
2025-08-17T09:55:00Z,2025-08-17T10:46:00Z,7.0,0.85,both_options
2025-08-17T10:46:00Z,2025-08-17T10:55:00Z,8.0,0.15,both_options
2025-08-17T10:55:00Z,2025-08-17T11:36:00Z,8.0,0.6833333333333333,both_options
2025-08-17T11:36:00Z,2025-08-17T11:55:00Z,9.0,0.31666666666666665,both_options
2025-08-17T11:55:00Z,2025-08-17T12:25:00Z,9.0,0.5,both_options
2025-08-17T12:25:00Z,2025-08-17T12:33:00Z,9.0,0.13333333333333333,both_options
2025-08-17T12:33:00Z,2025-08-17T12:55:00Z,10.0,0.36666666666666664,both_options
2025-08-17T12:55:00Z,2025-08-17T13:04:00Z,10.0,0.15,both_options
2025-08-17T13:04:00Z,2025-08-17T13:55:00Z,10.0,0.85,both_options
2025-08-17T13:55:00Z,2025-08-17T14:23:00Z,9.0,0.4666666666666667,both_options
2025-08-17T14:23:00Z,2025-08-17T14:31:00Z,8.0,0.13333333333333333,both_options
2025-08-17T14:31:00Z,2025-08-17T14:38:00Z,8.0,0.11666666666666667,both_options
2025-08-17T14:38:00Z,2025-08-17T14:55:00Z,7.0,0.2833333333333333,both_options
2025-08-17T14:55:00Z,2025-08-17T15:03:00Z,6.0,0.13333333333333333,both_options
2025-08-17T15:03:00Z,2025-08-17T15:55:00Z,6.0,0.8666666666666667,both_options
2025-08-17T15:55:00Z,2025-08-17T16:55:00Z,7.0,1.0,both_options
2025-08-17T16:55:00Z,2025-08-17T17:55:00Z,7.0,1.0,both_options
2025-08-17T17:55:00Z,2025-08-17T18:43:00Z,8.0,0.8,both_options
2025-08-17T18:43:00Z,2025-08-17T18:55:00Z,9.0,0.2,both_options
2025-08-17T18:55:00Z,2025-08-17T19:11:00Z,9.0,0.26666666666666666,both_options
2025-08-17T19:11:00Z,2025-08-17T19:55:00Z,9.0,0.7333333333333333,both_options
2025-08-17T19:55:00Z,2025-08-17T20:55:00Z,10.0,1.0,both_options
2025-08-17T20:55:00Z,2025-08-17T21:55:00Z,10.0,1.0,both_options
2025-08-17T21:55:00Z,2025-08-17T22:55:00Z,10.0,1.0,both_options
2025-08-17T22:55:00Z,2025-08-17T23:55:00Z,10.0,1.0,both_options
2025-08-17T23:55:00Z,2025-08-18T00:55:00Z,10.0,1.0,both_options
2025-08-18T00:55:00Z,2025-08-18T01:55:00Z,10.0,1.0,both_options
2025-08-18T01:55:00Z,2025-08-18T02:55:00Z,9.0,1.0,both_options
2025-08-18T02:55:00Z,2025-08-18T03:55:00Z,9.0,1.0,both_options
2025-08-18T03:55:00Z,2025-08-18T04:55:00Z,10.0,1.0,both_options
2025-08-18T04:55:00Z,2025-08-18T05:55:00Z,10.0,1.0,both_options
2025-08-18T05:55:00Z,2025-08-18T06:55:00Z,9.0,1.0,both_options
2025-08-18T06:55:00Z,2025-08-18T07:55:00Z,9.0,1.0,both_options
2025-08-18T07:55:00Z,2025-08-18T08:55:00Z,7.0,1.0,both_options
2025-08-18T08:55:00Z,2025-08-18T09:55:00Z,7.0,1.0,both_options
2025-08-18T09:55:00Z,2025-08-18T10:55:00Z,8.0,1.0,both_options
2025-08-18T10:55:00Z,2025-08-18T11:55:00Z,9.0,1.0,both_options
2025-08-18T11:55:00Z,2025-08-18T12:55:00Z,9.0,1.0,both_options
2025-08-18T12:55:00Z,2025-08-18T13:55:00Z,9.0,1.0,both_options
2025-08-18T13:55:00Z,2025-08-18T14:55:00Z,8.0,1.0,both_options
2025-08-18T14:55:00Z,2025-08-18T15:55:00Z,8.0,1.0,both_options
2025-08-18T15:55:00Z,2025-08-18T16:55:00Z,9.0,1.0,both_options
2025-08-18T16:55:00Z,2025-08-18T17:55:00Z,10.0,1.0,both_options
2025-08-18T17:55:00Z,2025-08-18T18:15:00Z,10.0,0.3333333333333333,both_options
2025-08-18T18:15:00Z,2025-08-18T18:23:00Z,9.0,0.13333333333333333,both_options
2025-08-18T18:23:00Z,2025-08-18T18:55:00Z,10.0,0.5333333333333333,both_options
2025-08-18T18:55:00Z,2025-08-18T19:55:00Z,9.0,1.0,both_options
2025-08-18T19:55:00Z,2025-08-18T20:55:00Z,10.0,1.0,both_options
2025-08-18T20:55:00Z,2025-08-18T21:55:00Z,10.0,1.0,both_options
2025-08-18T21:55:00Z,2025-08-18T22:55:00Z,9.0,1.0,both_options
2025-08-18T22:55:00Z,2025-08-18T23:55:00Z,10.0,1.0,both_options
2025-08-18T23:55:00Z,2025-08-19T00:55:00Z,9.0,1.0,both_options
2025-08-19T00:55:00Z,2025-08-19T01:55:00Z,9.0,1.0,both_options
2025-08-19T01:55:00Z,2025-08-19T02:55:00Z,9.0,1.0,both_options
2025-08-19T02:55:00Z,2025-08-19T03:55:00Z,9.0,1.0,both_options
2025-08-19T03:55:00Z,2025-08-19T04:55:00Z,10.0,1.0,both_options
2025-08-19T04:55:00Z,2025-08-19T05:55:00Z,9.0,1.0,both_options
2025-08-19T05:55:00Z,2025-08-19T06:55:00Z,8.0,1.0,both_options
2025-08-19T06:55:00Z,2025-08-19T07:55:00Z,9.0,1.0,both_options
2025-08-19T07:55:00Z,2025-08-19T08:55:00Z,9.0,1.0,both_options
2025-08-19T08:55:00Z,2025-08-19T09:55:00Z,9.0,1.0,both_options
2025-08-19T09:55:00Z,2025-08-19T10:55:00Z,9.0,1.0,both_options
2025-08-19T10:55:00Z,2025-08-19T11:55:00Z,9.0,1.0,both_options
2025-08-19T11:55:00Z,2025-08-19T12:55:00Z,9.0,1.0,both_options
2025-08-19T12:55:00Z,2025-08-19T13:55:00Z,10.0,1.0,both_options
2025-08-19T13:55:00Z,2025-08-19T14:55:00Z,9.0,1.0,both_options
2025-08-19T14:55:00Z,2025-08-19T15:28:00Z,9.0,0.55,both_options
2025-08-19T15:28:00Z,2025-08-19T15:42:00Z,9.0,0.23333333333333334,both_options
2025-08-19T15:42:00Z,2025-08-19T15:55:00Z,9.0,0.21666666666666667,both_options
2025-08-19T15:55:00Z,2025-08-19T16:55:00Z,9.0,1.0,both_options
2025-08-19T16:55:00Z,2025-08-19T17:55:00Z,10.0,1.0,both_options
2025-08-19T17:55:00Z,2025-08-19T18:25:00Z,10.0,0.5,both_options
2025-08-19T18:25:00Z,2025-08-19T18:55:00Z,9.0,0.5,both_options
2025-08-19T18:55:00Z,2025-08-19T19:55:00Z,10.0,1.0,both_options
2025-08-19T19:55:00Z,2025-08-19T20:55:00Z,10.0,1.0,both_options
2025-08-19T20:55:00Z,2025-08-19T21:55:00Z,9.0,1.0,both_options
2025-08-19T21:55:00Z,2025-08-19T22:55:00Z,9.0,1.0,both_options
2025-08-19T22:55:00Z,2025-08-19T23:55:00Z,9.0,1.0,both_options
2025-08-19T23:55:00Z,2025-08-20T00:55:00Z,9.0,1.0,both_options
2025-08-20T00:55:00Z,2025-08-20T01:52:00Z,9.0,0.95,both_options
2025-08-20T01:52:00Z,2025-08-20T01:55:00Z,9.0,0.05,both_options
2025-08-20T01:55:00Z,2025-08-20T02:45:00Z,9.0,0.8333333333333334,both_options
2025-08-20T02:45:00Z,2025-08-20T02:55:00Z,7.0,0.16666666666666666,both_options
2025-08-20T02:55:00Z,2025-08-20T03:55:00Z,7.0,1.0,both_options
2025-08-20T03:55:00Z,2025-08-20T04:55:00Z,7.0,1.0,both_options
2025-08-20T04:55:00Z,2025-08-20T05:55:00Z,7.0,1.0,both_options
2025-08-20T05:55:00Z,2025-08-20T06:33:00Z,6.0,0.6333333333333333,both_options
2025-08-20T06:33:00Z,2025-08-20T06:45:00Z,6.0,0.2,both_options
2025-08-20T06:45:00Z,2025-08-20T06:55:00Z,6.0,0.16666666666666666,both_options
2025-08-20T06:55:00Z,2025-08-20T07:55:00Z,6.0,1.0,both_options
2025-08-20T07:55:00Z,2025-08-20T08:04:00Z,7.0,0.15,both_options
2025-08-20T08:04:00Z,2025-08-20T08:11:00Z,7.0,0.11666666666666667,both_options
2025-08-20T08:11:00Z,2025-08-20T08:48:00Z,8.0,0.6166666666666667,both_options
2025-08-20T08:48:00Z,2025-08-20T08:55:00Z,8.0,0.11666666666666667,both_options
2025-08-20T08:55:00Z,2025-08-20T09:55:00Z,8.0,1.0,both_options
2025-08-20T09:55:00Z,2025-08-20T10:55:00Z,9.0,1.0,both_options
2025-08-20T10:55:00Z,2025-08-20T11:55:00Z,10.0,1.0,both_options
2025-08-20T11:55:00Z,2025-08-20T12:55:00Z,10.0,1.0,both_options
2025-08-20T12:55:00Z,2025-08-20T13:55:00Z,10.0,1.0,both_options
2025-08-20T13:55:00Z,2025-08-20T14:55:00Z,9.0,1.0,both_options
2025-08-20T14:55:00Z,2025-08-20T15:55:00Z,9.0,1.0,both_options
2025-08-20T15:55:00Z,2025-08-20T16:55:00Z,10.0,1.0,both_options
2025-08-20T16:55:00Z,2025-08-20T17:55:00Z,10.0,1.0,both_options
2025-08-20T17:55:00Z,2025-08-20T18:55:00Z,10.0,1.0,both_options
2025-08-20T18:55:00Z,2025-08-20T19:55:00Z,10.0,1.0,both_options
2025-08-20T19:55:00Z,2025-08-20T20:55:00Z,10.0,1.0,both_options
2025-08-20T20:55:00Z,2025-08-20T21:55:00Z,10.0,1.0,both_options
2025-08-20T21:55:00Z,2025-08-20T22:55:00Z,10.0,1.0,both_options
2025-08-20T22:55:00Z,2025-08-20T23:55:00Z,10.0,1.0,both_options
2025-08-20T23:55:00Z,2025-08-21T00:55:00Z,10.0,1.0,both_options
2025-08-21T00:55:00Z,2025-08-21T01:55:00Z,10.0,1.0,both_options
2025-08-21T01:55:00Z,2025-08-21T02:55:00Z,10.0,1.0,both_options
2025-08-21T02:55:00Z,2025-08-21T03:55:00Z,10.0,1.0,both_options
2025-08-21T03:55:00Z,2025-08-21T04:55:00Z,10.0,1.0,both_options
2025-08-21T04:55:00Z,2025-08-21T05:55:00Z,10.0,1.0,both_options
2025-08-21T05:55:00Z,2025-08-21T06:55:00Z,10.0,1.0,both_options
2025-08-21T06:55:00Z,2025-08-21T07:55:00Z,9.0,1.0,both_options
2025-08-21T07:55:00Z,2025-08-21T08:55:00Z,10.0,1.0,both_options
2025-08-21T08:55:00Z,2025-08-21T09:55:00Z,9.0,1.0,both_options
2025-08-21T09:55:00Z,2025-08-21T10:55:00Z,9.0,1.0,both_options
2025-08-21T10:55:00Z,2025-08-21T11:55:00Z,9.0,1.0,both_options
2025-08-21T11:55:00Z,2025-08-21T12:55:00Z,9.0,1.0,both_options
2025-08-21T12:55:00Z,2025-08-21T13:55:00Z,10.0,1.0,both_options
2025-08-21T13:55:00Z,2025-08-21T14:55:00Z,9.0,1.0,both_options
2025-08-21T14:55:00Z,2025-08-21T15:55:00Z,9.0,1.0,both_options
2025-08-21T15:55:00Z,2025-08-21T16:55:00Z,10.0,1.0,both_options
2025-08-21T16:55:00Z,2025-08-21T17:55:00Z,10.0,1.0,both_options
2025-08-21T17:55:00Z,2025-08-21T18:55:00Z,10.0,1.0,both_options
2025-08-21T18:55:00Z,2025-08-21T19:55:00Z,10.0,1.0,both_options
2025-08-21T19:55:00Z,2025-08-21T20:55:00Z,10.0,1.0,both_options
2025-08-21T20:55:00Z,2025-08-21T21:55:00Z,10.0,1.0,both_options
2025-08-21T21:55:00Z,2025-08-21T22:55:00Z,9.0,1.0,both_options
2025-08-21T22:55:00Z,2025-08-21T23:55:00Z,9.0,1.0,both_options
2025-08-21T23:55:00Z,2025-08-22T00:55:00Z,10.0,1.0,both_options
2025-08-22T00:55:00Z,2025-08-22T01:55:00Z,10.0,1.0,both_options
2025-08-22T01:55:00Z,2025-08-22T02:55:00Z,10.0,1.0,both_options
2025-08-22T03:55:00Z,2025-08-22T04:55:00Z,10.0,1.0,both_options
2025-08-22T04:55:00Z,2025-08-22T05:55:00Z,10.0,1.0,both_options
2025-08-22T05:55:00Z,2025-08-22T06:55:00Z,10.0,1.0,both_options
2025-08-22T06:55:00Z,2025-08-22T07:55:00Z,9.0,1.0,both_options
2025-08-22T07:55:00Z,2025-08-22T08:55:00Z,10.0,1.0,both_options
2025-08-22T08:55:00Z,2025-08-22T09:55:00Z,9.0,1.0,both_options
2025-08-22T09:55:00Z,2025-08-22T10:55:00Z,9.0,1.0,both_options
2025-08-22T10:55:00Z,2025-08-22T11:55:00Z,10.0,1.0,both_options
2025-08-22T11:55:00Z,2025-08-22T12:55:00Z,10.0,1.0,both_options
2025-08-22T12:55:00Z,2025-08-22T13:55:00Z,9.0,1.0,both_options
2025-08-22T13:55:00Z,2025-08-22T14:55:00Z,9.0,1.0,both_options
2025-08-22T14:55:00Z,2025-08-22T15:55:00Z,8.0,1.0,both_options
2025-08-22T15:55:00Z,2025-08-22T16:55:00Z,10.0,1.0,both_options
2025-08-22T16:55:00Z,2025-08-22T17:55:00Z,10.0,1.0,both_options
2025-08-22T17:55:00Z,2025-08-22T18:55:00Z,10.0,1.0,both_options
2025-08-22T18:55:00Z,2025-08-22T19:55:00Z,10.0,1.0,both_options
2025-08-22T19:55:00Z,2025-08-22T20:55:00Z,10.0,1.0,both_options
2025-08-22T20:55:00Z,2025-08-22T21:55:00Z,10.0,1.0,both_options
2025-08-22T21:55:00Z,2025-08-22T22:55:00Z,10.0,1.0,both_options
2025-08-22T22:55:00Z,2025-08-22T23:55:00Z,10.0,1.0,both_options
2025-08-22T23:55:00Z,2025-08-23T00:55:00Z,10.0,1.0,both_options
2025-08-23T00:55:00Z,2025-08-23T01:55:00Z,10.0,1.0,both_options
2025-08-23T01:55:00Z,2025-08-23T02:55:00Z,10.0,1.0,both_options
2025-08-23T02:55:00Z,2025-08-23T03:55:00Z,10.0,1.0,both_options
2025-08-23T03:55:00Z,2025-08-23T04:55:00Z,10.0,1.0,both_options
2025-08-23T04:55:00Z,2025-08-23T05:55:00Z,10.0,1.0,both_options
2025-08-23T05:55:00Z,2025-08-23T06:55:00Z,10.0,1.0,both_options
2025-08-23T06:55:00Z,2025-08-23T07:55:00Z,9.0,1.0,both_options
2025-08-23T07:55:00Z,2025-08-23T08:55:00Z,9.0,1.0,both_options
2025-08-23T08:55:00Z,2025-08-23T09:55:00Z,9.0,1.0,both_options
2025-08-23T09:55:00Z,2025-08-23T10:55:00Z,9.0,1.0,both_options
2025-08-23T10:55:00Z,2025-08-23T11:55:00Z,9.0,1.0,both_options
2025-08-23T11:55:00Z,2025-08-23T12:55:00Z,8.0,1.0,both_options
2025-08-23T12:55:00Z,2025-08-23T13:55:00Z,9.0,1.0,both_options
2025-08-23T13:55:00Z,2025-08-23T14:55:00Z,8.0,1.0,both_options
2025-08-23T14:55:00Z,2025-08-23T15:55:00Z,8.0,1.0,both_options
2025-08-23T15:55:00Z,2025-08-23T16:55:00Z,8.0,1.0,both_options
2025-08-23T16:55:00Z,2025-08-23T17:55:00Z,8.0,1.0,both_options
2025-08-23T17:55:00Z,2025-08-23T18:55:00Z,8.0,1.0,both_options
2025-08-23T18:55:00Z,2025-08-23T19:55:00Z,10.0,1.0,both_options
2025-08-23T19:55:00Z,2025-08-23T20:55:00Z,9.0,1.0,both_options
2025-08-23T20:55:00Z,2025-08-23T21:55:00Z,9.0,1.0,both_options
2025-08-23T21:55:00Z,2025-08-23T22:55:00Z,9.0,1.0,both_options
2025-08-23T22:55:00Z,2025-08-23T23:55:00Z,9.0,1.0,both_options
2025-08-23T23:55:00Z,2025-08-24T00:55:00Z,10.0,1.0,both_options
2025-08-24T00:55:00Z,2025-08-24T01:55:00Z,10.0,1.0,both_options
2025-08-24T01:55:00Z,2025-08-24T02:55:00Z,7.0,1.0,both_options
2025-08-24T02:55:00Z,2025-08-24T03:55:00Z,6.0,1.0,both_options
2025-08-24T03:55:00Z,2025-08-24T04:55:00Z,7.0,1.0,both_options
2025-08-24T04:55:00Z,2025-08-24T05:55:00Z,7.0,1.0,both_options
2025-08-24T05:55:00Z,2025-08-24T06:55:00Z,7.0,1.0,both_options
2025-08-24T06:55:00Z,2025-08-24T07:55:00Z,6.0,1.0,both_options
2025-08-24T07:55:00Z,2025-08-24T08:38:00Z,6.0,0.7166666666666667,both_options
2025-08-24T08:38:00Z,2025-08-24T08:48:00Z,6.0,0.16666666666666666,both_options
2025-08-24T08:48:00Z,2025-08-24T08:55:00Z,6.0,0.11666666666666667,both_options
2025-08-24T08:55:00Z,2025-08-24T09:04:00Z,4.0,0.15,both_options
2025-08-24T09:04:00Z,2025-08-24T09:17:00Z,2.0,0.21666666666666667,both_options
2025-08-24T09:17:00Z,2025-08-24T09:26:00Z,4.0,0.15,both_options
2025-08-24T09:26:00Z,2025-08-24T09:44:00Z,1.75,0.3,both_options
2025-08-24T09:44:00Z,2025-08-24T09:52:00Z,2.5,0.13333333333333333,both_options
2025-08-24T09:52:00Z,2025-08-24T09:55:00Z,4.0,0.05,both_options
2025-08-24T09:55:00Z,2025-08-24T10:22:00Z,4.0,0.45,both_options
2025-08-24T10:22:00Z,2025-08-24T10:55:00Z,6.0,0.55,both_options
2025-08-24T10:55:00Z,2025-08-24T11:55:00Z,5.0,1.0,both_options
2025-08-24T11:55:00Z,2025-08-24T12:55:00Z,3.0,1.0,both_options
2025-08-24T12:55:00Z,2025-08-24T13:30:00Z,2.5,0.5833333333333334,both_options
2025-08-24T13:30:00Z,2025-08-24T13:50:00Z,1.5,0.3333333333333333,both_options
2025-08-24T13:50:00Z,2025-08-24T13:55:00Z,2.0,0.08333333333333333,both_options
2025-08-24T13:55:00Z,2025-08-24T14:05:00Z,2.5,0.16666666666666666,both_options
2025-08-24T14:05:00Z,2025-08-24T14:55:00Z,1.25,0.8333333333333334,both_options
2025-08-24T14:55:00Z,2025-08-24T15:00:00Z,1.25,0.08333333333333333,both_options
2025-08-24T15:00:00Z,2025-08-24T15:44:00Z,2.0,0.7333333333333333,both_options
2025-08-24T15:44:00Z,2025-08-24T15:55:00Z,3.0,0.18333333333333332,both_options
2025-08-24T15:55:00Z,2025-08-24T16:55:00Z,4.0,1.0,both_options
2025-08-24T16:55:00Z,2025-08-24T17:37:00Z,6.0,0.7,both_options
2025-08-24T17:37:00Z,2025-08-24T17:55:00Z,7.0,0.3,both_options
2025-08-24T17:55:00Z,2025-08-24T18:55:00Z,8.0,1.0,both_options
2025-08-24T18:55:00Z,2025-08-24T19:37:00Z,8.0,0.7,both_options
2025-08-24T19:37:00Z,2025-08-24T19:55:00Z,9.0,0.3,both_options
2025-08-24T19:55:00Z,2025-08-24T20:55:00Z,9.0,1.0,both_options
2025-08-24T20:55:00Z,2025-08-24T21:55:00Z,9.0,1.0,both_options
2025-08-24T21:55:00Z,2025-08-24T22:16:00Z,8.0,0.35,both_options
2025-08-24T22:16:00Z,2025-08-24T22:55:00Z,7.0,0.65,both_options
2025-08-24T22:55:00Z,2025-08-24T23:55:00Z,6.0,1.0,both_options
2025-08-24T23:55:00Z,2025-08-25T00:55:00Z,6.0,1.0,both_options
2025-08-25T00:55:00Z,2025-08-25T01:55:00Z,6.0,1.0,both_options
2025-08-25T01:55:00Z,2025-08-25T02:51:00Z,6.0,0.9333333333333333,both_options
2025-08-25T02:51:00Z,2025-08-25T02:55:00Z,5.0,0.06666666666666667,both_options
2025-08-25T02:55:00Z,2025-08-25T03:06:00Z,5.0,0.18333333333333332,both_options
2025-08-25T03:06:00Z,2025-08-25T03:55:00Z,4.0,0.8166666666666667,both_options
2025-08-25T03:55:00Z,2025-08-25T04:55:00Z,5.0,1.0,both_options
2025-08-25T04:55:00Z,2025-08-25T05:55:00Z,4.0,1.0,both_options
2025-08-25T05:55:00Z,2025-08-25T06:55:00Z,4.0,1.0,both_options
2025-08-25T06:55:00Z,2025-08-25T07:55:00Z,4.0,1.0,both_options
2025-08-25T07:55:00Z,2025-08-25T08:21:00Z,4.0,0.43333333333333335,both_options
2025-08-25T08:21:00Z,2025-08-25T08:55:00Z,2.5,0.5666666666666667,both_options
2025-08-25T08:55:00Z,2025-08-25T09:20:00Z,2.0,0.4166666666666667,both_options
2025-08-25T09:20:00Z,2025-08-25T09:55:00Z,1.75,0.5833333333333334,both_options
2025-08-25T09:55:00Z,2025-08-25T10:12:00Z,1.5,0.2833333333333333,both_options
2025-08-25T10:12:00Z,2025-08-25T10:55:00Z,2.0,0.7166666666666667,both_options
2025-08-25T10:55:00Z,2025-08-25T11:08:00Z,3.0,0.21666666666666667,both_options
2025-08-25T11:08:00Z,2025-08-25T11:41:00Z,2.5,0.55,both_options
2025-08-25T11:41:00Z,2025-08-25T11:55:00Z,5.0,0.23333333333333334,both_options
2025-08-25T11:55:00Z,2025-08-25T12:55:00Z,5.0,1.0,both_options
2025-08-25T12:55:00Z,2025-08-25T13:05:00Z,5.0,0.16666666666666666,both_options
2025-08-25T13:05:00Z,2025-08-25T13:12:00Z,8.0,0.11666666666666667,both_options
2025-08-25T13:12:00Z,2025-08-25T13:26:00Z,5.0,0.23333333333333334,both_options
2025-08-25T13:26:00Z,2025-08-25T13:55:00Z,6.0,0.48333333333333334,both_options
2025-08-25T13:55:00Z,2025-08-25T14:55:00Z,7.0,1.0,both_options
2025-08-25T14:55:00Z,2025-08-25T15:08:00Z,3.0,0.21666666666666667,both_options
2025-08-25T15:08:00Z,2025-08-25T15:53:00Z,4.0,0.75,both_options
2025-08-25T15:53:00Z,2025-08-25T15:55:00Z,7.0,0.03333333333333333,both_options
2025-08-25T15:55:00Z,2025-08-25T16:55:00Z,7.0,1.0,both_options
2025-08-25T16:55:00Z,2025-08-25T17:55:00Z,5.0,1.0,both_options
2025-08-25T17:55:00Z,2025-08-25T18:55:00Z,6.0,1.0,both_options
2025-08-25T18:55:00Z,2025-08-25T19:55:00Z,7.0,1.0,both_options
2025-08-25T19:55:00Z,2025-08-25T20:32:00Z,7.0,0.6166666666666667,both_options
2025-08-25T20:32:00Z,2025-08-25T20:55:00Z,8.0,0.38333333333333336,both_options
2025-08-25T20:55:00Z,2025-08-25T21:55:00Z,8.0,1.0,both_options
2025-08-25T21:55:00Z,2025-08-25T22:55:00Z,7.0,1.0,both_options
2025-08-25T22:55:00Z,2025-08-25T23:55:00Z,7.0,1.0,both_options
2025-08-25T23:55:00Z,2025-08-26T00:55:00Z,6.0,1.0,both_options
2025-08-26T00:55:00Z,2025-08-26T01:55:00Z,6.0,1.0,both_options
2025-08-26T01:55:00Z,2025-08-26T02:55:00Z,6.0,1.0,both_options
2025-08-26T02:55:00Z,2025-08-26T03:55:00Z,6.0,1.0,both_options
2025-08-26T03:55:00Z,2025-08-26T04:55:00Z,7.0,1.0,both_options
2025-08-26T04:55:00Z,2025-08-26T05:55:00Z,7.0,1.0,both_options
2025-08-26T05:55:00Z,2025-08-26T06:10:00Z,7.0,0.25,both_options
2025-08-26T06:10:00Z,2025-08-26T06:55:00Z,7.0,0.75,both_options
2025-08-26T06:55:00Z,2025-08-26T07:55:00Z,6.0,1.0,both_options
2025-08-26T07:55:00Z,2025-08-26T08:55:00Z,6.0,1.0,both_options
2025-08-26T08:55:00Z,2025-08-26T09:55:00Z,7.0,1.0,both_options
2025-08-26T09:55:00Z,2025-08-26T10:55:00Z,8.0,1.0,both_options
2025-08-26T10:55:00Z,2025-08-26T11:55:00Z,8.0,1.0,both_options
2025-08-26T11:55:00Z,2025-08-26T12:55:00Z,9.0,1.0,both_options
2025-08-26T12:55:00Z,2025-08-26T13:55:00Z,5.0,1.0,both_options
2025-08-26T13:55:00Z,2025-08-26T14:55:00Z,5.0,1.0,both_options
2025-08-26T14:55:00Z,2025-08-26T15:55:00Z,6.0,1.0,both_options
2025-08-26T15:55:00Z,2025-08-26T16:16:00Z,7.0,0.35,both_options
2025-08-26T16:16:00Z,2025-08-26T16:55:00Z,8.0,0.65,both_options
2025-08-26T16:55:00Z,2025-08-26T17:55:00Z,9.0,1.0,both_options
2025-08-26T17:55:00Z,2025-08-26T18:15:00Z,10.0,0.3333333333333333,both_options
2025-08-26T18:15:00Z,2025-08-26T18:55:00Z,10.0,0.6666666666666666,both_options
2025-08-26T18:55:00Z,2025-08-26T19:50:00Z,9.0,0.9166666666666666,both_options
2025-08-26T19:50:00Z,2025-08-26T19:55:00Z,9.0,0.08333333333333333,both_options
2025-08-26T19:55:00Z,2025-08-26T20:55:00Z,9.0,1.0,both_options
2025-08-26T20:55:00Z,2025-08-26T21:55:00Z,8.0,1.0,both_options
2025-08-26T21:55:00Z,2025-08-26T22:48:00Z,8.0,0.8833333333333333,both_options
2025-08-26T22:48:00Z,2025-08-26T22:55:00Z,9.0,0.11666666666666667,both_options
2025-08-26T22:55:00Z,2025-08-26T23:37:00Z,9.0,0.7,both_options
2025-08-26T23:37:00Z,2025-08-26T23:55:00Z,8.0,0.3,both_options
2025-08-26T23:55:00Z,2025-08-27T00:55:00Z,7.0,1.0,both_options
2025-08-27T00:55:00Z,2025-08-27T01:15:00Z,6.0,0.3333333333333333,both_options
2025-08-27T01:15:00Z,2025-08-27T01:55:00Z,5.0,0.6666666666666666,both_options
2025-08-27T01:55:00Z,2025-08-27T02:27:00Z,4.0,0.5333333333333333,both_options
2025-08-27T02:27:00Z,2025-08-27T02:36:00Z,2.0,0.15,both_options
2025-08-27T02:36:00Z,2025-08-27T02:55:00Z,1.75,0.31666666666666665,both_options
2025-08-27T02:55:00Z,2025-08-27T03:05:00Z,1.5,0.16666666666666666,both_options
2025-08-27T03:05:00Z,2025-08-27T03:55:00Z,3.0,0.8333333333333334,both_options
2025-08-27T03:55:00Z,2025-08-27T04:55:00Z,6.0,1.0,both_options
2025-08-27T04:55:00Z,2025-08-27T05:55:00Z,4.0,1.0,both_options
2025-08-27T05:55:00Z,2025-08-27T06:42:00Z,4.0,0.7833333333333333,both_options
2025-08-27T06:42:00Z,2025-08-27T06:55:00Z,2.5,0.21666666666666667,both_options
2025-08-27T06:55:00Z,2025-08-27T07:55:00Z,2.5,1.0,both_options
2025-08-27T07:55:00Z,2025-08-27T08:39:00Z,2.0,0.7333333333333333,both_options
2025-08-27T08:39:00Z,2025-08-27T08:51:00Z,3.0,0.2,both_options
2025-08-27T08:51:00Z,2025-08-27T08:55:00Z,2.5,0.06666666666666667,both_options
2025-08-27T08:55:00Z,2025-08-27T09:21:00Z,2.5,0.43333333333333335,both_options
2025-08-27T09:21:00Z,2025-08-27T09:38:00Z,4.0,0.2833333333333333,both_options
2025-08-27T09:38:00Z,2025-08-27T09:55:00Z,2.0,0.2833333333333333,both_options
2025-08-27T09:55:00Z,2025-08-27T10:09:00Z,3.0,0.23333333333333334,both_options
2025-08-27T10:09:00Z,2025-08-27T10:19:00Z,2.0,0.16666666666666666,both_options
2025-08-27T10:19:00Z,2025-08-27T10:31:00Z,1.75,0.2,both_options
2025-08-27T10:31:00Z,2025-08-27T10:51:00Z,2.0,0.3333333333333333,both_options
2025-08-27T10:51:00Z,2025-08-27T10:55:00Z,1.75,0.06666666666666667,both_options
2025-08-27T10:55:00Z,2025-08-27T11:36:00Z,1.5,0.6833333333333333,both_options
2025-08-27T11:36:00Z,2025-08-27T11:55:00Z,1.25,0.31666666666666665,both_options
2025-08-27T11:55:00Z,2025-08-27T12:02:00Z,2.0,0.11666666666666667,both_options
2025-08-27T12:02:00Z,2025-08-27T12:31:00Z,3.0,0.48333333333333334,both_options
2025-08-27T12:31:00Z,2025-08-27T12:55:00Z,3.0,0.4,both_options
2025-08-27T12:55:00Z,2025-08-27T13:55:00Z,5.0,1.0,both_options
2025-08-27T13:55:00Z,2025-08-27T14:55:00Z,9.0,1.0,both_options
2025-08-27T14:55:00Z,2025-08-27T15:37:00Z,7.0,0.7,both_options
2025-08-27T15:37:00Z,2025-08-27T15:55:00Z,9.0,0.3,both_options
2025-08-27T15:55:00Z,2025-08-27T16:55:00Z,8.0,1.0,both_options
2025-08-27T16:55:00Z,2025-08-27T17:55:00Z,7.0,1.0,both_options
2025-08-27T17:55:00Z,2025-08-27T18:55:00Z,6.0,1.0,both_options
2025-08-27T18:55:00Z,2025-08-27T19:55:00Z,9.0,1.0,both_options
2025-08-27T19:55:00Z,2025-08-27T20:20:00Z,9.0,0.4166666666666667,both_options
2025-08-27T20:20:00Z,2025-08-27T20:30:00Z,10.0,0.16666666666666666,both_options
2025-08-27T20:30:00Z,2025-08-27T20:51:00Z,10.0,0.35,both_options
2025-08-27T20:51:00Z,2025-08-27T20:55:00Z,9.0,0.06666666666666667,both_options
2025-08-27T20:55:00Z,2025-08-27T21:15:00Z,9.0,0.3333333333333333,both_options
2025-08-27T21:15:00Z,2025-08-27T21:45:00Z,9.0,0.5,both_options
2025-08-27T21:45:00Z,2025-08-27T21:55:00Z,10.0,0.16666666666666666,both_options
2025-08-27T21:55:00Z,2025-08-27T22:06:00Z,10.0,0.18333333333333332,both_options
2025-08-27T22:06:00Z,2025-08-27T22:38:00Z,9.0,0.5333333333333333,both_options
2025-08-27T22:38:00Z,2025-08-27T22:55:00Z,9.0,0.2833333333333333,both_options
2025-08-27T22:55:00Z,2025-08-27T23:55:00Z,8.0,1.0,both_options
2025-08-27T23:55:00Z,2025-08-28T00:55:00Z,8.0,1.0,both_options
2025-08-28T00:55:00Z,2025-08-28T01:55:00Z,9.0,1.0,both_options
2025-08-28T01:55:00Z,2025-08-28T02:10:00Z,8.0,0.25,both_options
2025-08-28T02:10:00Z,2025-08-28T02:55:00Z,7.0,0.75,both_options
2025-08-28T02:55:00Z,2025-08-28T03:55:00Z,7.0,1.0,both_options
2025-08-28T03:55:00Z,2025-08-28T04:08:00Z,8.0,0.21666666666666667,both_options
2025-08-28T04:08:00Z,2025-08-28T04:24:00Z,8.0,0.26666666666666666,both_options
2025-08-28T04:24:00Z,2025-08-28T04:43:00Z,4.0,0.31666666666666665,both_options
2025-08-28T04:43:00Z,2025-08-28T04:55:00Z,2.5,0.2,both_options
2025-08-28T04:55:00Z,2025-08-28T05:09:00Z,3.0,0.23333333333333334,both_options
2025-08-28T05:09:00Z,2025-08-28T05:14:00Z,2.5,0.08333333333333333,both_options
2025-08-28T05:14:00Z,2025-08-28T05:44:00Z,3.0,0.5,both_options
2025-08-28T05:44:00Z,2025-08-28T05:48:00Z,2.5,0.06666666666666667,both_options
2025-08-28T05:48:00Z,2025-08-28T05:55:00Z,3.0,0.11666666666666667,both_options
2025-08-28T05:55:00Z,2025-08-28T06:16:00Z,4.0,0.35,both_options
2025-08-28T06:16:00Z,2025-08-28T06:55:00Z,4.0,0.65,both_options
2025-08-28T06:55:00Z,2025-08-28T07:08:00Z,5.0,0.21666666666666667,both_options
2025-08-28T07:08:00Z,2025-08-28T07:27:00Z,3.0,0.31666666666666665,both_options
2025-08-28T07:27:00Z,2025-08-28T07:34:00Z,2.5,0.11666666666666667,both_options
2025-08-28T07:34:00Z,2025-08-28T07:42:00Z,4.0,0.13333333333333333,both_options
2025-08-28T07:42:00Z,2025-08-28T07:55:00Z,4.0,0.21666666666666667,both_options
2025-08-28T07:55:00Z,2025-08-28T08:55:00Z,4.0,1.0,both_options
2025-08-28T08:55:00Z,2025-08-28T09:55:00Z,4.0,1.0,both_options
2025-08-28T09:55:00Z,2025-08-28T10:55:00Z,5.0,1.0,both_options
2025-08-28T10:55:00Z,2025-08-28T11:55:00Z,9.0,1.0,both_options
2025-08-28T11:55:00Z,2025-08-28T12:55:00Z,8.0,1.0,both_options
2025-08-28T12:55:00Z,2025-08-28T13:55:00Z,8.0,1.0,both_options
2025-08-28T13:55:00Z,2025-08-28T14:55:00Z,4.0,1.0,both_options
2025-08-28T14:55:00Z,2025-08-28T15:11:00Z,5.0,0.26666666666666666,both_options
2025-08-28T15:11:00Z,2025-08-28T15:25:00Z,3.0,0.23333333333333334,both_options
2025-08-28T15:25:00Z,2025-08-28T15:55:00Z,3.0,0.5,both_options
2025-08-28T15:55:00Z,2025-08-28T16:11:00Z,2.5,0.26666666666666666,both_options
2025-08-28T16:11:00Z,2025-08-28T16:55:00Z,5.0,0.7333333333333333,both_options
2025-08-28T16:55:00Z,2025-08-28T17:55:00Z,9.0,1.0,both_options
2025-08-28T17:55:00Z,2025-08-28T18:55:00Z,9.0,1.0,both_options
2025-08-28T18:55:00Z,2025-08-28T19:55:00Z,8.0,1.0,both_options
2025-08-28T19:55:00Z,2025-08-28T20:55:00Z,9.0,1.0,both_options
2025-08-28T20:55:00Z,2025-08-28T21:55:00Z,9.0,1.0,both_options
2025-08-28T21:55:00Z,2025-08-28T22:55:00Z,9.0,1.0,both_options
2025-08-28T22:55:00Z,2025-08-28T23:55:00Z,8.0,1.0,both_options
2025-08-28T23:55:00Z,2025-08-29T00:55:00Z,8.0,1.0,both_options
2025-08-29T00:55:00Z,2025-08-29T01:55:00Z,7.0,1.0,both_options
2025-08-29T01:55:00Z,2025-08-29T02:36:00Z,7.0,0.6833333333333333,both_options
2025-08-29T02:36:00Z,2025-08-29T02:55:00Z,7.0,0.31666666666666665,both_options
2025-08-29T02:55:00Z,2025-08-29T03:55:00Z,7.0,1.0,both_options
2025-08-29T03:55:00Z,2025-08-29T04:55:00Z,8.0,1.0,both_options
2025-08-29T04:55:00Z,2025-08-29T05:55:00Z,8.0,1.0,both_options
2025-08-29T05:55:00Z,2025-08-29T06:55:00Z,8.0,1.0,both_options
2025-08-29T06:55:00Z,2025-08-29T07:55:00Z,8.0,1.0,both_options
2025-08-29T07:55:00Z,2025-08-29T08:07:00Z,8.0,0.2,both_options
2025-08-29T08:07:00Z,2025-08-29T08:15:00Z,8.0,0.13333333333333333,both_options
2025-08-29T08:15:00Z,2025-08-29T08:55:00Z,8.0,0.6666666666666666,both_options
2025-08-29T08:55:00Z,2025-08-29T09:55:00Z,8.0,1.0,both_options
2025-08-29T09:55:00Z,2025-08-29T10:23:00Z,7.0,0.4666666666666667,both_options
2025-08-29T10:23:00Z,2025-08-29T10:55:00Z,6.0,0.5333333333333333,both_options
2025-08-29T10:55:00Z,2025-08-29T11:18:00Z,8.0,0.38333333333333336,both_options
2025-08-29T11:18:00Z,2025-08-29T11:55:00Z,8.0,0.6166666666666667,both_options
2025-08-29T11:55:00Z,2025-08-29T12:45:00Z,9.0,0.8333333333333334,both_options
2025-08-29T12:45:00Z,2025-08-29T12:55:00Z,9.0,0.16666666666666666,both_options
2025-08-29T12:55:00Z,2025-08-29T13:55:00Z,9.0,1.0,both_options
2025-08-29T13:55:00Z,2025-08-29T14:55:00Z,9.0,1.0,both_options
2025-08-29T14:55:00Z,2025-08-29T15:16:00Z,7.0,0.35,both_options
2025-08-29T15:16:00Z,2025-08-29T15:55:00Z,7.0,0.65,both_options
2025-08-29T15:55:00Z,2025-08-29T16:55:00Z,8.0,1.0,both_options
2025-08-29T16:55:00Z,2025-08-29T17:55:00Z,8.0,1.0,both_options
2025-08-29T17:55:00Z,2025-08-29T18:55:00Z,9.0,1.0,both_options
2025-08-29T18:55:00Z,2025-08-29T19:55:00Z,9.0,1.0,both_options
2025-08-29T19:55:00Z,2025-08-29T20:55:00Z,9.0,1.0,both_options
2025-08-29T20:55:00Z,2025-08-29T21:55:00Z,9.0,1.0,both_options
2025-08-29T21:55:00Z,2025-08-29T22:55:00Z,9.0,1.0,both_options
2025-08-29T22:55:00Z,2025-08-29T23:39:00Z,9.0,0.7333333333333333,both_options
2025-08-29T23:39:00Z,2025-08-29T23:55:00Z,9.0,0.26666666666666666,both_options
2025-08-29T23:55:00Z,2025-08-30T00:55:00Z,9.0,1.0,both_options
2025-08-30T00:55:00Z,2025-08-30T01:55:00Z,9.0,1.0,both_options
2025-08-30T01:55:00Z,2025-08-30T02:55:00Z,9.0,1.0,both_options
2025-08-30T02:55:00Z,2025-08-30T03:55:00Z,8.0,1.0,both_options
2025-08-30T03:55:00Z,2025-08-30T04:55:00Z,9.0,1.0,both_options
2025-08-30T04:55:00Z,2025-08-30T05:55:00Z,8.0,1.0,both_options
2025-08-30T05:55:00Z,2025-08-30T06:07:00Z,8.0,0.2,both_options
2025-08-30T06:07:00Z,2025-08-30T06:55:00Z,8.0,0.8,both_options
2025-08-30T06:55:00Z,2025-08-30T07:55:00Z,8.0,1.0,both_options
2025-08-30T07:55:00Z,2025-08-30T08:21:00Z,8.0,0.43333333333333335,both_options
2025-08-30T08:21:00Z,2025-08-30T08:55:00Z,8.0,0.5666666666666667,both_options
2025-08-30T08:55:00Z,2025-08-30T09:55:00Z,8.0,1.0,both_options
2025-08-30T09:55:00Z,2025-08-30T10:55:00Z,8.0,1.0,both_options
2025-08-30T10:55:00Z,2025-08-30T11:55:00Z,8.0,1.0,both_options
2025-08-30T11:55:00Z,2025-08-30T12:55:00Z,7.0,1.0,both_options
2025-08-30T12:55:00Z,2025-08-30T13:44:00Z,8.0,0.8166666666666667,both_options
2025-08-30T13:44:00Z,2025-08-30T13:55:00Z,6.0,0.18333333333333332,both_options
2025-08-30T13:55:00Z,2025-08-30T14:34:00Z,6.0,0.65,both_options
2025-08-30T14:34:00Z,2025-08-30T14:55:00Z,7.0,0.35,both_options
2025-08-30T14:55:00Z,2025-08-30T15:51:00Z,7.0,0.9333333333333333,both_options
2025-08-30T15:51:00Z,2025-08-30T15:55:00Z,6.0,0.06666666666666667,both_options
2025-08-30T15:55:00Z,2025-08-30T16:09:00Z,7.0,0.23333333333333334,both_options
2025-08-30T16:09:00Z,2025-08-30T16:33:00Z,7.0,0.4,both_options
2025-08-30T16:33:00Z,2025-08-30T16:55:00Z,7.0,0.36666666666666664,both_options
2025-08-30T16:55:00Z,2025-08-30T17:11:00Z,7.0,0.26666666666666666,both_options
2025-08-30T17:11:00Z,2025-08-30T17:55:00Z,7.0,0.7333333333333333,both_options
2025-08-30T17:55:00Z,2025-08-30T18:55:00Z,8.0,1.0,both_options
2025-08-30T18:55:00Z,2025-08-30T19:55:00Z,8.0,1.0,both_options
2025-08-30T19:55:00Z,2025-08-30T20:55:00Z,8.0,1.0,both_options
2025-08-30T20:55:00Z,2025-08-30T21:16:00Z,7.0,0.35,both_options
2025-08-30T21:16:00Z,2025-08-30T21:40:00Z,8.0,0.4,both_options
2025-08-30T21:40:00Z,2025-08-30T21:55:00Z,8.0,0.25,both_options
2025-08-30T21:55:00Z,2025-08-30T22:55:00Z,7.0,1.0,both_options
2025-08-30T22:55:00Z,2025-08-30T23:55:00Z,8.0,1.0,both_options
2025-08-30T23:55:00Z,2025-08-31T00:55:00Z,8.0,1.0,both_options
2025-08-31T00:55:00Z,2025-08-31T01:55:00Z,8.0,1.0,both_options
2025-08-31T01:55:00Z,2025-08-31T02:55:00Z,8.0,1.0,both_options
2025-08-31T02:55:00Z,2025-08-31T03:55:00Z,8.0,1.0,both_options
2025-08-31T03:55:00Z,2025-08-31T04:55:00Z,9.0,1.0,both_options
2025-08-31T04:55:00Z,2025-08-31T05:55:00Z,9.0,1.0,both_options
2025-08-31T05:55:00Z,2025-08-31T06:09:00Z,9.0,0.23333333333333334,both_options
2025-08-31T06:09:00Z,2025-08-31T06:16:00Z,8.0,0.11666666666666667,both_options
2025-08-31T06:16:00Z,2025-08-31T06:55:00Z,8.0,0.65,both_options
2025-08-31T06:55:00Z,2025-08-31T07:52:00Z,8.0,0.95,both_options
2025-08-31T07:52:00Z,2025-08-31T07:55:00Z,8.0,0.05,both_options
2025-08-31T07:55:00Z,2025-08-31T08:35:00Z,8.0,0.6666666666666666,both_options
2025-08-31T08:35:00Z,2025-08-31T08:55:00Z,7.0,0.3333333333333333,both_options
2025-08-31T08:55:00Z,2025-08-31T09:55:00Z,7.0,1.0,both_options
2025-08-31T09:55:00Z,2025-08-31T10:55:00Z,8.0,1.0,both_options
2025-08-31T10:55:00Z,2025-08-31T11:17:00Z,7.0,0.36666666666666664,both_options
2025-08-31T11:17:00Z,2025-08-31T11:27:00Z,7.0,0.16666666666666666,both_options
2025-08-31T11:27:00Z,2025-08-31T11:55:00Z,7.0,0.4666666666666667,both_options
2025-08-31T11:55:00Z,2025-08-31T12:31:00Z,7.0,0.6,both_options
2025-08-31T12:31:00Z,2025-08-31T12:55:00Z,7.0,0.4,both_options
2025-08-31T12:55:00Z,2025-08-31T13:47:00Z,6.0,0.8666666666666667,both_options
2025-08-31T13:47:00Z,2025-08-31T13:55:00Z,8.0,0.13333333333333333,both_options
2025-08-31T13:55:00Z,2025-08-31T14:03:00Z,7.0,0.13333333333333333,both_options
2025-08-31T14:03:00Z,2025-08-31T14:55:00Z,7.0,0.8666666666666667,both_options
2025-08-31T14:55:00Z,2025-08-31T15:55:00Z,7.0,1.0,both_options
2025-08-31T15:55:00Z,2025-08-31T16:28:00Z,7.0,0.55,both_options
2025-08-31T16:28:00Z,2025-08-31T16:55:00Z,7.0,0.45,both_options
2025-08-31T16:55:00Z,2025-08-31T17:11:00Z,7.0,0.26666666666666666,both_options
2025-08-31T17:11:00Z,2025-08-31T17:55:00Z,7.0,0.7333333333333333,both_options
2025-08-31T17:55:00Z,2025-08-31T18:55:00Z,7.0,1.0,both_options
2025-08-31T18:55:00Z,2025-08-31T19:55:00Z,8.0,1.0,both_options
2025-08-31T19:55:00Z,2025-08-31T20:55:00Z,8.0,1.0,both_options
2025-08-31T20:55:00Z,2025-08-31T21:26:00Z,8.0,0.5166666666666667,both_options
2025-08-31T21:26:00Z,2025-08-31T21:55:00Z,8.0,0.48333333333333334,both_options
2025-08-31T21:55:00Z,2025-08-31T22:55:00Z,8.0,1.0,both_options
2025-08-31T22:55:00Z,2025-08-31T23:55:00Z,8.0,1.0,both_options
2025-08-31T23:55:00Z,2025-09-01T00:55:00Z,8.0,1.0,both_options
2025-09-01T00:55:00Z,2025-09-01T01:55:00Z,8.0,1.0,both_options
2025-09-01T01:55:00Z,2025-09-01T02:55:00Z,8.0,1.0,both_options
2025-09-01T02:55:00Z,2025-09-01T03:55:00Z,8.0,1.0,both_options
2025-09-01T03:55:00Z,2025-09-01T04:55:00Z,8.0,1.0,both_options
2025-09-01T04:55:00Z,2025-09-01T05:55:00Z,8.0,1.0,both_options
2025-09-01T05:55:00Z,2025-09-01T06:28:00Z,8.0,0.55,both_options
2025-09-01T06:28:00Z,2025-09-01T06:35:00Z,8.0,0.11666666666666667,both_options
2025-09-01T06:35:00Z,2025-09-01T06:55:00Z,8.0,0.3333333333333333,both_options
2025-09-01T06:55:00Z,2025-09-01T07:41:00Z,8.0,0.7666666666666667,both_options
2025-09-01T07:41:00Z,2025-09-01T07:55:00Z,7.0,0.23333333333333334,both_options
2025-09-01T07:55:00Z,2025-09-01T08:55:00Z,8.0,1.0,both_options
2025-09-01T08:55:00Z,2025-09-01T09:55:00Z,8.0,1.0,both_options
2025-09-01T09:55:00Z,2025-09-01T10:55:00Z,8.0,1.0,both_options
2025-09-01T10:55:00Z,2025-09-01T11:55:00Z,8.0,1.0,both_options
2025-09-01T11:55:00Z,2025-09-01T12:55:00Z,8.0,1.0,both_options
2025-09-01T12:55:00Z,2025-09-01T13:55:00Z,8.0,1.0,both_options
2025-09-01T13:55:00Z,2025-09-01T14:55:00Z,7.0,1.0,both_options
2025-09-01T14:55:00Z,2025-09-01T15:55:00Z,6.0,1.0,both_options
2025-09-01T15:55:00Z,2025-09-01T16:55:00Z,8.0,1.0,both_options
2025-09-01T16:55:00Z,2025-09-01T17:52:00Z,8.0,0.95,both_options
2025-09-01T17:52:00Z,2025-09-01T17:55:00Z,8.0,0.05,both_options
2025-09-01T17:55:00Z,2025-09-01T18:55:00Z,8.0,1.0,both_options
2025-09-01T18:55:00Z,2025-09-01T19:55:00Z,8.0,1.0,both_options
2025-09-01T19:55:00Z,2025-09-01T20:55:00Z,8.0,1.0,both_options
2025-09-01T20:55:00Z,2025-09-01T21:55:00Z,9.0,1.0,both_options
2025-09-01T21:55:00Z,2025-09-01T22:55:00Z,9.0,1.0,both_options
2025-09-01T22:55:00Z,2025-09-01T23:27:00Z,9.0,0.5333333333333333,both_options
2025-09-01T23:27:00Z,2025-09-01T23:55:00Z,9.0,0.4666666666666667,both_options
2025-09-01T23:55:00Z,2025-09-02T00:55:00Z,9.0,1.0,both_options
2025-09-02T00:55:00Z,2025-09-02T01:55:00Z,9.0,1.0,both_options
2025-09-02T01:55:00Z,2025-09-02T02:55:00Z,9.0,1.0,both_options
2025-09-02T02:55:00Z,2025-09-02T03:55:00Z,8.0,1.0,both_options
2025-09-02T03:55:00Z,2025-09-02T04:55:00Z,9.0,1.0,both_options
2025-09-02T04:55:00Z,2025-09-02T05:55:00Z,9.0,1.0,both_options
2025-09-02T05:55:00Z,2025-09-02T06:08:00Z,8.0,0.21666666666666667,both_options
2025-09-02T06:08:00Z,2025-09-02T06:55:00Z,8.0,0.7833333333333333,both_options
2025-09-02T06:55:00Z,2025-09-02T07:55:00Z,8.0,1.0,both_options
2025-09-02T07:55:00Z,2025-09-02T08:55:00Z,7.0,1.0,both_options
2025-09-02T08:55:00Z,2025-09-02T09:08:00Z,8.0,0.21666666666666667,both_options
2025-09-02T09:08:00Z,2025-09-02T09:18:00Z,8.0,0.16666666666666666,both_options
2025-09-02T09:18:00Z,2025-09-02T09:26:00Z,8.0,0.13333333333333333,both_options
2025-09-02T09:26:00Z,2025-09-02T09:55:00Z,7.0,0.48333333333333334,both_options
2025-09-02T09:55:00Z,2025-09-02T10:55:00Z,8.0,1.0,both_options
2025-09-02T10:55:00Z,2025-09-02T11:55:00Z,8.0,1.0,both_options
2025-09-02T11:55:00Z,2025-09-02T12:55:00Z,8.0,1.0,both_options
2025-09-02T12:55:00Z,2025-09-02T13:50:00Z,8.0,0.9166666666666666,both_options
2025-09-02T13:50:00Z,2025-09-02T13:52:00Z,1.5,0.03333333333333333,both_options
2025-09-02T13:52:00Z,2025-09-02T13:55:00Z,0.75,0.05,lower_only
2025-09-02T13:55:00Z,2025-09-02T14:02:00Z,0.5,0.11666666666666667,neither_option
2025-09-02T14:02:00Z,2025-09-02T14:09:00Z,0.25,0.11666666666666667,neither_option
2025-09-02T14:09:00Z,2025-09-02T14:11:00Z,0.75,0.03333333333333333,lower_only
2025-09-02T14:11:00Z,2025-09-02T14:14:00Z,1.25,0.05,both_options
2025-09-02T14:14:00Z,2025-09-02T14:21:00Z,2.0,0.11666666666666667,both_options
2025-09-02T14:21:00Z,2025-09-02T14:55:00Z,8.0,0.5666666666666667,both_options
2025-09-02T14:55:00Z,2025-09-02T15:55:00Z,7.0,1.0,both_options
2025-09-02T15:55:00Z,2025-09-02T16:55:00Z,8.0,1.0,both_options
2025-09-02T16:55:00Z,2025-09-02T17:55:00Z,9.0,1.0,both_options
2025-09-02T17:55:00Z,2025-09-02T18:55:00Z,9.0,1.0,both_options
2025-09-02T18:55:00Z,2025-09-02T19:55:00Z,9.0,1.0,both_options
2025-09-02T19:55:00Z,2025-09-02T20:55:00Z,9.0,1.0,both_options
2025-09-02T20:55:00Z,2025-09-02T21:55:00Z,8.0,1.0,both_options
2025-09-02T21:55:00Z,2025-09-02T22:55:00Z,8.0,1.0,both_options
2025-09-02T22:55:00Z,2025-09-02T23:55:00Z,8.0,1.0,both_options
2025-09-02T23:55:00Z,2025-09-03T00:55:00Z,8.0,1.0,both_options
2025-09-03T00:55:00Z,2025-09-03T01:55:00Z,8.0,1.0,both_options
2025-09-03T01:55:00Z,2025-09-03T02:55:00Z,8.0,1.0,both_options
2025-09-03T02:55:00Z,2025-09-03T03:55:00Z,7.0,1.0,both_options
2025-09-03T03:55:00Z,2025-09-03T04:55:00Z,9.0,1.0,both_options
2025-09-03T04:55:00Z,2025-09-03T05:55:00Z,8.0,1.0,both_options
2025-09-03T05:55:00Z,2025-09-03T06:55:00Z,7.0,1.0,both_options
2025-09-03T06:55:00Z,2025-09-03T07:13:00Z,7.0,0.3,both_options
2025-09-03T07:13:00Z,2025-09-03T07:23:00Z,7.0,0.16666666666666666,both_options
2025-09-03T07:23:00Z,2025-09-03T07:55:00Z,7.0,0.5333333333333333,both_options
2025-09-03T07:55:00Z,2025-09-03T08:55:00Z,7.0,1.0,both_options
2025-09-03T08:55:00Z,2025-09-03T09:30:00Z,6.0,0.5833333333333334,both_options
2025-09-03T09:30:00Z,2025-09-03T09:55:00Z,7.0,0.4166666666666667,both_options
2025-09-03T09:55:00Z,2025-09-03T10:55:00Z,6.0,1.0,both_options
2025-09-03T10:55:00Z,2025-09-03T11:55:00Z,5.0,1.0,both_options
2025-09-03T11:55:00Z,2025-09-03T12:55:00Z,5.0,1.0,both_options
2025-09-03T12:55:00Z,2025-09-03T13:55:00Z,7.0,1.0,both_options
2025-09-03T13:55:00Z,2025-09-03T14:55:00Z,5.0,1.0,both_options
2025-09-03T14:55:00Z,2025-09-03T15:55:00Z,4.0,1.0,both_options
2025-09-03T15:55:00Z,2025-09-03T16:55:00Z,6.0,1.0,both_options
2025-09-03T16:55:00Z,2025-09-03T17:55:00Z,6.0,1.0,both_options
2025-09-03T17:55:00Z,2025-09-03T18:40:00Z,6.0,0.75,both_options
2025-09-03T18:40:00Z,2025-09-03T18:55:00Z,6.0,0.25,both_options
2025-09-03T18:55:00Z,2025-09-03T19:55:00Z,7.0,1.0,both_options
2025-09-03T19:55:00Z,2025-09-03T20:55:00Z,7.0,1.0,both_options
2025-09-03T20:55:00Z,2025-09-03T21:55:00Z,7.0,1.0,both_options
2025-09-03T21:55:00Z,2025-09-03T22:55:00Z,7.0,1.0,both_options
2025-09-03T22:55:00Z,2025-09-03T23:55:00Z,7.0,1.0,both_options
2025-09-03T23:55:00Z,2025-09-04T00:16:00Z,7.0,0.35,both_options
2025-09-04T00:16:00Z,2025-09-04T00:55:00Z,7.0,0.65,both_options
2025-09-04T00:55:00Z,2025-09-04T01:08:00Z,7.0,0.21666666666666667,both_options
2025-09-04T01:08:00Z,2025-09-04T01:42:00Z,7.0,0.5666666666666667,both_options
2025-09-04T01:42:00Z,2025-09-04T01:55:00Z,7.0,0.21666666666666667,both_options
2025-09-04T01:55:00Z,2025-09-04T02:55:00Z,7.0,1.0,both_options
2025-09-04T02:55:00Z,2025-09-04T03:55:00Z,7.0,1.0,both_options
2025-09-04T03:55:00Z,2025-09-04T04:55:00Z,8.0,1.0,both_options
2025-09-04T04:55:00Z,2025-09-04T05:55:00Z,8.0,1.0,both_options
2025-09-04T05:55:00Z,2025-09-04T06:55:00Z,9.0,1.0,both_options
2025-09-04T06:55:00Z,2025-09-04T07:36:00Z,8.0,0.6833333333333333,both_options
2025-09-04T07:36:00Z,2025-09-04T07:55:00Z,8.0,0.31666666666666665,both_options
2025-09-04T07:55:00Z,2025-09-04T08:25:00Z,8.0,0.5,both_options
2025-09-04T08:25:00Z,2025-09-04T08:55:00Z,10.0,0.5,both_options
2025-09-04T08:55:00Z,2025-09-04T09:55:00Z,8.0,1.0,both_options
2025-09-04T09:55:00Z,2025-09-04T10:53:00Z,9.0,0.9666666666666667,both_options
2025-09-04T10:53:00Z,2025-09-04T10:55:00Z,10.0,0.03333333333333333,both_options
2025-09-04T10:55:00Z,2025-09-04T11:12:00Z,10.0,0.2833333333333333,both_options
2025-09-04T11:12:00Z,2025-09-04T11:55:00Z,10.0,0.7166666666666667,both_options
2025-09-04T11:55:00Z,2025-09-04T12:55:00Z,10.0,1.0,both_options
2025-09-04T12:55:00Z,2025-09-04T13:03:00Z,10.0,0.13333333333333333,both_options
2025-09-04T13:03:00Z,2025-09-04T13:55:00Z,10.0,0.8666666666666667,both_options
2025-09-04T13:55:00Z,2025-09-04T14:06:00Z,9.0,0.18333333333333332,both_options
2025-09-04T14:06:00Z,2025-09-04T14:42:00Z,8.0,0.6,both_options
2025-09-04T14:42:00Z,2025-09-04T14:55:00Z,8.0,0.21666666666666667,both_options
2025-09-04T14:55:00Z,2025-09-04T15:29:00Z,7.0,0.5666666666666667,both_options
2025-09-04T15:29:00Z,2025-09-04T15:55:00Z,9.0,0.43333333333333335,both_options
2025-09-04T15:55:00Z,2025-09-04T16:55:00Z,10.0,1.0,both_options
2025-09-04T16:55:00Z,2025-09-04T17:55:00Z,10.0,1.0,both_options
2025-09-04T17:55:00Z,2025-09-04T18:55:00Z,9.0,1.0,both_options
2025-09-04T18:55:00Z,2025-09-04T19:29:00Z,10.0,0.5666666666666667,both_options
2025-09-04T19:29:00Z,2025-09-04T19:55:00Z,10.0,0.43333333333333335,both_options
2025-09-04T19:55:00Z,2025-09-04T20:55:00Z,10.0,1.0,both_options
2025-09-04T20:55:00Z,2025-09-04T21:55:00Z,10.0,1.0,both_options
2025-09-04T21:55:00Z,2025-09-04T22:55:00Z,9.0,1.0,both_options
2025-09-04T22:55:00Z,2025-09-04T23:55:00Z,10.0,1.0,both_options
2025-09-04T23:55:00Z,2025-09-05T00:55:00Z,9.0,1.0,both_options
2025-09-05T00:55:00Z,2025-09-05T01:11:00Z,9.0,0.26666666666666666,both_options
2025-09-05T01:11:00Z,2025-09-05T01:41:00Z,8.0,0.5,both_options
2025-09-05T01:41:00Z,2025-09-05T01:55:00Z,7.0,0.23333333333333334,both_options
2025-09-05T01:55:00Z,2025-09-05T02:55:00Z,7.0,1.0,both_options
2025-09-05T02:55:00Z,2025-09-05T03:55:00Z,8.0,1.0,both_options
2025-09-05T03:55:00Z,2025-09-05T04:55:00Z,6.0,1.0,both_options
2025-09-05T04:55:00Z,2025-09-05T05:55:00Z,7.0,1.0,both_options
2025-09-05T05:55:00Z,2025-09-05T06:55:00Z,8.0,1.0,both_options
2025-09-05T06:55:00Z,2025-09-05T07:55:00Z,6.0,1.0,both_options
2025-09-05T07:55:00Z,2025-09-05T08:55:00Z,6.0,1.0,both_options
2025-09-05T08:55:00Z,2025-09-05T09:55:00Z,3.0,1.0,both_options
2025-09-05T09:55:00Z,2025-09-05T10:55:00Z,7.0,1.0,both_options
2025-09-05T10:55:00Z,2025-09-05T11:52:00Z,3.0,0.95,both_options
2025-09-05T11:52:00Z,2025-09-05T11:55:00Z,7.0,0.05,both_options
2025-09-05T11:55:00Z,2025-09-05T12:07:00Z,7.0,0.2,both_options
2025-09-05T12:07:00Z,2025-09-05T12:17:00Z,8.0,0.16666666666666666,both_options
2025-09-05T12:17:00Z,2025-09-05T12:55:00Z,6.0,0.6333333333333333,both_options
2025-09-05T12:55:00Z,2025-09-05T13:24:00Z,5.0,0.48333333333333334,both_options
2025-09-05T13:24:00Z,2025-09-05T13:55:00Z,5.0,0.5166666666666667,both_options
2025-09-05T13:55:00Z,2025-09-05T14:55:00Z,5.0,1.0,both_options
2025-09-05T14:55:00Z,2025-09-05T15:45:00Z,7.0,0.8333333333333334,both_options
2025-09-05T15:45:00Z,2025-09-05T15:55:00Z,9.0,0.16666666666666666,both_options
2025-09-05T15:55:00Z,2025-09-05T16:28:00Z,9.0,0.55,both_options
2025-09-05T16:28:00Z,2025-09-05T16:55:00Z,7.0,0.45,both_options
2025-09-05T16:55:00Z,2025-09-05T17:42:00Z,7.0,0.7833333333333333,both_options
2025-09-05T17:42:00Z,2025-09-05T17:55:00Z,10.0,0.21666666666666667,both_options
2025-09-05T17:55:00Z,2025-09-05T18:55:00Z,10.0,1.0,both_options
2025-09-05T18:55:00Z,2025-09-05T19:55:00Z,10.0,1.0,both_options
2025-09-05T19:55:00Z,2025-09-05T20:07:00Z,10.0,0.2,both_options
2025-09-05T20:07:00Z,2025-09-05T20:34:00Z,10.0,0.45,both_options
2025-09-05T20:34:00Z,2025-09-05T20:44:00Z,10.0,0.16666666666666666,both_options
2025-09-05T20:44:00Z,2025-09-05T20:55:00Z,10.0,0.18333333333333332,both_options
2025-09-05T20:55:00Z,2025-09-05T21:55:00Z,10.0,1.0,both_options
2025-09-05T21:55:00Z,2025-09-05T22:55:00Z,9.0,1.0,both_options
2025-09-05T22:55:00Z,2025-09-05T23:55:00Z,10.0,1.0,both_options
2025-09-05T23:55:00Z,2025-09-06T00:22:00Z,9.0,0.45,both_options
2025-09-06T00:22:00Z,2025-09-06T00:55:00Z,9.0,0.55,both_options
2025-09-06T00:55:00Z,2025-09-06T01:32:00Z,9.0,0.6166666666666667,both_options
2025-09-06T01:32:00Z,2025-09-06T01:55:00Z,10.0,0.38333333333333336,both_options
2025-09-06T01:55:00Z,2025-09-06T02:05:00Z,10.0,0.16666666666666666,both_options
2025-09-06T02:05:00Z,2025-09-06T02:24:00Z,10.0,0.31666666666666665,both_options
2025-09-06T02:24:00Z,2025-09-06T02:55:00Z,10.0,0.5166666666666667,both_options
2025-09-06T02:55:00Z,2025-09-06T03:55:00Z,10.0,1.0,both_options
2025-09-06T03:55:00Z,2025-09-06T04:55:00Z,5.0,1.0,both_options
2025-09-06T04:55:00Z,2025-09-06T05:19:00Z,10.0,0.4,both_options
2025-09-06T05:19:00Z,2025-09-06T05:44:00Z,10.0,0.4166666666666667,both_options
2025-09-06T05:44:00Z,2025-09-06T05:50:00Z,3.0,0.1,both_options
2025-09-06T05:50:00Z,2025-09-06T05:55:00Z,1.75,0.08333333333333333,both_options
2025-09-06T05:55:00Z,2025-09-06T06:02:00Z,1.0,0.11666666666666667,both_options
2025-09-06T06:02:00Z,2025-09-06T06:09:00Z,0.75,0.11666666666666667,lower_only
2025-09-06T06:09:00Z,2025-09-06T06:19:00Z,1.5,0.16666666666666666,both_options
2025-09-06T06:19:00Z,2025-09-06T06:24:00Z,2.0,0.08333333333333333,both_options
2025-09-06T06:24:00Z,2025-09-06T06:43:00Z,1.25,0.31666666666666665,both_options
2025-09-06T06:43:00Z,2025-09-06T06:55:00Z,2.0,0.2,both_options
2025-09-06T06:55:00Z,2025-09-06T07:24:00Z,1.75,0.48333333333333334,both_options
2025-09-06T07:24:00Z,2025-09-06T07:31:00Z,0.75,0.11666666666666667,lower_only
2025-09-06T07:31:00Z,2025-09-06T07:51:00Z,1.0,0.3333333333333333,both_options
2025-09-06T07:51:00Z,2025-09-06T07:55:00Z,1.5,0.06666666666666667,both_options
2025-09-06T07:55:00Z,2025-09-06T08:05:00Z,1.25,0.16666666666666666,both_options
2025-09-06T08:05:00Z,2025-09-06T08:16:00Z,1.25,0.18333333333333332,both_options
2025-09-06T08:16:00Z,2025-09-06T08:23:00Z,2.0,0.11666666666666667,both_options
2025-09-06T08:23:00Z,2025-09-06T08:37:00Z,2.5,0.23333333333333334,both_options
2025-09-06T08:37:00Z,2025-09-06T08:55:00Z,1.5,0.3,both_options
2025-09-06T08:55:00Z,2025-09-06T09:12:00Z,2.0,0.2833333333333333,both_options
2025-09-06T09:12:00Z,2025-09-06T09:55:00Z,4.0,0.7166666666666667,both_options
2025-09-06T09:55:00Z,2025-09-06T10:55:00Z,10.0,1.0,both_options
2025-09-06T10:55:00Z,2025-09-06T11:55:00Z,10.0,1.0,both_options
2025-09-06T11:55:00Z,2025-09-06T12:09:00Z,10.0,0.23333333333333334,both_options
2025-09-06T12:09:00Z,2025-09-06T12:19:00Z,10.0,0.16666666666666666,both_options
2025-09-06T12:19:00Z,2025-09-06T12:45:00Z,10.0,0.43333333333333335,both_options
2025-09-06T12:45:00Z,2025-09-06T12:55:00Z,10.0,0.16666666666666666,both_options
2025-09-06T12:55:00Z,2025-09-06T13:10:00Z,10.0,0.25,both_options
2025-09-06T13:10:00Z,2025-09-06T13:55:00Z,9.0,0.75,both_options
2025-09-06T13:55:00Z,2025-09-06T14:09:00Z,10.0,0.23333333333333334,both_options
2025-09-06T14:09:00Z,2025-09-06T14:38:00Z,9.0,0.48333333333333334,both_options
2025-09-06T14:38:00Z,2025-09-06T14:55:00Z,8.0,0.2833333333333333,both_options
2025-09-06T14:55:00Z,2025-09-06T15:55:00Z,6.0,1.0,both_options
2025-09-06T15:55:00Z,2025-09-06T16:14:00Z,5.0,0.31666666666666665,both_options
2025-09-06T16:14:00Z,2025-09-06T16:55:00Z,10.0,0.6833333333333333,both_options
2025-09-06T16:55:00Z,2025-09-06T17:10:00Z,10.0,0.25,both_options
2025-09-06T17:10:00Z,2025-09-06T17:30:00Z,10.0,0.3333333333333333,both_options
2025-09-06T17:30:00Z,2025-09-06T17:55:00Z,10.0,0.4166666666666667,both_options
2025-09-06T17:55:00Z,2025-09-06T18:42:00Z,10.0,0.7833333333333333,both_options
2025-09-06T18:42:00Z,2025-09-06T18:55:00Z,10.0,0.21666666666666667,both_options
2025-09-06T18:55:00Z,2025-09-06T19:09:00Z,10.0,0.23333333333333334,both_options
2025-09-06T19:09:00Z,2025-09-06T19:28:00Z,10.0,0.31666666666666665,both_options
2025-09-06T19:28:00Z,2025-09-06T19:55:00Z,10.0,0.45,both_options
2025-09-06T19:55:00Z,2025-09-06T20:55:00Z,10.0,1.0,both_options
2025-09-06T20:55:00Z,2025-09-06T21:31:00Z,10.0,0.6,both_options
2025-09-06T21:31:00Z,2025-09-06T21:55:00Z,10.0,0.4,both_options
2025-09-06T21:55:00Z,2025-09-06T22:41:00Z,10.0,0.7666666666666667,both_options
2025-09-06T22:41:00Z,2025-09-06T22:55:00Z,10.0,0.23333333333333334,both_options
2025-09-06T22:55:00Z,2025-09-06T23:12:00Z,10.0,0.2833333333333333,both_options
2025-09-06T23:12:00Z,2025-09-06T23:28:00Z,10.0,0.26666666666666666,both_options
2025-09-06T23:28:00Z,2025-09-06T23:55:00Z,10.0,0.45,both_options
2025-09-06T23:55:00Z,2025-09-07T00:28:00Z,10.0,0.55,both_options
2025-09-07T00:28:00Z,2025-09-07T00:55:00Z,10.0,0.45,both_options
2025-09-07T00:55:00Z,2025-09-07T01:07:00Z,10.0,0.2,both_options
2025-09-07T01:07:00Z,2025-09-07T01:45:00Z,10.0,0.6333333333333333,both_options
2025-09-07T01:45:00Z,2025-09-07T01:55:00Z,10.0,0.16666666666666666,both_options
2025-09-07T01:55:00Z,2025-09-07T02:55:00Z,10.0,1.0,both_options
2025-09-07T02:55:00Z,2025-09-07T03:09:00Z,10.0,0.23333333333333334,both_options
2025-09-07T03:09:00Z,2025-09-07T03:55:00Z,10.0,0.7666666666666667,both_options
2025-09-07T03:55:00Z,2025-09-07T04:31:00Z,10.0,0.6,both_options
2025-09-07T04:31:00Z,2025-09-07T04:55:00Z,10.0,0.4,both_options
2025-09-07T04:55:00Z,2025-09-07T05:08:00Z,10.0,0.21666666666666667,both_options
2025-09-07T05:08:00Z,2025-09-07T05:15:00Z,10.0,0.11666666666666667,both_options
2025-09-07T05:15:00Z,2025-09-07T05:55:00Z,10.0,0.6666666666666666,both_options
2025-09-07T05:55:00Z,2025-09-07T06:07:00Z,10.0,0.2,both_options
2025-09-07T06:07:00Z,2025-09-07T06:14:00Z,10.0,0.11666666666666667,both_options
2025-09-07T06:14:00Z,2025-09-07T06:40:00Z,10.0,0.43333333333333335,both_options
2025-09-07T06:40:00Z,2025-09-07T06:55:00Z,9.0,0.25,both_options
2025-09-07T06:55:00Z,2025-09-07T07:29:00Z,9.0,0.5666666666666667,both_options
2025-09-07T07:29:00Z,2025-09-07T07:55:00Z,9.0,0.43333333333333335,both_options
2025-09-07T07:55:00Z,2025-09-07T08:02:00Z,9.0,0.11666666666666667,both_options
2025-09-07T08:02:00Z,2025-09-07T08:22:00Z,9.0,0.3333333333333333,both_options
2025-09-07T08:22:00Z,2025-09-07T08:55:00Z,7.0,0.55,both_options
2025-09-07T08:55:00Z,2025-09-07T09:40:00Z,4.0,0.75,both_options
2025-09-07T09:40:00Z,2025-09-07T09:51:00Z,9.0,0.18333333333333332,both_options
2025-09-07T09:51:00Z,2025-09-07T09:55:00Z,10.0,0.06666666666666667,both_options
2025-09-07T09:55:00Z,2025-09-07T10:55:00Z,10.0,1.0,both_options
2025-09-07T10:55:00Z,2025-09-07T11:55:00Z,10.0,1.0,both_options
2025-09-07T11:55:00Z,2025-09-07T12:11:00Z,10.0,0.26666666666666666,both_options
2025-09-07T12:11:00Z,2025-09-07T12:35:00Z,10.0,0.4,both_options
2025-09-07T12:35:00Z,2025-09-07T12:55:00Z,10.0,0.3333333333333333,both_options
2025-09-07T12:55:00Z,2025-09-07T13:03:00Z,9.0,0.13333333333333333,both_options
2025-09-07T13:03:00Z,2025-09-07T13:55:00Z,10.0,0.8666666666666667,both_options
2025-09-07T13:55:00Z,2025-09-07T14:05:00Z,8.0,0.16666666666666666,both_options
2025-09-07T14:05:00Z,2025-09-07T14:55:00Z,8.0,0.8333333333333334,both_options
2025-09-07T14:55:00Z,2025-09-07T15:44:00Z,8.0,0.8166666666666667,both_options
2025-09-07T15:44:00Z,2025-09-07T15:55:00Z,7.0,0.18333333333333332,both_options
2025-09-07T15:55:00Z,2025-09-07T16:55:00Z,8.0,1.0,both_options
2025-09-07T16:55:00Z,2025-09-07T17:41:00Z,9.0,0.7666666666666667,both_options
2025-09-07T17:41:00Z,2025-09-07T17:55:00Z,9.0,0.23333333333333334,both_options
2025-09-07T17:55:00Z,2025-09-07T18:55:00Z,9.0,1.0,both_options
2025-09-07T18:55:00Z,2025-09-07T19:55:00Z,10.0,1.0,both_options
2025-09-07T19:55:00Z,2025-09-07T20:55:00Z,10.0,1.0,both_options
2025-09-07T20:55:00Z,2025-09-07T21:55:00Z,10.0,1.0,both_options
2025-09-07T21:55:00Z,2025-09-07T22:55:00Z,10.0,1.0,both_options
2025-09-07T22:55:00Z,2025-09-07T23:55:00Z,9.0,1.0,both_options
2025-09-07T23:55:00Z,2025-09-08T00:55:00Z,10.0,1.0,both_options
2025-09-08T00:55:00Z,2025-09-08T01:55:00Z,10.0,1.0,both_options
2025-09-08T01:55:00Z,2025-09-08T02:55:00Z,9.0,1.0,both_options
2025-09-08T02:55:00Z,2025-09-08T03:55:00Z,10.0,1.0,both_options
2025-09-08T03:55:00Z,2025-09-08T04:55:00Z,10.0,1.0,both_options
2025-09-08T04:55:00Z,2025-09-08T05:55:00Z,10.0,1.0,both_options
2025-09-08T05:55:00Z,2025-09-08T06:55:00Z,9.0,1.0,both_options
2025-09-08T06:55:00Z,2025-09-08T07:55:00Z,10.0,1.0,both_options
2025-09-08T07:55:00Z,2025-09-08T08:55:00Z,10.0,1.0,both_options
2025-09-08T08:55:00Z,2025-09-08T09:55:00Z,10.0,1.0,both_options
2025-09-08T09:55:00Z,2025-09-08T10:55:00Z,10.0,1.0,both_options
2025-09-08T10:55:00Z,2025-09-08T11:55:00Z,10.0,1.0,both_options
2025-09-08T11:55:00Z,2025-09-08T12:55:00Z,10.0,1.0,both_options
2025-09-08T12:55:00Z,2025-09-08T13:55:00Z,10.0,1.0,both_options
2025-09-08T13:55:00Z,2025-09-08T14:55:00Z,8.0,1.0,both_options
2025-09-08T14:55:00Z,2025-09-08T15:55:00Z,9.0,1.0,both_options
2025-09-08T15:55:00Z,2025-09-08T16:55:00Z,9.0,1.0,both_options
2025-09-08T16:55:00Z,2025-09-08T17:55:00Z,9.0,1.0,both_options
2025-09-08T17:55:00Z,2025-09-08T18:55:00Z,10.0,1.0,both_options
2025-09-08T18:55:00Z,2025-09-08T19:55:00Z,10.0,1.0,both_options
2025-09-08T19:55:00Z,2025-09-08T20:55:00Z,10.0,1.0,both_options
2025-09-08T20:55:00Z,2025-09-08T21:55:00Z,10.0,1.0,both_options
2025-09-08T21:55:00Z,2025-09-08T22:55:00Z,10.0,1.0,both_options
2025-09-08T22:55:00Z,2025-09-08T23:55:00Z,10.0,1.0,both_options
2025-09-08T23:55:00Z,2025-09-09T00:55:00Z,10.0,1.0,both_options
2025-09-09T00:55:00Z,2025-09-09T01:55:00Z,10.0,1.0,both_options
2025-09-09T01:55:00Z,2025-09-09T02:55:00Z,10.0,1.0,both_options
2025-09-09T02:55:00Z,2025-09-09T03:55:00Z,10.0,1.0,both_options
2025-09-09T03:55:00Z,2025-09-09T04:55:00Z,10.0,1.0,both_options
2025-09-09T04:55:00Z,2025-09-09T05:55:00Z,10.0,1.0,both_options
2025-09-09T05:55:00Z,2025-09-09T06:55:00Z,10.0,1.0,both_options
2025-09-09T06:55:00Z,2025-09-09T07:55:00Z,10.0,1.0,both_options
2025-09-09T07:55:00Z,2025-09-09T08:55:00Z,10.0,1.0,both_options
2025-09-09T08:55:00Z,2025-09-09T09:55:00Z,9.0,1.0,both_options
2025-09-09T09:55:00Z,2025-09-09T10:28:00Z,9.0,0.55,both_options
2025-09-09T10:28:00Z,2025-09-09T10:37:00Z,8.0,0.15,both_options
2025-09-09T10:37:00Z,2025-09-09T10:55:00Z,8.0,0.3,both_options
2025-09-09T10:55:00Z,2025-09-09T11:20:00Z,9.0,0.4166666666666667,both_options
2025-09-09T11:20:00Z,2025-09-09T11:55:00Z,9.0,0.5833333333333334,both_options
2025-09-09T11:55:00Z,2025-09-09T12:44:00Z,7.0,0.8166666666666667,both_options
2025-09-09T12:44:00Z,2025-09-09T12:55:00Z,7.0,0.18333333333333332,both_options
2025-09-09T12:55:00Z,2025-09-09T13:53:00Z,7.0,0.9666666666666667,both_options
2025-09-09T13:53:00Z,2025-09-09T13:55:00Z,8.0,0.03333333333333333,both_options
2025-09-09T13:55:00Z,2025-09-09T14:06:00Z,8.0,0.18333333333333332,both_options
2025-09-09T14:06:00Z,2025-09-09T14:48:00Z,8.0,0.7,both_options
2025-09-09T14:48:00Z,2025-09-09T14:55:00Z,7.0,0.11666666666666667,both_options
2025-09-09T14:55:00Z,2025-09-09T15:14:00Z,6.0,0.31666666666666665,both_options
2025-09-09T15:14:00Z,2025-09-09T15:55:00Z,6.0,0.6833333333333333,both_options
2025-09-09T15:55:00Z,2025-09-09T16:14:00Z,7.0,0.31666666666666665,both_options
2025-09-09T16:14:00Z,2025-09-09T16:35:00Z,7.0,0.35,both_options
2025-09-09T16:35:00Z,2025-09-09T16:55:00Z,8.0,0.3333333333333333,both_options
2025-09-09T16:55:00Z,2025-09-09T17:55:00Z,9.0,1.0,both_options
2025-09-09T17:55:00Z,2025-09-09T18:12:00Z,9.0,0.2833333333333333,both_options
2025-09-09T18:12:00Z,2025-09-09T18:23:00Z,9.0,0.18333333333333332,both_options
2025-09-09T18:23:00Z,2025-09-09T18:55:00Z,9.0,0.5333333333333333,both_options
2025-09-09T18:55:00Z,2025-09-09T19:55:00Z,9.0,1.0,both_options
2025-09-09T19:55:00Z,2025-09-09T20:46:00Z,9.0,0.85,both_options
2025-09-09T20:46:00Z,2025-09-09T20:55:00Z,9.0,0.15,both_options
2025-09-09T20:55:00Z,2025-09-09T21:55:00Z,9.0,1.0,both_options
2025-09-09T21:55:00Z,2025-09-09T22:55:00Z,10.0,1.0,both_options
2025-09-09T22:55:00Z,2025-09-09T23:19:00Z,10.0,0.4,both_options
2025-09-09T23:19:00Z,2025-09-09T23:55:00Z,10.0,0.6,both_options
2025-09-09T23:55:00Z,2025-09-10T00:19:00Z,10.0,0.4,both_options
2025-09-10T00:19:00Z,2025-09-10T00:55:00Z,10.0,0.6,both_options
2025-09-10T00:55:00Z,2025-09-10T01:14:00Z,10.0,0.31666666666666665,both_options
2025-09-10T01:14:00Z,2025-09-10T01:55:00Z,10.0,0.6833333333333333,both_options
2025-09-10T01:55:00Z,2025-09-10T02:16:00Z,9.0,0.35,both_options
2025-09-10T02:16:00Z,2025-09-10T02:55:00Z,9.0,0.65,both_options
2025-09-10T02:55:00Z,2025-09-10T03:39:00Z,10.0,0.7333333333333333,both_options
2025-09-10T03:39:00Z,2025-09-10T03:55:00Z,10.0,0.26666666666666666,both_options
2025-09-10T03:55:00Z,2025-09-10T04:55:00Z,10.0,1.0,both_options
2025-09-10T04:55:00Z,2025-09-10T05:24:00Z,10.0,0.48333333333333334,both_options
2025-09-10T05:24:00Z,2025-09-10T05:33:00Z,10.0,0.15,both_options
2025-09-10T05:33:00Z,2025-09-10T05:55:00Z,10.0,0.36666666666666664,both_options
2025-09-10T05:55:00Z,2025-09-10T06:55:00Z,10.0,1.0,both_options
2025-09-10T06:55:00Z,2025-09-10T07:55:00Z,10.0,1.0,both_options
2025-09-10T07:55:00Z,2025-09-10T08:53:00Z,10.0,0.9666666666666667,both_options
2025-09-10T08:53:00Z,2025-09-10T08:55:00Z,10.0,0.03333333333333333,both_options
2025-09-10T08:55:00Z,2025-09-10T09:11:00Z,10.0,0.26666666666666666,both_options
2025-09-10T09:11:00Z,2025-09-10T09:55:00Z,10.0,0.7333333333333333,both_options
2025-09-10T09:55:00Z,2025-09-10T10:55:00Z,10.0,1.0,both_options
2025-09-10T10:55:00Z,2025-09-10T11:53:00Z,10.0,0.9666666666666667,both_options
2025-09-10T11:53:00Z,2025-09-10T11:55:00Z,10.0,0.03333333333333333,both_options
2025-09-10T11:55:00Z,2025-09-10T12:35:00Z,10.0,0.6666666666666666,both_options
2025-09-10T12:35:00Z,2025-09-10T12:55:00Z,10.0,0.3333333333333333,both_options
2025-09-10T12:55:00Z,2025-09-10T13:55:00Z,10.0,1.0,both_options
2025-09-10T13:55:00Z,2025-09-10T14:55:00Z,10.0,1.0,both_options
2025-09-10T14:55:00Z,2025-09-10T15:12:00Z,9.0,0.2833333333333333,both_options
2025-09-10T15:12:00Z,2025-09-10T15:40:00Z,9.0,0.4666666666666667,both_options
2025-09-10T15:40:00Z,2025-09-10T15:55:00Z,9.0,0.25,both_options
2025-09-10T15:55:00Z,2025-09-10T16:27:00Z,9.0,0.5333333333333333,both_options
2025-09-10T16:27:00Z,2025-09-10T16:55:00Z,9.0,0.4666666666666667,both_options
2025-09-10T16:55:00Z,2025-09-10T17:55:00Z,9.0,1.0,both_options
2025-09-10T17:55:00Z,2025-09-10T18:55:00Z,9.0,1.0,both_options
2025-09-10T18:55:00Z,2025-09-10T19:55:00Z,8.0,1.0,both_options
2025-09-10T19:55:00Z,2025-09-10T20:55:00Z,9.0,1.0,both_options
2025-09-10T20:55:00Z,2025-09-10T21:55:00Z,9.0,1.0,both_options
2025-09-10T21:55:00Z,2025-09-10T22:55:00Z,9.0,1.0,both_options
2025-09-10T22:55:00Z,2025-09-10T23:16:00Z,9.0,0.35,both_options
2025-09-10T23:16:00Z,2025-09-10T23:53:00Z,9.0,0.6166666666666667,both_options
2025-09-10T23:53:00Z,2025-09-10T23:55:00Z,9.0,0.03333333333333333,both_options
2025-09-10T23:55:00Z,2025-09-11T00:55:00Z,9.0,1.0,both_options
2025-09-11T00:55:00Z,2025-09-11T01:55:00Z,8.0,1.0,both_options
2025-09-11T01:55:00Z,2025-09-11T02:55:00Z,8.0,1.0,both_options
2025-09-11T02:55:00Z,2025-09-11T03:33:00Z,9.0,0.6333333333333333,both_options
2025-09-11T03:33:00Z,2025-09-11T03:43:00Z,9.0,0.16666666666666666,both_options
2025-09-11T03:43:00Z,2025-09-11T03:55:00Z,9.0,0.2,both_options
2025-09-11T03:55:00Z,2025-09-11T04:55:00Z,9.0,1.0,both_options
2025-09-11T04:55:00Z,2025-09-11T05:55:00Z,7.0,1.0,both_options
2025-09-11T05:55:00Z,2025-09-11T06:55:00Z,8.0,1.0,both_options
2025-09-11T06:55:00Z,2025-09-11T07:55:00Z,8.0,1.0,both_options
2025-09-11T07:55:00Z,2025-09-11T08:55:00Z,8.0,1.0,both_options
2025-09-11T08:55:00Z,2025-09-11T09:08:00Z,7.0,0.21666666666666667,both_options
2025-09-11T09:08:00Z,2025-09-11T09:55:00Z,8.0,0.7833333333333333,both_options
2025-09-11T09:55:00Z,2025-09-11T10:02:00Z,4.0,0.11666666666666667,both_options
2025-09-11T10:02:00Z,2025-09-11T10:55:00Z,3.0,0.8833333333333333,both_options
2025-09-11T10:55:00Z,2025-09-11T11:55:00Z,3.0,1.0,both_options
2025-09-11T11:55:00Z,2025-09-11T12:10:00Z,6.0,0.25,both_options
2025-09-11T12:10:00Z,2025-09-11T12:25:00Z,6.0,0.25,both_options
2025-09-11T12:25:00Z,2025-09-11T12:55:00Z,4.0,0.5,both_options
2025-09-11T12:55:00Z,2025-09-11T13:55:00Z,6.0,1.0,both_options
2025-09-11T13:55:00Z,2025-09-11T14:55:00Z,6.0,1.0,both_options
2025-09-11T14:55:00Z,2025-09-11T15:23:00Z,3.0,0.4666666666666667,both_options
2025-09-11T15:23:00Z,2025-09-11T15:29:00Z,3.0,0.1,both_options
2025-09-11T15:29:00Z,2025-09-11T15:43:00Z,2.5,0.23333333333333334,both_options
2025-09-11T15:43:00Z,2025-09-11T15:52:00Z,3.0,0.15,both_options
2025-09-11T15:52:00Z,2025-09-11T15:55:00Z,5.0,0.05,both_options
2025-09-11T15:55:00Z,2025-09-11T16:55:00Z,5.0,1.0,both_options
2025-09-11T16:55:00Z,2025-09-11T17:14:00Z,8.0,0.31666666666666665,both_options
2025-09-11T17:14:00Z,2025-09-11T17:21:00Z,8.0,0.11666666666666667,both_options
2025-09-11T17:21:00Z,2025-09-11T17:44:00Z,7.0,0.38333333333333336,both_options
2025-09-11T17:44:00Z,2025-09-11T17:55:00Z,8.0,0.18333333333333332,both_options
2025-09-11T17:55:00Z,2025-09-11T18:14:00Z,8.0,0.31666666666666665,both_options
2025-09-11T18:14:00Z,2025-09-11T18:55:00Z,9.0,0.6833333333333333,both_options
2025-09-11T18:55:00Z,2025-09-11T19:55:00Z,10.0,1.0,both_options
2025-09-11T19:55:00Z,2025-09-11T20:55:00Z,10.0,1.0,both_options
2025-09-11T20:55:00Z,2025-09-11T21:55:00Z,10.0,1.0,both_options
2025-09-11T21:55:00Z,2025-09-11T22:55:00Z,10.0,1.0,both_options
2025-09-11T22:55:00Z,2025-09-11T23:55:00Z,10.0,1.0,both_options
2025-09-11T23:55:00Z,2025-09-12T00:55:00Z,10.0,1.0,both_options
2025-09-12T00:55:00Z,2025-09-12T01:55:00Z,10.0,1.0,both_options
2025-09-12T01:55:00Z,2025-09-12T02:55:00Z,10.0,1.0,both_options
2025-09-12T02:55:00Z,2025-09-12T03:55:00Z,10.0,1.0,both_options
2025-09-12T03:55:00Z,2025-09-12T04:55:00Z,8.0,1.0,both_options
2025-09-12T04:55:00Z,2025-09-12T05:55:00Z,9.0,1.0,both_options
2025-09-12T05:55:00Z,2025-09-12T06:55:00Z,9.0,1.0,both_options
2025-09-12T06:55:00Z,2025-09-12T07:55:00Z,10.0,1.0,both_options
2025-09-12T07:55:00Z,2025-09-12T08:55:00Z,10.0,1.0,both_options
2025-09-12T08:55:00Z,2025-09-12T09:55:00Z,7.0,1.0,both_options
2025-09-12T09:55:00Z,2025-09-12T10:55:00Z,10.0,1.0,both_options
2025-09-12T10:55:00Z,2025-09-12T11:55:00Z,10.0,1.0,both_options
2025-09-12T11:55:00Z,2025-09-12T12:10:00Z,10.0,0.25,both_options
2025-09-12T12:10:00Z,2025-09-12T12:41:00Z,10.0,0.5166666666666667,both_options
2025-09-12T12:41:00Z,2025-09-12T12:55:00Z,9.0,0.23333333333333334,both_options
2025-09-12T12:55:00Z,2025-09-12T13:39:00Z,4.0,0.7333333333333333,both_options
2025-09-12T13:39:00Z,2025-09-12T13:55:00Z,3.0,0.26666666666666666,both_options
2025-09-12T13:55:00Z,2025-09-12T14:07:00Z,2.5,0.2,both_options
2025-09-12T14:07:00Z,2025-09-12T14:11:00Z,2.0,0.06666666666666667,both_options
2025-09-12T14:11:00Z,2025-09-12T14:16:00Z,1.5,0.08333333333333333,both_options
2025-09-12T14:16:00Z,2025-09-12T14:24:00Z,1.25,0.13333333333333333,both_options
2025-09-12T14:24:00Z,2025-09-12T14:34:00Z,1.75,0.16666666666666666,both_options
2025-09-12T14:34:00Z,2025-09-12T14:45:00Z,2.0,0.18333333333333332,both_options
2025-09-12T14:45:00Z,2025-09-12T14:55:00Z,4.0,0.16666666666666666,both_options
2025-09-12T14:55:00Z,2025-09-12T15:23:00Z,5.0,0.4666666666666667,both_options
2025-09-12T15:23:00Z,2025-09-12T15:31:00Z,4.0,0.13333333333333333,both_options
2025-09-12T15:31:00Z,2025-09-12T15:55:00Z,6.0,0.4,both_options
2025-09-12T15:55:00Z,2025-09-12T16:44:00Z,4.0,0.8166666666666667,both_options
2025-09-12T16:44:00Z,2025-09-12T16:55:00Z,1.75,0.18333333333333332,both_options
2025-09-12T16:55:00Z,2025-09-12T17:03:00Z,1.25,0.13333333333333333,both_options
2025-09-12T17:03:00Z,2025-09-12T17:14:00Z,2.0,0.18333333333333332,both_options
2025-09-12T17:14:00Z,2025-09-12T17:55:00Z,5.0,0.6833333333333333,both_options
2025-09-12T17:55:00Z,2025-09-12T18:13:00Z,9.0,0.3,both_options
2025-09-12T18:13:00Z,2025-09-12T18:55:00Z,9.0,0.7,both_options
2025-09-12T18:55:00Z,2025-09-12T19:14:00Z,10.0,0.31666666666666665,both_options
2025-09-12T19:14:00Z,2025-09-12T19:55:00Z,9.0,0.6833333333333333,both_options
2025-09-12T19:55:00Z,2025-09-12T20:29:00Z,10.0,0.5666666666666667,both_options
2025-09-12T20:29:00Z,2025-09-12T20:55:00Z,10.0,0.43333333333333335,both_options
2025-09-12T20:55:00Z,2025-09-12T21:21:00Z,10.0,0.43333333333333335,both_options
2025-09-12T21:21:00Z,2025-09-12T21:55:00Z,10.0,0.5666666666666667,both_options
2025-09-12T21:55:00Z,2025-09-12T22:05:00Z,10.0,0.16666666666666666,both_options
2025-09-12T22:05:00Z,2025-09-12T22:55:00Z,9.0,0.8333333333333334,both_options
2025-09-12T22:55:00Z,2025-09-12T23:09:00Z,10.0,0.23333333333333334,both_options
2025-09-12T23:09:00Z,2025-09-12T23:48:00Z,10.0,0.65,both_options
2025-09-12T23:48:00Z,2025-09-12T23:55:00Z,10.0,0.11666666666666667,both_options
2025-09-12T23:55:00Z,2025-09-13T00:55:00Z,10.0,1.0,both_options
2025-09-13T00:55:00Z,2025-09-13T01:55:00Z,10.0,1.0,both_options
2025-09-13T01:55:00Z,2025-09-13T02:52:00Z,8.0,0.95,both_options
2025-09-13T02:52:00Z,2025-09-13T02:55:00Z,10.0,0.05,both_options
2025-09-13T02:55:00Z,2025-09-13T03:20:00Z,10.0,0.4166666666666667,both_options
2025-09-13T03:20:00Z,2025-09-13T03:36:00Z,10.0,0.26666666666666666,both_options
2025-09-13T03:36:00Z,2025-09-13T03:55:00Z,10.0,0.31666666666666665,both_options
2025-09-13T03:55:00Z,2025-09-13T04:37:00Z,10.0,0.7,both_options
2025-09-13T04:37:00Z,2025-09-13T04:55:00Z,9.0,0.3,both_options
2025-09-13T04:55:00Z,2025-09-13T05:55:00Z,10.0,1.0,both_options
2025-09-13T05:55:00Z,2025-09-13T06:22:00Z,10.0,0.45,both_options
2025-09-13T06:22:00Z,2025-09-13T06:36:00Z,10.0,0.23333333333333334,both_options
2025-09-13T06:36:00Z,2025-09-13T06:46:00Z,9.0,0.16666666666666666,both_options
2025-09-13T06:46:00Z,2025-09-13T06:55:00Z,9.0,0.15,both_options
2025-09-13T06:55:00Z,2025-09-13T07:30:00Z,9.0,0.5833333333333334,both_options
2025-09-13T07:30:00Z,2025-09-13T07:45:00Z,9.0,0.25,both_options
2025-09-13T07:45:00Z,2025-09-13T07:55:00Z,9.0,0.16666666666666666,both_options
2025-09-13T07:55:00Z,2025-09-13T08:55:00Z,9.0,1.0,both_options
2025-09-13T08:55:00Z,2025-09-13T09:55:00Z,9.0,1.0,both_options
2025-09-13T09:55:00Z,2025-09-13T10:55:00Z,10.0,1.0,both_options
2025-09-13T10:55:00Z,2025-09-13T11:55:00Z,10.0,1.0,both_options
2025-09-13T11:55:00Z,2025-09-13T12:02:00Z,6.0,0.11666666666666667,both_options
2025-09-13T12:02:00Z,2025-09-13T12:52:00Z,4.0,0.8333333333333334,both_options
2025-09-13T12:52:00Z,2025-09-13T12:55:00Z,5.0,0.05,both_options
2025-09-13T12:55:00Z,2025-09-13T13:40:00Z,4.0,0.75,both_options
2025-09-13T13:40:00Z,2025-09-13T13:55:00Z,9.0,0.25,both_options
2025-09-13T13:55:00Z,2025-09-13T14:25:00Z,8.0,0.5,both_options
2025-09-13T14:25:00Z,2025-09-13T14:40:00Z,2.5,0.25,both_options
2025-09-13T14:40:00Z,2025-09-13T14:55:00Z,3.0,0.25,both_options
2025-09-13T14:55:00Z,2025-09-13T15:08:00Z,4.0,0.21666666666666667,both_options
2025-09-13T15:08:00Z,2025-09-13T15:15:00Z,2.5,0.11666666666666667,both_options
2025-09-13T15:15:00Z,2025-09-13T15:38:00Z,4.0,0.38333333333333336,both_options
2025-09-13T15:38:00Z,2025-09-13T15:55:00Z,7.0,0.2833333333333333,both_options
2025-09-13T15:55:00Z,2025-09-13T16:55:00Z,8.0,1.0,both_options
2025-09-13T16:55:00Z,2025-09-13T17:55:00Z,10.0,1.0,both_options
2025-09-13T17:55:00Z,2025-09-13T18:55:00Z,10.0,1.0,both_options
2025-09-13T18:55:00Z,2025-09-13T19:55:00Z,10.0,1.0,both_options
2025-09-13T19:55:00Z,2025-09-13T20:55:00Z,10.0,1.0,both_options
2025-09-13T20:55:00Z,2025-09-13T21:55:00Z,10.0,1.0,both_options
2025-09-13T21:55:00Z,2025-09-13T22:55:00Z,10.0,1.0,both_options
2025-09-13T22:55:00Z,2025-09-13T23:55:00Z,10.0,1.0,both_options
2025-09-13T23:55:00Z,2025-09-14T00:55:00Z,10.0,1.0,both_options
2025-09-14T00:55:00Z,2025-09-14T01:55:00Z,10.0,1.0,both_options
2025-09-14T01:55:00Z,2025-09-14T02:55:00Z,10.0,1.0,both_options
2025-09-14T02:55:00Z,2025-09-14T03:55:00Z,10.0,1.0,both_options
2025-09-14T03:55:00Z,2025-09-14T04:55:00Z,10.0,1.0,both_options
2025-09-14T04:55:00Z,2025-09-14T05:21:00Z,10.0,0.43333333333333335,both_options
2025-09-14T05:21:00Z,2025-09-14T05:55:00Z,10.0,0.5666666666666667,both_options
2025-09-14T05:55:00Z,2025-09-14T06:14:00Z,4.0,0.31666666666666665,both_options
2025-09-14T06:14:00Z,2025-09-14T06:22:00Z,2.5,0.13333333333333333,both_options
2025-09-14T06:22:00Z,2025-09-14T06:55:00Z,4.0,0.55,both_options
2025-09-14T06:55:00Z,2025-09-14T07:55:00Z,9.0,1.0,both_options
2025-09-14T07:55:00Z,2025-09-14T08:55:00Z,10.0,1.0,both_options
2025-09-14T08:55:00Z,2025-09-14T09:55:00Z,10.0,1.0,both_options
2025-09-14T09:55:00Z,2025-09-14T10:32:00Z,10.0,0.6166666666666667,both_options
2025-09-14T10:32:00Z,2025-09-14T10:47:00Z,9.0,0.25,both_options
2025-09-14T10:47:00Z,2025-09-14T10:55:00Z,7.0,0.13333333333333333,both_options
2025-09-14T10:55:00Z,2025-09-14T11:04:00Z,4.0,0.15,both_options
2025-09-14T11:04:00Z,2025-09-14T11:16:00Z,2.0,0.2,both_options
2025-09-14T11:16:00Z,2025-09-14T11:23:00Z,4.0,0.11666666666666667,both_options
2025-09-14T11:23:00Z,2025-09-14T11:30:00Z,3.0,0.11666666666666667,both_options
2025-09-14T11:30:00Z,2025-09-14T11:42:00Z,3.0,0.2,both_options
2025-09-14T11:42:00Z,2025-09-14T11:53:00Z,4.0,0.18333333333333332,both_options
2025-09-14T11:53:00Z,2025-09-14T11:55:00Z,3.0,0.03333333333333333,both_options
2025-09-14T11:55:00Z,2025-09-14T12:19:00Z,3.0,0.4,both_options
2025-09-14T12:19:00Z,2025-09-14T12:49:00Z,2.5,0.5,both_options
2025-09-14T12:49:00Z,2025-09-14T12:55:00Z,3.0,0.1,both_options
2025-09-14T12:55:00Z,2025-09-14T13:20:00Z,3.0,0.4166666666666667,both_options
2025-09-14T13:20:00Z,2025-09-14T13:55:00Z,8.0,0.5833333333333334,both_options
2025-09-14T13:55:00Z,2025-09-14T14:10:00Z,5.0,0.25,both_options
2025-09-14T14:10:00Z,2025-09-14T14:17:00Z,9.0,0.11666666666666667,both_options
2025-09-14T14:17:00Z,2025-09-14T14:53:00Z,9.0,0.6,both_options
2025-09-14T14:53:00Z,2025-09-14T14:55:00Z,7.0,0.03333333333333333,both_options
2025-09-14T14:55:00Z,2025-09-14T15:55:00Z,7.0,1.0,both_options
2025-09-14T15:55:00Z,2025-09-14T16:55:00Z,7.0,1.0,both_options
2025-09-14T16:55:00Z,2025-09-14T17:55:00Z,8.0,1.0,both_options
2025-09-14T17:55:00Z,2025-09-14T18:03:00Z,9.0,0.13333333333333333,both_options
2025-09-14T18:03:00Z,2025-09-14T18:11:00Z,9.0,0.13333333333333333,both_options
2025-09-14T18:11:00Z,2025-09-14T18:22:00Z,9.0,0.18333333333333332,both_options
2025-09-14T18:22:00Z,2025-09-14T18:55:00Z,9.0,0.55,both_options
2025-09-14T18:55:00Z,2025-09-14T19:55:00Z,9.0,1.0,both_options
2025-09-14T19:55:00Z,2025-09-14T20:28:00Z,9.0,0.55,both_options
2025-09-14T20:28:00Z,2025-09-14T20:39:00Z,9.0,0.18333333333333332,both_options
2025-09-14T20:39:00Z,2025-09-14T20:55:00Z,10.0,0.26666666666666666,both_options
2025-09-14T20:55:00Z,2025-09-14T21:55:00Z,10.0,1.0,both_options
2025-09-14T21:55:00Z,2025-09-14T22:52:00Z,10.0,0.95,both_options
2025-09-14T22:52:00Z,2025-09-14T22:55:00Z,10.0,0.05,both_options
2025-09-14T22:55:00Z,2025-09-14T23:05:00Z,10.0,0.16666666666666666,both_options
2025-09-14T23:05:00Z,2025-09-14T23:14:00Z,10.0,0.15,both_options
2025-09-14T23:14:00Z,2025-09-14T23:55:00Z,10.0,0.6833333333333333,both_options
2025-09-14T23:55:00Z,2025-09-15T00:55:00Z,10.0,1.0,both_options
2025-09-15T00:55:00Z,2025-09-15T01:24:00Z,9.0,0.48333333333333334,both_options
2025-09-15T01:24:00Z,2025-09-15T01:55:00Z,9.0,0.5166666666666667,both_options
2025-09-15T01:55:00Z,2025-09-15T02:55:00Z,9.0,1.0,both_options
2025-09-15T02:55:00Z,2025-09-15T03:55:00Z,9.0,1.0,both_options
2025-09-15T03:55:00Z,2025-09-15T04:55:00Z,9.0,1.0,both_options
2025-09-15T04:55:00Z,2025-09-15T05:55:00Z,9.0,1.0,both_options
2025-09-15T05:55:00Z,2025-09-15T06:55:00Z,8.0,1.0,both_options
2025-09-15T06:55:00Z,2025-09-15T07:55:00Z,9.0,1.0,both_options
2025-09-15T07:55:00Z,2025-09-15T08:55:00Z,9.0,1.0,both_options
2025-09-15T08:55:00Z,2025-09-15T09:55:00Z,8.0,1.0,both_options
2025-09-15T09:55:00Z,2025-09-15T10:55:00Z,10.0,1.0,both_options
2025-09-15T10:55:00Z,2025-09-15T11:12:00Z,9.0,0.2833333333333333,both_options
2025-09-15T11:12:00Z,2025-09-15T11:55:00Z,10.0,0.7166666666666667,both_options
2025-09-15T11:55:00Z,2025-09-15T12:06:00Z,10.0,0.18333333333333332,both_options
2025-09-15T12:06:00Z,2025-09-15T12:30:00Z,10.0,0.4,both_options
2025-09-15T12:30:00Z,2025-09-15T12:55:00Z,10.0,0.4166666666666667,both_options
2025-09-15T12:55:00Z,2025-09-15T13:55:00Z,10.0,1.0,both_options
2025-09-15T13:55:00Z,2025-09-15T14:19:00Z,8.0,0.4,both_options
2025-09-15T14:19:00Z,2025-09-15T14:55:00Z,8.0,0.6,both_options
2025-09-15T14:55:00Z,2025-09-15T15:24:00Z,9.0,0.48333333333333334,both_options
2025-09-15T15:24:00Z,2025-09-15T15:55:00Z,8.0,0.5166666666666667,both_options
2025-09-15T15:55:00Z,2025-09-15T16:55:00Z,9.0,1.0,both_options
2025-09-15T16:55:00Z,2025-09-15T17:55:00Z,10.0,1.0,both_options
2025-09-15T17:55:00Z,2025-09-15T18:55:00Z,10.0,1.0,both_options
2025-09-15T18:55:00Z,2025-09-15T19:55:00Z,10.0,1.0,both_options
2025-09-15T19:55:00Z,2025-09-15T20:55:00Z,10.0,1.0,both_options
2025-09-15T20:55:00Z,2025-09-15T21:55:00Z,10.0,1.0,both_options
2025-09-15T21:55:00Z,2025-09-15T22:55:00Z,10.0,1.0,both_options
2025-09-15T22:55:00Z,2025-09-15T23:55:00Z,10.0,1.0,both_options
2025-09-15T23:55:00Z,2025-09-16T00:55:00Z,10.0,1.0,both_options
2025-09-16T00:55:00Z,2025-09-16T01:55:00Z,10.0,1.0,both_options
2025-09-16T01:55:00Z,2025-09-16T02:55:00Z,10.0,1.0,both_options
2025-09-16T02:55:00Z,2025-09-16T03:55:00Z,10.0,1.0,both_options
2025-09-16T03:55:00Z,2025-09-16T04:55:00Z,10.0,1.0,both_options
2025-09-16T04:55:00Z,2025-09-16T05:55:00Z,10.0,1.0,both_options
2025-09-16T05:55:00Z,2025-09-16T06:55:00Z,10.0,1.0,both_options
2025-09-16T06:55:00Z,2025-09-16T07:55:00Z,10.0,1.0,both_options
2025-09-16T07:55:00Z,2025-09-16T08:55:00Z,10.0,1.0,both_options
2025-09-16T08:55:00Z,2025-09-16T09:55:00Z,10.0,1.0,both_options
2025-09-16T09:55:00Z,2025-09-16T10:55:00Z,10.0,1.0,both_options
2025-09-16T10:55:00Z,2025-09-16T11:55:00Z,10.0,1.0,both_options
2025-09-16T11:55:00Z,2025-09-16T12:55:00Z,10.0,1.0,both_options
2025-09-16T12:55:00Z,2025-09-16T13:55:00Z,10.0,1.0,both_options
2025-09-16T13:55:00Z,2025-09-16T14:55:00Z,10.0,1.0,both_options
2025-09-16T14:55:00Z,2025-09-16T15:55:00Z,10.0,1.0,both_options
2025-09-16T15:55:00Z,2025-09-16T16:55:00Z,10.0,1.0,both_options
2025-09-16T16:55:00Z,2025-09-16T17:55:00Z,10.0,1.0,both_options
2025-09-16T17:55:00Z,2025-09-16T18:55:00Z,10.0,1.0,both_options
2025-09-16T18:55:00Z,2025-09-16T19:55:00Z,10.0,1.0,both_options
2025-09-16T19:55:00Z,2025-09-16T20:55:00Z,10.0,1.0,both_options
2025-09-16T20:55:00Z,2025-09-16T21:55:00Z,10.0,1.0,both_options
2025-09-16T21:55:00Z,2025-09-16T22:55:00Z,10.0,1.0,both_options
2025-09-16T22:55:00Z,2025-09-16T23:55:00Z,10.0,1.0,both_options
2025-09-16T23:55:00Z,2025-09-17T00:55:00Z,10.0,1.0,both_options
2025-09-17T00:55:00Z,2025-09-17T01:55:00Z,10.0,1.0,both_options
2025-09-17T01:55:00Z,2025-09-17T02:55:00Z,10.0,1.0,both_options
2025-09-17T02:55:00Z,2025-09-17T03:55:00Z,10.0,1.0,both_options
2025-09-17T03:55:00Z,2025-09-17T04:55:00Z,10.0,1.0,both_options
2025-09-17T04:55:00Z,2025-09-17T05:55:00Z,10.0,1.0,both_options
2025-09-17T05:55:00Z,2025-09-17T06:03:00Z,9.0,0.13333333333333333,both_options
2025-09-17T06:03:00Z,2025-09-17T06:18:00Z,9.0,0.25,both_options
2025-09-17T06:18:00Z,2025-09-17T06:55:00Z,9.0,0.6166666666666667,both_options
2025-09-17T06:55:00Z,2025-09-17T07:09:00Z,6.0,0.23333333333333334,both_options
2025-09-17T07:09:00Z,2025-09-17T07:55:00Z,7.0,0.7666666666666667,both_options
2025-09-17T07:55:00Z,2025-09-17T08:20:00Z,6.0,0.4166666666666667,both_options
2025-09-17T08:20:00Z,2025-09-17T08:55:00Z,8.0,0.5833333333333334,both_options
2025-09-17T08:55:00Z,2025-09-17T09:16:00Z,9.0,0.35,both_options
2025-09-17T09:16:00Z,2025-09-17T09:55:00Z,8.0,0.65,both_options
2025-09-17T09:55:00Z,2025-09-17T10:55:00Z,9.0,1.0,both_options
2025-09-17T10:55:00Z,2025-09-17T11:51:00Z,9.0,0.9333333333333333,both_options
2025-09-17T11:51:00Z,2025-09-17T11:55:00Z,9.0,0.06666666666666667,both_options
2025-09-17T11:55:00Z,2025-09-17T12:28:00Z,9.0,0.55,both_options
2025-09-17T12:28:00Z,2025-09-17T12:55:00Z,9.0,0.45,both_options
2025-09-17T12:55:00Z,2025-09-17T13:42:00Z,9.0,0.7833333333333333,both_options
2025-09-17T13:42:00Z,2025-09-17T13:55:00Z,9.0,0.21666666666666667,both_options
2025-09-17T13:55:00Z,2025-09-17T14:55:00Z,9.0,1.0,both_options
2025-09-17T14:55:00Z,2025-09-17T15:55:00Z,7.0,1.0,both_options
2025-09-17T15:55:00Z,2025-09-17T16:55:00Z,8.0,1.0,both_options
2025-09-17T16:55:00Z,2025-09-17T17:55:00Z,9.0,1.0,both_options
2025-09-17T17:55:00Z,2025-09-17T18:23:00Z,10.0,0.4666666666666667,both_options
2025-09-17T18:23:00Z,2025-09-17T18:32:00Z,8.0,0.15,both_options
2025-09-17T18:32:00Z,2025-09-17T18:55:00Z,8.0,0.38333333333333336,both_options
2025-09-17T18:55:00Z,2025-09-17T19:48:00Z,8.0,0.8833333333333333,both_options
2025-09-17T19:48:00Z,2025-09-17T19:55:00Z,9.0,0.11666666666666667,both_options
2025-09-17T19:55:00Z,2025-09-17T20:55:00Z,9.0,1.0,both_options
2025-09-17T20:55:00Z,2025-09-17T21:55:00Z,9.0,1.0,both_options
2025-09-17T21:55:00Z,2025-09-17T22:14:00Z,9.0,0.31666666666666665,both_options
2025-09-17T22:14:00Z,2025-09-17T22:26:00Z,9.0,0.2,both_options
2025-09-17T22:26:00Z,2025-09-17T22:55:00Z,8.0,0.48333333333333334,both_options
2025-09-17T22:55:00Z,2025-09-17T23:42:00Z,6.0,0.7833333333333333,both_options
2025-09-17T23:42:00Z,2025-09-17T23:50:00Z,8.0,0.13333333333333333,both_options
2025-09-17T23:50:00Z,2025-09-17T23:55:00Z,9.0,0.08333333333333333,both_options
2025-09-17T23:55:00Z,2025-09-18T00:00:00Z,9.0,0.08333333333333333,both_options
2025-09-18T00:00:00Z,2025-09-18T00:10:00Z,9.0,0.16666666666666666,both_options
2025-09-18T00:10:00Z,2025-09-18T00:55:00Z,9.0,0.75,both_options
2025-09-18T00:55:00Z,2025-09-18T01:28:00Z,10.0,0.55,both_options
2025-09-18T01:28:00Z,2025-09-18T01:42:00Z,10.0,0.23333333333333334,both_options
2025-09-18T01:42:00Z,2025-09-18T01:55:00Z,10.0,0.21666666666666667,both_options
2025-09-18T01:55:00Z,2025-09-18T02:55:00Z,9.0,1.0,both_options
2025-09-18T02:55:00Z,2025-09-18T03:55:00Z,10.0,1.0,both_options
2025-09-18T03:55:00Z,2025-09-18T04:55:00Z,10.0,1.0,both_options
2025-09-18T04:55:00Z,2025-09-18T05:55:00Z,9.0,1.0,both_options
2025-09-18T05:55:00Z,2025-09-18T06:55:00Z,9.0,1.0,both_options
2025-09-18T06:55:00Z,2025-09-18T07:55:00Z,9.0,1.0,both_options
2025-09-18T07:55:00Z,2025-09-18T08:55:00Z,8.0,1.0,both_options
2025-09-18T08:55:00Z,2025-09-18T09:55:00Z,8.0,1.0,both_options
2025-09-18T09:55:00Z,2025-09-18T10:55:00Z,8.0,1.0,both_options
2025-09-18T10:55:00Z,2025-09-18T11:55:00Z,8.0,1.0,both_options
2025-09-18T11:55:00Z,2025-09-18T12:55:00Z,8.0,1.0,both_options
2025-09-18T12:55:00Z,2025-09-18T13:55:00Z,7.0,1.0,both_options
2025-09-18T13:55:00Z,2025-09-18T14:55:00Z,7.0,1.0,both_options
2025-09-18T14:55:00Z,2025-09-18T15:18:00Z,6.0,0.38333333333333336,both_options
2025-09-18T15:18:00Z,2025-09-18T15:50:00Z,7.0,0.5333333333333333,both_options
2025-09-18T15:50:00Z,2025-09-18T15:55:00Z,7.0,0.08333333333333333,both_options
2025-09-18T15:55:00Z,2025-09-18T16:48:00Z,7.0,0.8833333333333333,both_options
2025-09-18T16:48:00Z,2025-09-18T16:55:00Z,7.0,0.11666666666666667,both_options
2025-09-18T16:55:00Z,2025-09-18T17:55:00Z,7.0,1.0,both_options
2025-09-18T17:55:00Z,2025-09-18T18:23:00Z,6.0,0.4666666666666667,both_options
2025-09-18T18:23:00Z,2025-09-18T18:55:00Z,7.0,0.5333333333333333,both_options
2025-09-18T18:55:00Z,2025-09-18T19:55:00Z,7.0,1.0,both_options
2025-09-18T19:55:00Z,2025-09-18T20:55:00Z,7.0,1.0,both_options
2025-09-18T20:55:00Z,2025-09-18T21:55:00Z,8.0,1.0,both_options
2025-09-18T21:55:00Z,2025-09-18T22:55:00Z,9.0,1.0,both_options
2025-09-18T22:55:00Z,2025-09-18T23:55:00Z,8.0,1.0,both_options
2025-09-18T23:55:00Z,2025-09-19T00:55:00Z,9.0,1.0,both_options
2025-09-19T00:55:00Z,2025-09-19T01:55:00Z,9.0,1.0,both_options
2025-09-19T01:55:00Z,2025-09-19T02:55:00Z,9.0,1.0,both_options
2025-09-19T02:55:00Z,2025-09-19T03:55:00Z,10.0,1.0,both_options
2025-09-19T03:55:00Z,2025-09-19T04:55:00Z,10.0,1.0,both_options
2025-09-19T04:55:00Z,2025-09-19T05:55:00Z,9.0,1.0,both_options
2025-09-19T05:55:00Z,2025-09-19T06:55:00Z,9.0,1.0,both_options
2025-09-19T06:55:00Z,2025-09-19T07:55:00Z,9.0,1.0,both_options
2025-09-19T07:55:00Z,2025-09-19T08:09:00Z,8.0,0.23333333333333334,both_options
2025-09-19T08:09:00Z,2025-09-19T08:55:00Z,9.0,0.7666666666666667,both_options
2025-09-19T08:55:00Z,2025-09-19T09:05:00Z,9.0,0.16666666666666666,both_options
2025-09-19T09:05:00Z,2025-09-19T09:28:00Z,9.0,0.38333333333333336,both_options
2025-09-19T09:28:00Z,2025-09-19T09:55:00Z,9.0,0.45,both_options
2025-09-19T09:55:00Z,2025-09-19T10:17:00Z,9.0,0.36666666666666664,both_options
2025-09-19T10:17:00Z,2025-09-19T10:55:00Z,9.0,0.6333333333333333,both_options
2025-09-19T10:55:00Z,2025-09-19T11:55:00Z,8.0,1.0,both_options
2025-09-19T11:55:00Z,2025-09-19T12:00:00Z,2.0,0.08333333333333333,both_options
2025-09-19T12:00:00Z,2025-09-19T12:13:00Z,1.25,0.21666666666666667,both_options
2025-09-19T12:13:00Z,2025-09-19T12:23:00Z,0.5,0.16666666666666666,neither_option
2025-09-19T12:23:00Z,2025-09-19T12:55:00Z,0.25,0.5333333333333333,neither_option
2025-09-19T12:55:00Z,2025-09-19T13:55:00Z,0.25,1.0,neither_option
2025-09-19T13:55:00Z,2025-09-19T14:24:00Z,0.25,0.48333333333333334,neither_option
2025-09-19T14:24:00Z,2025-09-19T14:55:00Z,0.25,0.5166666666666667,neither_option
2025-09-19T14:55:00Z,2025-09-19T15:14:00Z,0.25,0.31666666666666665,neither_option
2025-09-19T15:14:00Z,2025-09-19T15:21:00Z,0.25,0.11666666666666667,neither_option
2025-09-19T15:21:00Z,2025-09-19T15:32:00Z,1.0,0.18333333333333332,both_options
2025-09-19T15:32:00Z,2025-09-19T15:55:00Z,0.25,0.38333333333333336,neither_option
2025-09-19T15:55:00Z,2025-09-19T16:31:00Z,0.25,0.6,neither_option
2025-09-19T16:31:00Z,2025-09-19T16:38:00Z,0.25,0.11666666666666667,neither_option
2025-09-19T16:38:00Z,2025-09-19T16:45:00Z,0.25,0.11666666666666667,neither_option
2025-09-19T16:45:00Z,2025-09-19T16:53:00Z,0.25,0.13333333333333333,neither_option
2025-09-19T16:53:00Z,2025-09-19T16:55:00Z,0.25,0.03333333333333333,neither_option
2025-09-19T16:55:00Z,2025-09-19T17:06:00Z,0.25,0.18333333333333332,neither_option
2025-09-19T17:06:00Z,2025-09-19T17:17:00Z,1.0,0.18333333333333332,both_options
2025-09-19T17:17:00Z,2025-09-19T17:24:00Z,2.0,0.11666666666666667,both_options
2025-09-19T17:24:00Z,2025-09-19T17:55:00Z,3.0,0.5166666666666667,both_options
2025-09-19T17:55:00Z,2025-09-19T18:55:00Z,9.0,1.0,both_options
2025-09-19T18:55:00Z,2025-09-19T19:55:00Z,10.0,1.0,both_options
2025-09-19T19:55:00Z,2025-09-19T20:55:00Z,10.0,1.0,both_options
2025-09-19T20:55:00Z,2025-09-19T21:55:00Z,10.0,1.0,both_options
2025-09-19T21:55:00Z,2025-09-19T22:55:00Z,10.0,1.0,both_options
2025-09-19T22:55:00Z,2025-09-19T23:55:00Z,10.0,1.0,both_options
2025-09-19T23:55:00Z,2025-09-20T00:55:00Z,10.0,1.0,both_options
2025-09-20T00:55:00Z,2025-09-20T01:55:00Z,10.0,1.0,both_options
2025-09-20T01:55:00Z,2025-09-20T02:55:00Z,10.0,1.0,both_options
2025-09-20T02:55:00Z,2025-09-20T03:55:00Z,10.0,1.0,both_options
2025-09-20T03:55:00Z,2025-09-20T04:35:00Z,10.0,0.6666666666666666,both_options
2025-09-20T04:35:00Z,2025-09-20T04:55:00Z,10.0,0.3333333333333333,both_options
2025-09-20T04:55:00Z,2025-09-20T05:55:00Z,10.0,1.0,both_options
2025-09-20T05:55:00Z,2025-09-20T06:55:00Z,10.0,1.0,both_options
2025-09-20T06:55:00Z,2025-09-20T07:55:00Z,9.0,1.0,both_options
2025-09-20T07:55:00Z,2025-09-20T08:16:00Z,8.0,0.35,both_options
2025-09-20T08:16:00Z,2025-09-20T08:55:00Z,8.0,0.65,both_options
2025-09-20T08:55:00Z,2025-09-20T09:55:00Z,8.0,1.0,both_options
2025-09-20T09:55:00Z,2025-09-20T10:55:00Z,7.0,1.0,both_options
2025-09-20T10:55:00Z,2025-09-20T11:55:00Z,9.0,1.0,both_options
2025-09-20T11:55:00Z,2025-09-20T12:55:00Z,10.0,1.0,both_options
2025-09-20T12:55:00Z,2025-09-20T13:55:00Z,10.0,1.0,both_options
2025-09-20T13:55:00Z,2025-09-20T14:55:00Z,9.0,1.0,both_options
2025-09-20T14:55:00Z,2025-09-20T15:55:00Z,5.0,1.0,both_options
2025-09-20T15:55:00Z,2025-09-20T16:55:00Z,7.0,1.0,both_options
2025-09-20T16:55:00Z,2025-09-20T17:55:00Z,4.0,1.0,both_options
2025-09-20T17:55:00Z,2025-09-20T18:11:00Z,4.0,0.26666666666666666,both_options
2025-09-20T18:11:00Z,2025-09-20T18:55:00Z,8.0,0.7333333333333333,both_options
2025-09-20T18:55:00Z,2025-09-20T19:48:00Z,5.0,0.8833333333333333,both_options
2025-09-20T19:48:00Z,2025-09-20T19:55:00Z,2.5,0.11666666666666667,both_options
2025-09-20T19:55:00Z,2025-09-20T20:06:00Z,2.5,0.18333333333333332,both_options
2025-09-20T20:06:00Z,2025-09-20T20:13:00Z,2.5,0.11666666666666667,both_options
2025-09-20T20:13:00Z,2025-09-20T20:27:00Z,4.0,0.23333333333333334,both_options
2025-09-20T20:27:00Z,2025-09-20T20:55:00Z,7.0,0.4666666666666667,both_options
2025-09-20T20:55:00Z,2025-09-20T21:55:00Z,8.0,1.0,both_options
2025-09-20T21:55:00Z,2025-09-20T22:55:00Z,9.0,1.0,both_options
2025-09-20T22:55:00Z,2025-09-20T23:47:00Z,9.0,0.8666666666666667,both_options
2025-09-20T23:47:00Z,2025-09-20T23:55:00Z,9.0,0.13333333333333333,both_options
2025-09-20T23:55:00Z,2025-09-21T00:55:00Z,9.0,1.0,both_options
2025-09-21T00:55:00Z,2025-09-21T01:13:00Z,8.0,0.3,both_options
2025-09-21T01:13:00Z,2025-09-21T01:34:00Z,8.0,0.35,both_options
2025-09-21T01:34:00Z,2025-09-21T01:55:00Z,8.0,0.35,both_options
2025-09-21T01:55:00Z,2025-09-21T02:55:00Z,7.0,1.0,both_options
2025-09-21T02:55:00Z,2025-09-21T03:55:00Z,8.0,1.0,both_options
2025-09-21T03:55:00Z,2025-09-21T04:33:00Z,7.0,0.6333333333333333,both_options
2025-09-21T04:33:00Z,2025-09-21T04:45:00Z,8.0,0.2,both_options
2025-09-21T04:45:00Z,2025-09-21T04:55:00Z,8.0,0.16666666666666666,both_options
2025-09-21T04:55:00Z,2025-09-21T05:34:00Z,8.0,0.65,both_options
2025-09-21T05:34:00Z,2025-09-21T05:55:00Z,8.0,0.35,both_options
2025-09-21T05:55:00Z,2025-09-21T06:55:00Z,8.0,1.0,both_options
2025-09-21T06:55:00Z,2025-09-21T07:55:00Z,7.0,1.0,both_options
2025-09-21T07:55:00Z,2025-09-21T08:55:00Z,8.0,1.0,both_options
2025-09-21T08:55:00Z,2025-09-21T09:55:00Z,6.0,1.0,both_options
2025-09-21T09:55:00Z,2025-09-21T10:34:00Z,5.0,0.65,both_options
2025-09-21T10:34:00Z,2025-09-21T10:55:00Z,3.0,0.35,both_options
2025-09-21T10:55:00Z,2025-09-21T11:03:00Z,2.5,0.13333333333333333,both_options
2025-09-21T11:03:00Z,2025-09-21T11:09:00Z,2.5,0.1,both_options
2025-09-21T11:09:00Z,2025-09-21T11:40:00Z,3.0,0.5166666666666667,both_options
2025-09-21T11:40:00Z,2025-09-21T11:49:00Z,2.0,0.15,both_options
2025-09-21T11:49:00Z,2025-09-21T11:55:00Z,3.0,0.1,both_options
2025-09-21T11:55:00Z,2025-09-21T12:02:00Z,4.0,0.11666666666666667,both_options
2025-09-21T12:02:00Z,2025-09-21T12:33:00Z,5.0,0.5166666666666667,both_options
2025-09-21T12:33:00Z,2025-09-21T12:42:00Z,2.0,0.15,both_options
2025-09-21T12:42:00Z,2025-09-21T12:55:00Z,3.0,0.21666666666666667,both_options
2025-09-21T12:55:00Z,2025-09-21T13:33:00Z,4.0,0.6333333333333333,both_options
2025-09-21T13:33:00Z,2025-09-21T13:55:00Z,7.0,0.36666666666666664,both_options
2025-09-21T13:55:00Z,2025-09-21T14:35:00Z,7.0,0.6666666666666666,both_options
2025-09-21T14:35:00Z,2025-09-21T14:44:00Z,6.0,0.15,both_options
2025-09-21T14:44:00Z,2025-09-21T14:55:00Z,6.0,0.18333333333333332,both_options
2025-09-21T14:55:00Z,2025-09-21T15:55:00Z,5.0,1.0,both_options
2025-09-21T15:55:00Z,2025-09-21T16:19:00Z,6.0,0.4,both_options
2025-09-21T16:19:00Z,2025-09-21T16:30:00Z,6.0,0.18333333333333332,both_options
2025-09-21T16:30:00Z,2025-09-21T16:55:00Z,6.0,0.4166666666666667,both_options
2025-09-21T16:55:00Z,2025-09-21T17:11:00Z,7.0,0.26666666666666666,both_options
2025-09-21T17:11:00Z,2025-09-21T17:38:00Z,7.0,0.45,both_options
2025-09-21T17:38:00Z,2025-09-21T17:55:00Z,7.0,0.2833333333333333,both_options
2025-09-21T17:55:00Z,2025-09-21T18:29:00Z,7.0,0.5666666666666667,both_options
2025-09-21T18:29:00Z,2025-09-21T18:55:00Z,7.0,0.43333333333333335,both_options
2025-09-21T18:55:00Z,2025-09-21T19:55:00Z,7.0,1.0,both_options
2025-09-21T19:55:00Z,2025-09-21T20:29:00Z,7.0,0.5666666666666667,both_options
2025-09-21T20:29:00Z,2025-09-21T20:55:00Z,7.0,0.43333333333333335,both_options
2025-09-21T20:55:00Z,2025-09-21T21:27:00Z,8.0,0.5333333333333333,both_options
2025-09-21T21:27:00Z,2025-09-21T21:55:00Z,8.0,0.4666666666666667,both_options
2025-09-21T21:55:00Z,2025-09-21T22:09:00Z,8.0,0.23333333333333334,both_options
2025-09-21T22:09:00Z,2025-09-21T22:55:00Z,8.0,0.7666666666666667,both_options
2025-09-21T22:55:00Z,2025-09-21T23:55:00Z,8.0,1.0,both_options
2025-09-21T23:55:00Z,2025-09-22T00:55:00Z,8.0,1.0,both_options
2025-09-22T00:55:00Z,2025-09-22T01:55:00Z,8.0,1.0,both_options
2025-09-22T01:55:00Z,2025-09-22T02:55:00Z,7.0,1.0,both_options
2025-09-22T02:55:00Z,2025-09-22T03:55:00Z,8.0,1.0,both_options
2025-09-22T03:55:00Z,2025-09-22T04:55:00Z,7.0,1.0,both_options
2025-09-22T04:55:00Z,2025-09-22T05:53:00Z,7.0,0.9666666666666667,both_options
2025-09-22T05:53:00Z,2025-09-22T05:55:00Z,7.0,0.03333333333333333,both_options
2025-09-22T05:55:00Z,2025-09-22T06:18:00Z,7.0,0.38333333333333336,both_options
2025-09-22T06:18:00Z,2025-09-22T06:55:00Z,7.0,0.6166666666666667,both_options
2025-09-22T06:55:00Z,2025-09-22T07:55:00Z,8.0,1.0,both_options
2025-09-22T07:55:00Z,2025-09-22T08:48:00Z,9.0,0.8833333333333333,both_options
2025-09-22T08:48:00Z,2025-09-22T08:55:00Z,2.5,0.11666666666666667,both_options
2025-09-22T08:55:00Z,2025-09-22T09:02:00Z,2.5,0.11666666666666667,both_options
2025-09-22T09:02:00Z,2025-09-22T09:55:00Z,8.0,0.8833333333333333,both_options
2025-09-22T09:55:00Z,2025-09-22T10:27:00Z,8.0,0.5333333333333333,both_options
2025-09-22T10:27:00Z,2025-09-22T10:31:00Z,1.5,0.06666666666666667,both_options
2025-09-22T10:31:00Z,2025-09-22T10:37:00Z,1.25,0.1,both_options
2025-09-22T10:37:00Z,2025-09-22T10:45:00Z,2.0,0.13333333333333333,both_options
2025-09-22T10:45:00Z,2025-09-22T10:55:00Z,8.0,0.16666666666666666,both_options
2025-09-22T10:55:00Z,2025-09-22T11:12:00Z,8.0,0.2833333333333333,both_options
2025-09-22T11:12:00Z,2025-09-22T11:35:00Z,9.0,0.38333333333333336,both_options
2025-09-22T11:35:00Z,2025-09-22T11:42:00Z,1.75,0.11666666666666667,both_options
2025-09-22T11:42:00Z,2025-09-22T11:55:00Z,0.75,0.21666666666666667,lower_only
2025-09-22T11:55:00Z,2025-09-22T12:55:00Z,0.25,1.0,neither_option
2025-09-22T12:55:00Z,2025-09-22T13:06:00Z,0.25,0.18333333333333332,neither_option
2025-09-22T13:06:00Z,2025-09-22T13:17:00Z,0.5,0.18333333333333332,neither_option
2025-09-22T13:17:00Z,2025-09-22T13:26:00Z,0.25,0.15,neither_option
2025-09-22T13:26:00Z,2025-09-22T13:55:00Z,0.5,0.48333333333333334,neither_option
2025-09-22T13:55:00Z,2025-09-22T14:09:00Z,1.0,0.23333333333333334,both_options
2025-09-22T14:09:00Z,2025-09-22T14:26:00Z,1.25,0.2833333333333333,both_options
2025-09-22T14:26:00Z,2025-09-22T14:46:00Z,0.75,0.3333333333333333,lower_only
2025-09-22T14:46:00Z,2025-09-22T14:55:00Z,1.0,0.15,both_options
2025-09-22T14:55:00Z,2025-09-22T15:31:00Z,1.0,0.6,both_options
2025-09-22T15:31:00Z,2025-09-22T15:55:00Z,1.5,0.4,both_options
2025-09-22T15:55:00Z,2025-09-22T16:37:00Z,2.0,0.7,both_options
2025-09-22T16:37:00Z,2025-09-22T16:55:00Z,3.0,0.3,both_options
2025-09-22T16:55:00Z,2025-09-22T17:55:00Z,4.0,1.0,both_options
2025-09-22T17:55:00Z,2025-09-22T18:22:00Z,6.0,0.45,both_options
2025-09-22T18:22:00Z,2025-09-22T18:55:00Z,7.0,0.55,both_options
2025-09-22T18:55:00Z,2025-09-22T19:55:00Z,7.0,1.0,both_options
2025-09-22T19:55:00Z,2025-09-22T20:55:00Z,8.0,1.0,both_options
2025-09-22T20:55:00Z,2025-09-22T21:55:00Z,7.0,1.0,both_options
2025-09-22T21:55:00Z,2025-09-22T22:55:00Z,6.0,1.0,both_options
2025-09-22T22:55:00Z,2025-09-22T23:55:00Z,7.0,1.0,both_options
2025-09-22T23:55:00Z,2025-09-23T00:55:00Z,7.0,1.0,both_options
2025-09-23T00:55:00Z,2025-09-23T01:55:00Z,8.0,1.0,both_options
2025-09-23T01:55:00Z,2025-09-23T02:55:00Z,7.0,1.0,both_options
2025-09-23T02:55:00Z,2025-09-23T03:55:00Z,7.0,1.0,both_options
2025-09-23T03:55:00Z,2025-09-23T04:55:00Z,7.0,1.0,both_options
2025-09-23T04:55:00Z,2025-09-23T05:55:00Z,7.0,1.0,both_options
2025-09-23T05:55:00Z,2025-09-23T06:55:00Z,7.0,1.0,both_options
2025-09-23T06:55:00Z,2025-09-23T07:55:00Z,7.0,1.0,both_options
2025-09-23T07:55:00Z,2025-09-23T08:55:00Z,8.0,1.0,both_options
2025-09-23T08:55:00Z,2025-09-23T09:51:00Z,8.0,0.9333333333333333,both_options
2025-09-23T09:51:00Z,2025-09-23T09:55:00Z,7.0,0.06666666666666667,both_options
2025-09-23T09:55:00Z,2025-09-23T09:57:00Z,4.0,0.03333333333333333,both_options
2025-09-23T09:57:00Z,2025-09-23T09:59:00Z,1.5,0.03333333333333333,both_options
2025-09-23T09:59:00Z,2025-09-23T10:10:00Z,0.75,0.18333333333333332,lower_only
2025-09-23T10:10:00Z,2025-09-23T10:55:00Z,0.25,0.75,neither_option
2025-09-23T10:55:00Z,2025-09-23T11:08:00Z,0.25,0.21666666666666667,neither_option
2025-09-23T11:08:00Z,2025-09-23T11:22:00Z,0.75,0.23333333333333334,lower_only
2025-09-23T11:22:00Z,2025-09-23T11:28:00Z,1.25,0.1,both_options
2025-09-23T11:28:00Z,2025-09-23T11:50:00Z,2.0,0.36666666666666664,both_options
2025-09-23T11:50:00Z,2025-09-23T11:55:00Z,3.0,0.08333333333333333,both_options
2025-09-23T11:55:00Z,2025-09-23T12:55:00Z,4.0,1.0,both_options
2025-09-23T12:55:00Z,2025-09-23T13:55:00Z,8.0,1.0,both_options
2025-09-23T13:55:00Z,2025-09-23T14:55:00Z,8.0,1.0,both_options
2025-09-23T14:55:00Z,2025-09-23T15:55:00Z,6.0,1.0,both_options
2025-09-23T15:55:00Z,2025-09-23T16:55:00Z,7.0,1.0,both_options
2025-09-23T16:55:00Z,2025-09-23T17:55:00Z,7.0,1.0,both_options
2025-09-23T17:55:00Z,2025-09-23T18:55:00Z,,1.0,unknown
2025-09-23T18:55:00Z,2025-09-23T19:55:00Z,10.0,1.0,both_options
2025-09-23T19:55:00Z,2025-09-23T20:55:00Z,10.0,1.0,both_options
2025-09-23T20:55:00Z,2025-09-23T21:55:00Z,10.0,1.0,both_options
2025-09-23T21:55:00Z,2025-09-23T22:55:00Z,9.0,1.0,both_options
2025-09-23T22:55:00Z,2025-09-23T23:55:00Z,9.0,1.0,both_options
2025-09-23T23:55:00Z,2025-09-24T00:55:00Z,10.0,1.0,both_options
2025-09-24T00:55:00Z,2025-09-24T01:55:00Z,9.0,1.0,both_options
2025-09-24T01:55:00Z,2025-09-24T02:55:00Z,10.0,1.0,both_options
2025-09-24T03:55:00Z,2025-09-24T04:55:00Z,10.0,1.0,both_options
2025-09-24T05:55:00Z,2025-09-24T06:55:00Z,10.0,1.0,both_options
2025-09-24T06:55:00Z,2025-09-24T07:55:00Z,9.0,1.0,both_options
2025-09-24T07:55:00Z,2025-09-24T08:55:00Z,8.0,1.0,both_options
2025-09-24T08:55:00Z,2025-09-24T09:55:00Z,8.0,1.0,both_options
2025-09-24T09:55:00Z,2025-09-24T10:55:00Z,8.0,1.0,both_options
2025-09-24T10:55:00Z,2025-09-24T11:55:00Z,9.0,1.0,both_options
2025-09-24T11:55:00Z,2025-09-24T12:55:00Z,9.0,1.0,both_options
2025-09-24T12:55:00Z,2025-09-24T13:22:00Z,10.0,0.45,both_options
2025-09-24T13:22:00Z,2025-09-24T13:31:00Z,1.75,0.15,both_options
2025-09-24T13:31:00Z,2025-09-24T13:55:00Z,3.0,0.4,both_options
2025-09-24T13:55:00Z,2025-09-24T14:55:00Z,10.0,1.0,both_options
2025-09-24T14:55:00Z,2025-09-24T15:55:00Z,9.0,1.0,both_options
2025-09-24T15:55:00Z,2025-09-24T16:55:00Z,7.0,1.0,both_options
2025-09-24T16:55:00Z,2025-09-24T17:55:00Z,10.0,1.0,both_options
2025-09-24T17:55:00Z,2025-09-24T18:55:00Z,9.0,1.0,both_options
2025-09-24T18:55:00Z,2025-09-24T19:55:00Z,10.0,1.0,both_options
2025-09-24T19:55:00Z,2025-09-24T20:55:00Z,10.0,1.0,both_options
2025-09-24T20:55:00Z,2025-09-24T21:55:00Z,10.0,1.0,both_options
2025-09-24T21:55:00Z,2025-09-24T22:55:00Z,10.0,1.0,both_options
2025-09-24T22:55:00Z,2025-09-24T23:55:00Z,10.0,1.0,both_options
2025-09-24T23:55:00Z,2025-09-25T00:55:00Z,10.0,1.0,both_options
2025-09-25T00:55:00Z,2025-09-25T01:55:00Z,10.0,1.0,both_options
2025-09-25T01:55:00Z,2025-09-25T02:55:00Z,10.0,1.0,both_options
2025-09-25T02:55:00Z,2025-09-25T03:55:00Z,10.0,1.0,both_options
2025-09-25T03:55:00Z,2025-09-25T04:55:00Z,10.0,1.0,both_options
2025-09-25T04:55:00Z,2025-09-25T05:55:00Z,10.0,1.0,both_options
2025-09-25T05:55:00Z,2025-09-25T06:55:00Z,10.0,1.0,both_options
2025-09-25T06:55:00Z,2025-09-25T07:55:00Z,10.0,1.0,both_options
2025-09-25T07:55:00Z,2025-09-25T08:55:00Z,10.0,1.0,both_options
2025-09-25T08:55:00Z,2025-09-25T09:55:00Z,10.0,1.0,both_options
2025-09-25T09:55:00Z,2025-09-25T10:55:00Z,10.0,1.0,both_options
2025-09-25T10:55:00Z,2025-09-25T11:55:00Z,10.0,1.0,both_options
2025-09-25T11:55:00Z,2025-09-25T12:55:00Z,10.0,1.0,both_options
2025-09-25T12:55:00Z,2025-09-25T13:07:00Z,10.0,0.2,both_options
2025-09-25T13:07:00Z,2025-09-25T13:55:00Z,10.0,0.8,both_options
2025-09-25T13:55:00Z,2025-09-25T14:55:00Z,10.0,1.0,both_options
2025-09-25T14:55:00Z,2025-09-25T15:55:00Z,7.0,1.0,both_options
2025-09-25T15:55:00Z,2025-09-25T16:55:00Z,10.0,1.0,both_options
2025-09-25T16:55:00Z,2025-09-25T17:55:00Z,9.0,1.0,both_options
2025-09-25T17:55:00Z,2025-09-25T18:55:00Z,10.0,1.0,both_options
2025-09-25T18:55:00Z,2025-09-25T19:55:00Z,10.0,1.0,both_options
2025-09-25T19:55:00Z,2025-09-25T20:55:00Z,10.0,1.0,both_options
2025-09-25T20:55:00Z,2025-09-25T21:55:00Z,10.0,1.0,both_options
2025-09-25T21:55:00Z,2025-09-25T22:55:00Z,10.0,1.0,both_options
2025-09-25T22:55:00Z,2025-09-25T23:55:00Z,10.0,1.0,both_options
2025-09-25T23:55:00Z,2025-09-26T00:55:00Z,10.0,1.0,both_options
2025-09-26T00:55:00Z,2025-09-26T01:55:00Z,10.0,1.0,both_options
2025-09-26T01:55:00Z,2025-09-26T02:55:00Z,10.0,1.0,both_options
2025-09-26T02:55:00Z,2025-09-26T03:55:00Z,10.0,1.0,both_options
2025-09-26T03:55:00Z,2025-09-26T04:33:00Z,10.0,0.6333333333333333,both_options
2025-09-26T04:33:00Z,2025-09-26T04:55:00Z,10.0,0.36666666666666664,both_options
2025-09-26T04:55:00Z,2025-09-26T05:55:00Z,10.0,1.0,both_options
2025-09-26T05:55:00Z,2025-09-26T06:55:00Z,10.0,1.0,both_options
2025-09-26T06:55:00Z,2025-09-26T07:55:00Z,10.0,1.0,both_options
2025-09-26T07:55:00Z,2025-09-26T08:55:00Z,10.0,1.0,both_options
2025-09-26T08:55:00Z,2025-09-26T09:55:00Z,10.0,1.0,both_options
2025-09-26T09:55:00Z,2025-09-26T10:55:00Z,10.0,1.0,both_options
2025-09-26T10:55:00Z,2025-09-26T11:53:00Z,10.0,0.9666666666666667,both_options
2025-09-26T11:53:00Z,2025-09-26T11:55:00Z,2.5,0.03333333333333333,both_options
2025-09-26T11:55:00Z,2025-09-26T12:09:00Z,2.0,0.23333333333333334,both_options
2025-09-26T12:09:00Z,2025-09-26T12:55:00Z,10.0,0.7666666666666667,both_options
2025-09-26T12:55:00Z,2025-09-26T13:50:00Z,10.0,0.9166666666666666,both_options
2025-09-26T13:50:00Z,2025-09-26T13:55:00Z,10.0,0.08333333333333333,both_options
2025-09-26T13:55:00Z,2025-09-26T14:46:00Z,10.0,0.85,both_options
2025-09-26T14:46:00Z,2025-09-26T14:55:00Z,10.0,0.15,both_options
2025-09-26T14:55:00Z,2025-09-26T15:55:00Z,10.0,1.0,both_options
2025-09-26T15:55:00Z,2025-09-26T16:55:00Z,10.0,1.0,both_options
2025-09-26T16:55:00Z,2025-09-26T17:55:00Z,10.0,1.0,both_options
2025-09-26T17:55:00Z,2025-09-26T18:55:00Z,10.0,1.0,both_options
2025-09-26T18:55:00Z,2025-09-26T19:55:00Z,10.0,1.0,both_options
2025-09-26T19:55:00Z,2025-09-26T20:55:00Z,10.0,1.0,both_options
2025-09-26T20:55:00Z,2025-09-26T21:55:00Z,10.0,1.0,both_options
2025-09-26T21:55:00Z,2025-09-26T22:55:00Z,10.0,1.0,both_options
2025-09-26T22:55:00Z,2025-09-26T23:55:00Z,10.0,1.0,both_options
2025-09-26T23:55:00Z,2025-09-27T00:55:00Z,10.0,1.0,both_options
2025-09-27T00:55:00Z,2025-09-27T01:55:00Z,10.0,1.0,both_options
2025-09-27T01:55:00Z,2025-09-27T02:55:00Z,10.0,1.0,both_options
2025-09-27T02:55:00Z,2025-09-27T03:55:00Z,10.0,1.0,both_options
2025-09-27T03:55:00Z,2025-09-27T04:55:00Z,10.0,1.0,both_options
2025-09-27T04:55:00Z,2025-09-27T05:55:00Z,10.0,1.0,both_options
2025-09-27T05:55:00Z,2025-09-27T06:55:00Z,10.0,1.0,both_options
2025-09-27T06:55:00Z,2025-09-27T07:55:00Z,10.0,1.0,both_options
2025-09-27T07:55:00Z,2025-09-27T08:55:00Z,10.0,1.0,both_options
2025-09-27T08:55:00Z,2025-09-27T09:55:00Z,10.0,1.0,both_options
2025-09-27T09:55:00Z,2025-09-27T10:55:00Z,10.0,1.0,both_options
2025-09-27T10:55:00Z,2025-09-27T11:55:00Z,10.0,1.0,both_options
2025-09-27T11:55:00Z,2025-09-27T12:55:00Z,10.0,1.0,both_options
2025-09-27T12:55:00Z,2025-09-27T13:55:00Z,10.0,1.0,both_options
2025-09-27T13:55:00Z,2025-09-27T14:55:00Z,10.0,1.0,both_options
2025-09-27T14:55:00Z,2025-09-27T15:55:00Z,10.0,1.0,both_options
2025-09-27T15:55:00Z,2025-09-27T16:55:00Z,10.0,1.0,both_options
2025-09-27T16:55:00Z,2025-09-27T17:55:00Z,10.0,1.0,both_options
2025-09-27T17:55:00Z,2025-09-27T18:55:00Z,10.0,1.0,both_options
2025-09-27T18:55:00Z,2025-09-27T19:55:00Z,10.0,1.0,both_options
2025-09-27T19:55:00Z,2025-09-27T20:55:00Z,10.0,1.0,both_options
2025-09-27T20:55:00Z,2025-09-27T21:55:00Z,10.0,1.0,both_options
2025-09-27T21:55:00Z,2025-09-27T22:55:00Z,10.0,1.0,both_options
2025-09-27T22:55:00Z,2025-09-27T23:55:00Z,10.0,1.0,both_options
2025-09-27T23:55:00Z,2025-09-28T00:55:00Z,10.0,1.0,both_options
2025-09-28T00:55:00Z,2025-09-28T01:55:00Z,10.0,1.0,both_options
2025-09-28T01:55:00Z,2025-09-28T02:55:00Z,9.0,1.0,both_options
2025-09-28T02:55:00Z,2025-09-28T03:09:00Z,10.0,0.23333333333333334,both_options
2025-09-28T03:09:00Z,2025-09-28T03:21:00Z,10.0,0.2,both_options
2025-09-28T03:21:00Z,2025-09-28T03:55:00Z,10.0,0.5666666666666667,both_options
2025-09-28T03:55:00Z,2025-09-28T04:19:00Z,10.0,0.4,both_options
2025-09-28T04:19:00Z,2025-09-28T04:41:00Z,10.0,0.36666666666666664,both_options
2025-09-28T04:41:00Z,2025-09-28T04:55:00Z,10.0,0.23333333333333334,both_options
2025-09-28T04:55:00Z,2025-09-28T05:55:00Z,10.0,1.0,both_options
2025-09-28T05:55:00Z,2025-09-28T06:55:00Z,6.0,1.0,both_options
2025-09-28T06:55:00Z,2025-09-28T07:48:00Z,9.0,0.8833333333333333,both_options
2025-09-28T07:48:00Z,2025-09-28T07:55:00Z,7.0,0.11666666666666667,both_options
2025-09-28T07:55:00Z,2025-09-28T08:39:00Z,7.0,0.7333333333333333,both_options
2025-09-28T08:39:00Z,2025-09-28T08:55:00Z,2.5,0.26666666666666666,both_options
2025-09-28T08:55:00Z,2025-09-28T09:10:00Z,2.5,0.25,both_options
2025-09-28T09:10:00Z,2025-09-28T09:41:00Z,3.0,0.5166666666666667,both_options
2025-09-28T09:41:00Z,2025-09-28T09:55:00Z,2.0,0.23333333333333334,both_options
2025-09-28T09:55:00Z,2025-09-28T10:19:00Z,1.75,0.4,both_options
2025-09-28T10:19:00Z,2025-09-28T10:25:00Z,2.0,0.1,both_options
2025-09-28T10:25:00Z,2025-09-28T10:55:00Z,1.25,0.5,both_options
2025-09-28T10:55:00Z,2025-09-28T10:59:00Z,1.25,0.06666666666666667,both_options
2025-09-28T10:59:00Z,2025-09-28T11:10:00Z,2.0,0.18333333333333332,both_options
2025-09-28T11:10:00Z,2025-09-28T11:18:00Z,3.0,0.13333333333333333,both_options
2025-09-28T11:18:00Z,2025-09-28T11:55:00Z,2.0,0.6166666666666667,both_options
2025-09-28T11:55:00Z,2025-09-28T12:18:00Z,1.25,0.38333333333333336,both_options
2025-09-28T12:18:00Z,2025-09-28T12:27:00Z,1.5,0.15,both_options
2025-09-28T12:27:00Z,2025-09-28T12:36:00Z,2.0,0.15,both_options
2025-09-28T12:36:00Z,2025-09-28T12:55:00Z,1.5,0.31666666666666665,both_options
2025-09-28T12:55:00Z,2025-09-28T13:09:00Z,2.5,0.23333333333333334,both_options
2025-09-28T13:09:00Z,2025-09-28T13:31:00Z,4.0,0.36666666666666664,both_options
2025-09-28T13:31:00Z,2025-09-28T13:55:00Z,10.0,0.4,both_options
2025-09-28T13:55:00Z,2025-09-28T14:02:00Z,10.0,0.11666666666666667,both_options
2025-09-28T14:02:00Z,2025-09-28T14:55:00Z,10.0,0.8833333333333333,both_options
2025-09-28T14:55:00Z,2025-09-28T15:55:00Z,10.0,1.0,both_options
2025-09-28T15:55:00Z,2025-09-28T16:55:00Z,10.0,1.0,both_options
2025-09-28T16:55:00Z,2025-09-28T17:55:00Z,10.0,1.0,both_options
2025-09-28T17:55:00Z,2025-09-28T18:55:00Z,10.0,1.0,both_options
2025-09-28T18:55:00Z,2025-09-28T19:55:00Z,10.0,1.0,both_options
2025-09-28T19:55:00Z,2025-09-28T20:55:00Z,10.0,1.0,both_options
2025-09-28T20:55:00Z,2025-09-28T21:55:00Z,10.0,1.0,both_options
2025-09-28T21:55:00Z,2025-09-28T22:55:00Z,10.0,1.0,both_options
2025-09-28T22:55:00Z,2025-09-28T23:55:00Z,10.0,1.0,both_options
2025-09-28T23:55:00Z,2025-09-29T00:55:00Z,10.0,1.0,both_options
2025-09-29T00:55:00Z,2025-09-29T01:26:00Z,10.0,0.5166666666666667,both_options
2025-09-29T01:26:00Z,2025-09-29T01:55:00Z,10.0,0.48333333333333334,both_options
2025-09-29T01:55:00Z,2025-09-29T02:55:00Z,10.0,1.0,both_options
2025-09-29T02:55:00Z,2025-09-29T03:27:00Z,10.0,0.5333333333333333,both_options
2025-09-29T03:27:00Z,2025-09-29T03:48:00Z,10.0,0.35,both_options
2025-09-29T03:48:00Z,2025-09-29T03:55:00Z,10.0,0.11666666666666667,both_options
2025-09-29T03:55:00Z,2025-09-29T04:55:00Z,10.0,1.0,both_options
2025-09-29T04:55:00Z,2025-09-29T05:28:00Z,8.0,0.55,both_options
2025-09-29T05:28:00Z,2025-09-29T05:55:00Z,10.0,0.45,both_options
2025-09-29T05:55:00Z,2025-09-29T06:41:00Z,7.0,0.7666666666666667,both_options
2025-09-29T06:41:00Z,2025-09-29T06:55:00Z,8.0,0.23333333333333334,both_options
2025-09-29T06:55:00Z,2025-09-29T07:55:00Z,10.0,1.0,both_options
2025-09-29T07:55:00Z,2025-09-29T08:55:00Z,5.0,1.0,both_options
2025-09-29T08:55:00Z,2025-09-29T09:55:00Z,8.0,1.0,both_options
2025-09-29T09:55:00Z,2025-09-29T10:55:00Z,5.0,1.0,both_options
2025-09-29T10:55:00Z,2025-09-29T11:52:00Z,4.0,0.95,both_options
2025-09-29T11:52:00Z,2025-09-29T11:55:00Z,2.0,0.05,both_options
2025-09-29T11:55:00Z,2025-09-29T12:11:00Z,2.0,0.26666666666666666,both_options
2025-09-29T12:11:00Z,2025-09-29T12:29:00Z,3.0,0.3,both_options
2025-09-29T12:29:00Z,2025-09-29T12:55:00Z,4.0,0.43333333333333335,both_options
2025-09-29T12:55:00Z,2025-09-29T13:55:00Z,4.0,1.0,both_options
2025-09-29T13:55:00Z,2025-09-29T14:33:00Z,5.0,0.6333333333333333,both_options
2025-09-29T14:33:00Z,2025-09-29T14:55:00Z,8.0,0.36666666666666664,both_options
2025-09-29T14:55:00Z,2025-09-29T15:18:00Z,9.0,0.38333333333333336,both_options
2025-09-29T15:18:00Z,2025-09-29T15:27:00Z,2.5,0.15,both_options
2025-09-29T15:27:00Z,2025-09-29T15:55:00Z,4.0,0.4666666666666667,both_options
2025-09-29T15:55:00Z,2025-09-29T16:01:00Z,4.0,0.1,both_options
2025-09-29T16:01:00Z,2025-09-29T16:11:00Z,1.75,0.16666666666666666,both_options
2025-09-29T16:11:00Z,2025-09-29T16:18:00Z,2.5,0.11666666666666667,both_options
2025-09-29T16:18:00Z,2025-09-29T16:39:00Z,8.0,0.35,both_options
2025-09-29T16:39:00Z,2025-09-29T16:55:00Z,10.0,0.26666666666666666,both_options
2025-09-29T16:55:00Z,2025-09-29T17:02:00Z,5.0,0.11666666666666667,both_options
2025-09-29T17:02:00Z,2025-09-29T17:13:00Z,1.75,0.18333333333333332,both_options
2025-09-29T17:13:00Z,2025-09-29T17:18:00Z,1.25,0.08333333333333333,both_options
2025-09-29T17:18:00Z,2025-09-29T17:27:00Z,2.0,0.15,both_options
2025-09-29T17:27:00Z,2025-09-29T17:50:00Z,6.0,0.38333333333333336,both_options
2025-09-29T17:50:00Z,2025-09-29T17:55:00Z,2.5,0.08333333333333333,both_options
2025-09-29T17:55:00Z,2025-09-29T18:09:00Z,3.0,0.23333333333333334,both_options
2025-09-29T18:09:00Z,2025-09-29T18:55:00Z,9.0,0.7666666666666667,both_options
2025-09-29T18:55:00Z,2025-09-29T19:25:00Z,4.0,0.5,both_options
2025-09-29T19:25:00Z,2025-09-29T19:27:00Z,2.5,0.03333333333333333,both_options
2025-09-29T19:27:00Z,2025-09-29T19:44:00Z,3.0,0.2833333333333333,both_options
2025-09-29T19:44:00Z,2025-09-29T19:55:00Z,10.0,0.18333333333333332,both_options
2025-09-29T19:55:00Z,2025-09-29T20:22:00Z,10.0,0.45,both_options
2025-09-29T20:22:00Z,2025-09-29T20:37:00Z,10.0,0.25,both_options
2025-09-29T20:37:00Z,2025-09-29T20:55:00Z,9.0,0.3,both_options
2025-09-29T20:55:00Z,2025-09-29T21:50:00Z,10.0,0.9166666666666666,both_options
2025-09-29T21:50:00Z,2025-09-29T21:55:00Z,2.5,0.08333333333333333,both_options
2025-09-29T21:55:00Z,2025-09-29T22:06:00Z,1.75,0.18333333333333332,both_options
2025-09-29T22:06:00Z,2025-09-29T22:14:00Z,1.75,0.13333333333333333,both_options
2025-09-29T22:14:00Z,2025-09-29T22:17:00Z,3.0,0.05,both_options
2025-09-29T22:17:00Z,2025-09-29T22:20:00Z,2.5,0.05,both_options
2025-09-29T22:20:00Z,2025-09-29T22:30:00Z,1.75,0.16666666666666666,both_options
2025-09-29T22:30:00Z,2025-09-29T22:33:00Z,2.0,0.05,both_options
2025-09-29T22:33:00Z,2025-09-29T22:37:00Z,1.75,0.06666666666666667,both_options
2025-09-29T22:37:00Z,2025-09-29T22:47:00Z,1.25,0.16666666666666666,both_options
2025-09-29T22:47:00Z,2025-09-29T22:55:00Z,2.0,0.13333333333333333,both_options
2025-09-29T22:55:00Z,2025-09-29T23:02:00Z,3.0,0.11666666666666667,both_options
2025-09-29T23:02:00Z,2025-09-29T23:14:00Z,2.5,0.2,both_options
2025-09-29T23:14:00Z,2025-09-29T23:17:00Z,1.5,0.05,both_options
2025-09-29T23:17:00Z,2025-09-29T23:25:00Z,1.25,0.13333333333333333,both_options
2025-09-29T23:25:00Z,2025-09-29T23:27:00Z,2.5,0.03333333333333333,both_options
2025-09-29T23:27:00Z,2025-09-29T23:55:00Z,4.0,0.4666666666666667,both_options
2025-09-29T23:55:00Z,2025-09-30T00:03:00Z,4.0,0.13333333333333333,both_options
2025-09-30T00:03:00Z,2025-09-30T00:13:00Z,7.0,0.16666666666666666,both_options
2025-09-30T00:13:00Z,2025-09-30T00:20:00Z,4.0,0.11666666666666667,both_options
2025-09-30T00:20:00Z,2025-09-30T00:55:00Z,4.0,0.5833333333333334,both_options
2025-09-30T00:55:00Z,2025-09-30T01:03:00Z,8.0,0.13333333333333333,both_options
2025-09-30T01:03:00Z,2025-09-30T01:55:00Z,7.0,0.8666666666666667,both_options
2025-09-30T01:55:00Z,2025-09-30T02:55:00Z,9.0,1.0,both_options
2025-09-30T02:55:00Z,2025-09-30T03:22:00Z,10.0,0.45,both_options
2025-09-30T03:22:00Z,2025-09-30T03:34:00Z,10.0,0.2,both_options
2025-09-30T03:34:00Z,2025-09-30T03:55:00Z,10.0,0.35,both_options
2025-09-30T03:55:00Z,2025-09-30T04:55:00Z,10.0,1.0,both_options
2025-09-30T04:55:00Z,2025-09-30T05:55:00Z,7.0,1.0,both_options
2025-09-30T05:55:00Z,2025-09-30T06:16:00Z,6.0,0.35,both_options
2025-09-30T06:16:00Z,2025-09-30T06:24:00Z,8.0,0.13333333333333333,both_options
2025-09-30T06:24:00Z,2025-09-30T06:34:00Z,8.0,0.16666666666666666,both_options
2025-09-30T06:34:00Z,2025-09-30T06:55:00Z,9.0,0.35,both_options
2025-09-30T06:55:00Z,2025-09-30T07:14:00Z,8.0,0.31666666666666665,both_options
2025-09-30T07:14:00Z,2025-09-30T07:55:00Z,8.0,0.6833333333333333,both_options
2025-09-30T07:55:00Z,2025-09-30T08:55:00Z,9.0,1.0,both_options
2025-09-30T08:55:00Z,2025-09-30T09:23:00Z,9.0,0.4666666666666667,both_options
2025-09-30T09:23:00Z,2025-09-30T09:55:00Z,9.0,0.5333333333333333,both_options
2025-09-30T09:55:00Z,2025-09-30T10:55:00Z,10.0,1.0,both_options
2025-09-30T10:55:00Z,2025-09-30T11:55:00Z,10.0,1.0,both_options
2025-09-30T11:55:00Z,2025-09-30T12:55:00Z,10.0,1.0,both_options
2025-09-30T12:55:00Z,2025-09-30T13:55:00Z,10.0,1.0,both_options
2025-09-30T13:55:00Z,2025-09-30T14:55:00Z,10.0,1.0,both_options
2025-09-30T14:55:00Z,2025-09-30T15:55:00Z,10.0,1.0,both_options
2025-09-30T15:55:00Z,2025-09-30T16:55:00Z,10.0,1.0,both_options
2025-09-30T16:55:00Z,2025-09-30T17:55:00Z,10.0,1.0,both_options
2025-09-30T17:55:00Z,2025-09-30T18:55:00Z,10.0,1.0,both_options
2025-09-30T18:55:00Z,2025-09-30T19:55:00Z,10.0,1.0,both_options
2025-09-30T19:55:00Z,2025-09-30T20:55:00Z,10.0,1.0,both_options
2025-09-30T20:55:00Z,2025-09-30T21:55:00Z,7.0,1.0,both_options
2025-09-30T21:55:00Z,2025-09-30T22:55:00Z,5.0,1.0,both_options
2025-09-30T22:55:00Z,2025-09-30T23:55:00Z,6.0,1.0,both_options
2025-09-30T23:55:00Z,2025-10-01T00:45:00Z,10.0,0.8333333333333334,both_options
2025-10-01T00:45:00Z,2025-10-01T00:55:00Z,10.0,0.16666666666666666,both_options
2025-10-01T00:55:00Z,2025-10-01T01:55:00Z,10.0,1.0,both_options
2025-10-01T01:55:00Z,2025-10-01T02:08:00Z,8.0,0.21666666666666667,both_options
2025-10-01T02:08:00Z,2025-10-01T02:55:00Z,5.0,0.7833333333333333,both_options
2025-10-01T02:55:00Z,2025-10-01T03:55:00Z,7.0,1.0,both_options
2025-10-01T03:55:00Z,2025-10-01T04:55:00Z,10.0,1.0,both_options
2025-10-01T04:55:00Z,2025-10-01T05:55:00Z,10.0,1.0,both_options
2025-10-01T05:55:00Z,2025-10-01T06:55:00Z,9.0,1.0,both_options
2025-10-01T06:55:00Z,2025-10-01T07:55:00Z,10.0,1.0,both_options
2025-10-01T07:55:00Z,2025-10-01T08:55:00Z,10.0,1.0,both_options
2025-10-01T08:55:00Z,2025-10-01T09:55:00Z,10.0,1.0,both_options
2025-10-01T09:55:00Z,2025-10-01T10:55:00Z,7.0,1.0,both_options
2025-10-01T10:55:00Z,2025-10-01T11:55:00Z,10.0,1.0,both_options
2025-10-01T11:55:00Z,2025-10-01T12:55:00Z,10.0,1.0,both_options
2025-10-01T12:55:00Z,2025-10-01T13:31:00Z,10.0,0.6,both_options
2025-10-01T13:31:00Z,2025-10-01T13:55:00Z,10.0,0.4,both_options
2025-10-01T13:55:00Z,2025-10-01T14:08:00Z,10.0,0.21666666666666667,both_options
2025-10-01T14:08:00Z,2025-10-01T14:17:00Z,10.0,0.15,both_options
2025-10-01T14:17:00Z,2025-10-01T14:50:00Z,10.0,0.55,both_options
2025-10-01T14:50:00Z,2025-10-01T14:55:00Z,10.0,0.08333333333333333,both_options
2025-10-01T14:55:00Z,2025-10-01T15:55:00Z,10.0,1.0,both_options
2025-10-01T15:55:00Z,2025-10-01T16:55:00Z,10.0,1.0,both_options
2025-10-01T16:55:00Z,2025-10-01T17:55:00Z,10.0,1.0,both_options
2025-10-01T17:55:00Z,2025-10-01T18:55:00Z,10.0,1.0,both_options
2025-10-01T18:55:00Z,2025-10-01T19:55:00Z,6.0,1.0,both_options
2025-10-01T19:55:00Z,2025-10-01T20:55:00Z,8.0,1.0,both_options
2025-10-01T20:55:00Z,2025-10-01T21:55:00Z,8.0,1.0,both_options
2025-10-01T21:55:00Z,2025-10-01T22:55:00Z,9.0,1.0,both_options
2025-10-01T22:55:00Z,2025-10-01T23:55:00Z,10.0,1.0,both_options
2025-10-01T23:55:00Z,2025-10-02T00:55:00Z,9.0,1.0,both_options
2025-10-02T00:55:00Z,2025-10-02T01:55:00Z,9.0,1.0,both_options
2025-10-02T01:55:00Z,2025-10-02T02:55:00Z,8.0,1.0,both_options
2025-10-02T02:55:00Z,2025-10-02T03:55:00Z,9.0,1.0,both_options
2025-10-02T03:55:00Z,2025-10-02T04:55:00Z,10.0,1.0,both_options
2025-10-02T04:55:00Z,2025-10-02T05:26:00Z,9.0,0.5166666666666667,both_options
2025-10-02T05:26:00Z,2025-10-02T05:55:00Z,9.0,0.48333333333333334,both_options
2025-10-02T05:55:00Z,2025-10-02T06:55:00Z,10.0,1.0,both_options
2025-10-02T06:55:00Z,2025-10-02T07:55:00Z,10.0,1.0,both_options
2025-10-02T07:55:00Z,2025-10-02T08:55:00Z,10.0,1.0,both_options
2025-10-02T08:55:00Z,2025-10-02T09:55:00Z,9.0,1.0,both_options
2025-10-02T09:55:00Z,2025-10-02T10:26:00Z,10.0,0.5166666666666667,both_options
2025-10-02T10:26:00Z,2025-10-02T10:51:00Z,10.0,0.4166666666666667,both_options
2025-10-02T10:51:00Z,2025-10-02T10:55:00Z,10.0,0.06666666666666667,both_options
2025-10-02T10:55:00Z,2025-10-02T11:55:00Z,10.0,1.0,both_options
2025-10-02T11:55:00Z,2025-10-02T12:31:00Z,10.0,0.6,both_options
2025-10-02T12:31:00Z,2025-10-02T12:55:00Z,10.0,0.4,both_options
2025-10-02T12:55:00Z,2025-10-02T13:55:00Z,10.0,1.0,both_options
2025-10-02T13:55:00Z,2025-10-02T14:55:00Z,10.0,1.0,both_options
2025-10-02T14:55:00Z,2025-10-02T15:55:00Z,10.0,1.0,both_options
2025-10-02T15:55:00Z,2025-10-02T16:55:00Z,10.0,1.0,both_options
2025-10-02T16:55:00Z,2025-10-02T17:55:00Z,10.0,1.0,both_options
2025-10-02T17:55:00Z,2025-10-02T18:55:00Z,10.0,1.0,both_options
2025-10-02T18:55:00Z,2025-10-02T19:55:00Z,8.0,1.0,both_options
2025-10-02T19:55:00Z,2025-10-02T20:55:00Z,10.0,1.0,both_options
2025-10-02T20:55:00Z,2025-10-02T21:55:00Z,10.0,1.0,both_options
2025-10-02T21:55:00Z,2025-10-02T22:55:00Z,10.0,1.0,both_options
2025-10-02T22:55:00Z,2025-10-02T23:55:00Z,10.0,1.0,both_options
2025-10-02T23:55:00Z,2025-10-03T00:55:00Z,10.0,1.0,both_options
2025-10-03T00:55:00Z,2025-10-03T01:21:00Z,9.0,0.43333333333333335,both_options
2025-10-03T01:21:00Z,2025-10-03T01:55:00Z,9.0,0.5666666666666667,both_options
2025-10-03T01:55:00Z,2025-10-03T02:55:00Z,8.0,1.0,both_options
2025-10-03T02:55:00Z,2025-10-03T03:55:00Z,8.0,1.0,both_options
2025-10-03T03:55:00Z,2025-10-03T04:55:00Z,9.0,1.0,both_options
2025-10-03T04:55:00Z,2025-10-03T05:55:00Z,9.0,1.0,both_options
2025-10-03T05:55:00Z,2025-10-03T06:55:00Z,9.0,1.0,both_options
2025-10-03T06:55:00Z,2025-10-03T07:55:00Z,8.0,1.0,both_options
2025-10-03T07:55:00Z,2025-10-03T08:55:00Z,10.0,1.0,both_options
2025-10-03T08:55:00Z,2025-10-03T09:20:00Z,10.0,0.4166666666666667,both_options
2025-10-03T09:20:00Z,2025-10-03T09:55:00Z,10.0,0.5833333333333334,both_options
2025-10-03T09:55:00Z,2025-10-03T10:15:00Z,10.0,0.3333333333333333,both_options
2025-10-03T10:15:00Z,2025-10-03T10:37:00Z,10.0,0.36666666666666664,both_options
2025-10-03T10:37:00Z,2025-10-03T10:55:00Z,10.0,0.3,both_options
2025-10-03T10:55:00Z,2025-10-03T11:55:00Z,10.0,1.0,both_options
2025-10-03T11:55:00Z,2025-10-03T12:55:00Z,10.0,1.0,both_options
2025-10-03T12:55:00Z,2025-10-03T13:55:00Z,10.0,1.0,both_options
2025-10-03T13:55:00Z,2025-10-03T14:55:00Z,10.0,1.0,both_options
2025-10-03T14:55:00Z,2025-10-03T15:55:00Z,7.0,1.0,both_options
2025-10-03T15:55:00Z,2025-10-03T16:35:00Z,10.0,0.6666666666666666,both_options
2025-10-03T16:35:00Z,2025-10-03T16:55:00Z,10.0,0.3333333333333333,both_options
2025-10-03T16:55:00Z,2025-10-03T17:55:00Z,10.0,1.0,both_options
2025-10-03T17:55:00Z,2025-10-03T18:18:00Z,10.0,0.38333333333333336,both_options
2025-10-03T18:18:00Z,2025-10-03T18:30:00Z,8.0,0.2,both_options
2025-10-03T18:30:00Z,2025-10-03T18:55:00Z,8.0,0.4166666666666667,both_options
2025-10-03T18:55:00Z,2025-10-03T19:55:00Z,10.0,1.0,both_options
2025-10-03T19:55:00Z,2025-10-03T20:55:00Z,10.0,1.0,both_options
2025-10-03T20:55:00Z,2025-10-03T21:55:00Z,10.0,1.0,both_options
2025-10-03T21:55:00Z,2025-10-03T22:55:00Z,10.0,1.0,both_options
2025-10-03T22:55:00Z,2025-10-03T23:55:00Z,10.0,1.0,both_options
2025-10-03T23:55:00Z,2025-10-04T00:55:00Z,10.0,1.0,both_options
2025-10-04T00:55:00Z,2025-10-04T01:55:00Z,10.0,1.0,both_options
2025-10-04T01:55:00Z,2025-10-04T02:22:00Z,10.0,0.45,both_options
2025-10-04T02:22:00Z,2025-10-04T02:38:00Z,10.0,0.26666666666666666,both_options
2025-10-04T02:38:00Z,2025-10-04T02:55:00Z,10.0,0.2833333333333333,both_options
2025-10-04T02:55:00Z,2025-10-04T03:02:00Z,10.0,0.11666666666666667,both_options
2025-10-04T03:02:00Z,2025-10-04T03:55:00Z,10.0,0.8833333333333333,both_options
2025-10-04T03:55:00Z,2025-10-04T04:55:00Z,10.0,1.0,both_options
2025-10-04T04:55:00Z,2025-10-04T05:25:00Z,10.0,0.5,both_options
2025-10-04T05:25:00Z,2025-10-04T05:55:00Z,10.0,0.5,both_options
2025-10-04T05:55:00Z,2025-10-04T06:51:00Z,10.0,0.9333333333333333,both_options
2025-10-04T06:51:00Z,2025-10-04T06:55:00Z,10.0,0.06666666666666667,both_options
2025-10-04T06:55:00Z,2025-10-04T07:55:00Z,10.0,1.0,both_options
2025-10-04T07:55:00Z,2025-10-04T08:17:00Z,10.0,0.36666666666666664,both_options
2025-10-04T08:17:00Z,2025-10-04T08:55:00Z,10.0,0.6333333333333333,both_options
2025-10-04T08:55:00Z,2025-10-04T09:55:00Z,10.0,1.0,both_options
2025-10-04T09:55:00Z,2025-10-04T10:55:00Z,10.0,1.0,both_options
2025-10-04T10:55:00Z,2025-10-04T11:55:00Z,10.0,1.0,both_options
2025-10-04T11:55:00Z,2025-10-04T12:39:00Z,10.0,0.7333333333333333,both_options
2025-10-04T12:39:00Z,2025-10-04T12:55:00Z,10.0,0.26666666666666666,both_options
2025-10-04T12:55:00Z,2025-10-04T13:45:00Z,10.0,0.8333333333333334,both_options
2025-10-04T13:45:00Z,2025-10-04T13:55:00Z,2.5,0.16666666666666666,both_options
2025-10-04T13:55:00Z,2025-10-04T14:16:00Z,4.0,0.35,both_options
2025-10-04T14:16:00Z,2025-10-04T14:55:00Z,8.0,0.65,both_options
2025-10-04T14:55:00Z,2025-10-04T15:02:00Z,5.0,0.11666666666666667,both_options
2025-10-04T15:02:00Z,2025-10-04T15:10:00Z,4.0,0.13333333333333333,both_options
2025-10-04T15:10:00Z,2025-10-04T15:19:00Z,1.75,0.15,both_options
2025-10-04T15:19:00Z,2025-10-04T15:55:00Z,3.0,0.6,both_options
2025-10-04T15:55:00Z,2025-10-04T16:53:00Z,9.0,0.9666666666666667,both_options
2025-10-04T16:53:00Z,2025-10-04T16:55:00Z,10.0,0.03333333333333333,both_options
2025-10-04T16:55:00Z,2025-10-04T17:17:00Z,10.0,0.36666666666666664,both_options
2025-10-04T17:17:00Z,2025-10-04T17:55:00Z,10.0,0.6333333333333333,both_options
2025-10-04T17:55:00Z,2025-10-04T18:13:00Z,10.0,0.3,both_options
2025-10-04T18:13:00Z,2025-10-04T18:55:00Z,9.0,0.7,both_options
2025-10-04T18:55:00Z,2025-10-04T19:38:00Z,10.0,0.7166666666666667,both_options
2025-10-04T19:38:00Z,2025-10-04T19:55:00Z,10.0,0.2833333333333333,both_options
2025-10-04T19:55:00Z,2025-10-04T20:55:00Z,10.0,1.0,both_options
2025-10-04T20:55:00Z,2025-10-04T21:40:00Z,9.0,0.75,both_options
2025-10-04T21:40:00Z,2025-10-04T21:53:00Z,10.0,0.21666666666666667,both_options
2025-10-04T21:53:00Z,2025-10-04T21:55:00Z,8.0,0.03333333333333333,both_options
2025-10-04T21:55:00Z,2025-10-04T22:23:00Z,8.0,0.4666666666666667,both_options
2025-10-04T22:23:00Z,2025-10-04T22:55:00Z,10.0,0.5333333333333333,both_options
2025-10-04T22:55:00Z,2025-10-04T23:55:00Z,10.0,1.0,both_options
2025-10-04T23:55:00Z,2025-10-05T00:55:00Z,10.0,1.0,both_options
2025-10-05T00:55:00Z,2025-10-05T01:55:00Z,10.0,1.0,both_options
2025-10-05T01:55:00Z,2025-10-05T02:45:00Z,10.0,0.8333333333333334,both_options
2025-10-05T02:45:00Z,2025-10-05T02:55:00Z,10.0,0.16666666666666666,both_options
2025-10-05T02:55:00Z,2025-10-05T03:40:00Z,10.0,0.75,both_options
2025-10-05T03:40:00Z,2025-10-05T03:55:00Z,10.0,0.25,both_options
2025-10-05T03:55:00Z,2025-10-05T04:55:00Z,10.0,1.0,both_options
2025-10-05T04:55:00Z,2025-10-05T05:55:00Z,10.0,1.0,both_options
2025-10-05T05:55:00Z,2025-10-05T06:55:00Z,10.0,1.0,both_options
2025-10-05T06:55:00Z,2025-10-05T07:22:00Z,10.0,0.45,both_options
2025-10-05T07:22:00Z,2025-10-05T07:55:00Z,10.0,0.55,both_options
2025-10-05T07:55:00Z,2025-10-05T08:55:00Z,10.0,1.0,both_options
2025-10-05T08:55:00Z,2025-10-05T09:55:00Z,10.0,1.0,both_options
2025-10-05T09:55:00Z,2025-10-05T10:55:00Z,10.0,1.0,both_options
2025-10-05T10:55:00Z,2025-10-05T11:26:00Z,10.0,0.5166666666666667,both_options
2025-10-05T11:26:00Z,2025-10-05T11:41:00Z,7.0,0.25,both_options
2025-10-05T11:41:00Z,2025-10-05T11:50:00Z,1.75,0.15,both_options
2025-10-05T11:50:00Z,2025-10-05T11:55:00Z,1.0,0.08333333333333333,both_options
2025-10-05T11:55:00Z,2025-10-05T11:58:00Z,0.75,0.05,lower_only
2025-10-05T11:58:00Z,2025-10-05T12:01:00Z,1.25,0.05,both_options
2025-10-05T12:01:00Z,2025-10-05T12:05:00Z,2.5,0.06666666666666667,both_options
2025-10-05T12:05:00Z,2025-10-05T12:20:00Z,7.0,0.25,both_options
2025-10-05T12:20:00Z,2025-10-05T12:38:00Z,10.0,0.3,both_options
2025-10-05T12:38:00Z,2025-10-05T12:45:00Z,2.5,0.11666666666666667,both_options
2025-10-05T12:45:00Z,2025-10-05T12:55:00Z,9.0,0.16666666666666666,both_options
2025-10-05T12:55:00Z,2025-10-05T13:35:00Z,10.0,0.6666666666666666,both_options
2025-10-05T13:35:00Z,2025-10-05T13:55:00Z,10.0,0.3333333333333333,both_options
2025-10-05T13:55:00Z,2025-10-05T14:14:00Z,10.0,0.31666666666666665,both_options
2025-10-05T14:14:00Z,2025-10-05T14:23:00Z,2.0,0.15,both_options
2025-10-05T14:23:00Z,2025-10-05T14:55:00Z,10.0,0.5333333333333333,both_options
2025-10-05T14:55:00Z,2025-10-05T15:55:00Z,10.0,1.0,both_options
2025-10-05T15:55:00Z,2025-10-05T16:55:00Z,10.0,1.0,both_options
2025-10-05T16:55:00Z,2025-10-05T17:55:00Z,10.0,1.0,both_options
2025-10-05T17:55:00Z,2025-10-05T18:55:00Z,10.0,1.0,both_options
2025-10-05T18:55:00Z,2025-10-05T19:55:00Z,10.0,1.0,both_options
2025-10-05T19:55:00Z,2025-10-05T20:55:00Z,10.0,1.0,both_options
2025-10-05T20:55:00Z,2025-10-05T21:55:00Z,10.0,1.0,both_options
2025-10-05T21:55:00Z,2025-10-05T22:55:00Z,10.0,1.0,both_options
2025-10-05T22:55:00Z,2025-10-05T23:55:00Z,10.0,1.0,both_options
2025-10-05T23:55:00Z,2025-10-06T00:55:00Z,10.0,1.0,both_options
2025-10-06T00:55:00Z,2025-10-06T01:55:00Z,10.0,1.0,both_options
2025-10-06T01:55:00Z,2025-10-06T02:55:00Z,10.0,1.0,both_options
2025-10-06T02:55:00Z,2025-10-06T03:55:00Z,10.0,1.0,both_options
2025-10-06T03:55:00Z,2025-10-06T04:55:00Z,10.0,1.0,both_options
2025-10-06T04:55:00Z,2025-10-06T05:55:00Z,10.0,1.0,both_options
2025-10-06T05:55:00Z,2025-10-06T06:55:00Z,10.0,1.0,both_options
2025-10-06T06:55:00Z,2025-10-06T07:55:00Z,10.0,1.0,both_options
2025-10-06T07:55:00Z,2025-10-06T08:55:00Z,10.0,1.0,both_options
2025-10-06T08:55:00Z,2025-10-06T09:55:00Z,10.0,1.0,both_options
2025-10-06T09:55:00Z,2025-10-06T10:55:00Z,10.0,1.0,both_options
2025-10-06T10:55:00Z,2025-10-06T11:55:00Z,10.0,1.0,both_options
2025-10-06T11:55:00Z,2025-10-06T12:55:00Z,10.0,1.0,both_options
2025-10-06T12:55:00Z,2025-10-06T13:55:00Z,10.0,1.0,both_options
2025-10-06T13:55:00Z,2025-10-06T14:55:00Z,10.0,1.0,both_options
2025-10-06T14:55:00Z,2025-10-06T15:55:00Z,10.0,1.0,both_options
2025-10-06T15:55:00Z,2025-10-06T16:55:00Z,6.0,1.0,both_options
2025-10-06T16:55:00Z,2025-10-06T17:55:00Z,9.0,1.0,both_options
2025-10-06T17:55:00Z,2025-10-06T18:55:00Z,10.0,1.0,both_options
2025-10-06T18:55:00Z,2025-10-06T19:55:00Z,10.0,1.0,both_options
2025-10-06T19:55:00Z,2025-10-06T20:55:00Z,10.0,1.0,both_options
2025-10-06T20:55:00Z,2025-10-06T21:55:00Z,10.0,1.0,both_options
2025-10-06T21:55:00Z,2025-10-06T22:55:00Z,10.0,1.0,both_options
2025-10-06T22:55:00Z,2025-10-06T23:55:00Z,10.0,1.0,both_options
2025-10-06T23:55:00Z,2025-10-07T00:55:00Z,10.0,1.0,both_options
2025-10-07T00:55:00Z,2025-10-07T01:55:00Z,10.0,1.0,both_options
2025-10-07T01:55:00Z,2025-10-07T02:55:00Z,10.0,1.0,both_options
2025-10-07T02:55:00Z,2025-10-07T03:55:00Z,10.0,1.0,both_options
2025-10-07T03:55:00Z,2025-10-07T04:55:00Z,10.0,1.0,both_options
2025-10-07T04:55:00Z,2025-10-07T05:55:00Z,10.0,1.0,both_options
2025-10-07T05:55:00Z,2025-10-07T06:55:00Z,10.0,1.0,both_options
2025-10-07T06:55:00Z,2025-10-07T07:55:00Z,10.0,1.0,both_options
2025-10-07T07:55:00Z,2025-10-07T08:55:00Z,10.0,1.0,both_options
2025-10-07T08:55:00Z,2025-10-07T09:55:00Z,10.0,1.0,both_options
2025-10-07T09:55:00Z,2025-10-07T10:55:00Z,10.0,1.0,both_options
2025-10-07T10:55:00Z,2025-10-07T11:55:00Z,10.0,1.0,both_options
2025-10-07T11:55:00Z,2025-10-07T12:55:00Z,10.0,1.0,both_options
2025-10-07T12:55:00Z,2025-10-07T13:55:00Z,10.0,1.0,both_options
2025-10-07T13:55:00Z,2025-10-07T14:55:00Z,10.0,1.0,both_options
2025-10-07T14:55:00Z,2025-10-07T15:55:00Z,10.0,1.0,both_options
2025-10-07T15:55:00Z,2025-10-07T16:55:00Z,10.0,1.0,both_options
2025-10-07T16:55:00Z,2025-10-07T17:55:00Z,10.0,1.0,both_options
2025-10-07T17:55:00Z,2025-10-07T18:55:00Z,10.0,1.0,both_options
2025-10-07T18:55:00Z,2025-10-07T19:55:00Z,10.0,1.0,both_options
2025-10-07T19:55:00Z,2025-10-07T20:55:00Z,10.0,1.0,both_options
2025-10-07T20:55:00Z,2025-10-07T21:55:00Z,10.0,1.0,both_options
2025-10-07T21:55:00Z,2025-10-07T22:55:00Z,10.0,1.0,both_options
2025-10-07T22:55:00Z,2025-10-07T23:55:00Z,10.0,1.0,both_options
2025-10-07T23:55:00Z,2025-10-08T00:55:00Z,10.0,1.0,both_options
2025-10-08T00:55:00Z,2025-10-08T01:32:00Z,10.0,0.6166666666666667,both_options
2025-10-08T01:32:00Z,2025-10-08T01:53:00Z,10.0,0.35,both_options
2025-10-08T01:53:00Z,2025-10-08T01:55:00Z,10.0,0.03333333333333333,both_options
2025-10-08T01:55:00Z,2025-10-08T02:20:00Z,10.0,0.4166666666666667,both_options
2025-10-08T02:20:00Z,2025-10-08T02:38:00Z,10.0,0.3,both_options
2025-10-08T02:38:00Z,2025-10-08T02:55:00Z,10.0,0.2833333333333333,both_options
2025-10-08T02:55:00Z,2025-10-08T03:19:00Z,10.0,0.4,both_options
2025-10-08T03:19:00Z,2025-10-08T03:27:00Z,6.0,0.13333333333333333,both_options
2025-10-08T03:27:00Z,2025-10-08T03:34:00Z,7.0,0.11666666666666667,both_options
2025-10-08T03:34:00Z,2025-10-08T03:55:00Z,10.0,0.35,both_options
2025-10-08T03:55:00Z,2025-10-08T04:55:00Z,10.0,1.0,both_options
2025-10-08T04:55:00Z,2025-10-08T05:25:00Z,9.0,0.5,both_options
2025-10-08T05:25:00Z,2025-10-08T05:55:00Z,9.0,0.5,both_options
2025-10-08T05:55:00Z,2025-10-08T06:55:00Z,9.0,1.0,both_options
2025-10-08T06:55:00Z,2025-10-08T07:53:00Z,9.0,0.9666666666666667,both_options
2025-10-08T07:53:00Z,2025-10-08T07:55:00Z,9.0,0.03333333333333333,both_options
2025-10-08T07:55:00Z,2025-10-08T08:06:00Z,9.0,0.18333333333333332,both_options
2025-10-08T08:06:00Z,2025-10-08T08:39:00Z,9.0,0.55,both_options
2025-10-08T08:39:00Z,2025-10-08T08:55:00Z,9.0,0.26666666666666666,both_options
2025-10-08T08:55:00Z,2025-10-08T09:55:00Z,9.0,1.0,both_options
2025-10-08T09:55:00Z,2025-10-08T10:55:00Z,9.0,1.0,both_options
2025-10-08T10:55:00Z,2025-10-08T11:55:00Z,9.0,1.0,both_options
2025-10-08T11:55:00Z,2025-10-08T12:55:00Z,9.0,1.0,both_options
2025-10-08T12:55:00Z,2025-10-08T13:55:00Z,9.0,1.0,both_options
2025-10-08T13:55:00Z,2025-10-08T14:55:00Z,9.0,1.0,both_options
2025-10-08T14:55:00Z,2025-10-08T15:55:00Z,8.0,1.0,both_options
2025-10-08T15:55:00Z,2025-10-08T16:55:00Z,8.0,1.0,both_options
2025-10-08T16:55:00Z,2025-10-08T17:55:00Z,8.0,1.0,both_options
2025-10-08T17:55:00Z,2025-10-08T18:55:00Z,10.0,1.0,both_options
2025-10-08T18:55:00Z,2025-10-08T19:55:00Z,10.0,1.0,both_options
2025-10-08T19:55:00Z,2025-10-08T20:55:00Z,10.0,1.0,both_options
2025-10-08T20:55:00Z,2025-10-08T21:55:00Z,10.0,1.0,both_options
2025-10-08T21:55:00Z,2025-10-08T22:55:00Z,10.0,1.0,both_options
2025-10-08T22:55:00Z,2025-10-08T23:55:00Z,10.0,1.0,both_options
2025-10-08T23:55:00Z,2025-10-09T00:55:00Z,10.0,1.0,both_options
2025-10-09T00:55:00Z,2025-10-09T01:55:00Z,10.0,1.0,both_options
2025-10-09T01:55:00Z,2025-10-09T02:55:00Z,10.0,1.0,both_options
2025-10-09T02:55:00Z,2025-10-09T03:55:00Z,10.0,1.0,both_options
2025-10-09T03:55:00Z,2025-10-09T04:55:00Z,10.0,1.0,both_options
2025-10-09T04:55:00Z,2025-10-09T05:55:00Z,10.0,1.0,both_options
2025-10-09T05:55:00Z,2025-10-09T06:55:00Z,10.0,1.0,both_options
2025-10-09T06:55:00Z,2025-10-09T07:55:00Z,10.0,1.0,both_options
2025-10-09T07:55:00Z,2025-10-09T08:55:00Z,10.0,1.0,both_options
2025-10-09T08:55:00Z,2025-10-09T09:55:00Z,10.0,1.0,both_options
2025-10-09T09:55:00Z,2025-10-09T10:55:00Z,10.0,1.0,both_options
2025-10-09T10:55:00Z,2025-10-09T11:55:00Z,10.0,1.0,both_options
2025-10-09T11:55:00Z,2025-10-09T12:55:00Z,10.0,1.0,both_options
2025-10-09T12:55:00Z,2025-10-09T13:55:00Z,10.0,1.0,both_options
2025-10-09T13:55:00Z,2025-10-09T14:55:00Z,10.0,1.0,both_options
2025-10-09T14:55:00Z,2025-10-09T15:55:00Z,10.0,1.0,both_options
2025-10-09T15:55:00Z,2025-10-09T16:55:00Z,10.0,1.0,both_options
2025-10-09T16:55:00Z,2025-10-09T17:55:00Z,10.0,1.0,both_options
2025-10-09T17:55:00Z,2025-10-09T18:55:00Z,10.0,1.0,both_options
2025-10-09T18:55:00Z,2025-10-09T19:55:00Z,10.0,1.0,both_options
2025-10-09T19:55:00Z,2025-10-09T20:55:00Z,10.0,1.0,both_options
2025-10-09T20:55:00Z,2025-10-09T21:55:00Z,10.0,1.0,both_options
2025-10-09T21:55:00Z,2025-10-09T22:55:00Z,10.0,1.0,both_options
2025-10-09T22:55:00Z,2025-10-09T23:55:00Z,10.0,1.0,both_options
2025-10-09T23:55:00Z,2025-10-10T00:55:00Z,10.0,1.0,both_options
2025-10-10T00:55:00Z,2025-10-10T01:55:00Z,10.0,1.0,both_options
2025-10-10T01:55:00Z,2025-10-10T02:55:00Z,10.0,1.0,both_options
2025-10-10T02:55:00Z,2025-10-10T03:55:00Z,10.0,1.0,both_options
2025-10-10T03:55:00Z,2025-10-10T04:55:00Z,10.0,1.0,both_options
2025-10-10T04:55:00Z,2025-10-10T05:55:00Z,8.0,1.0,both_options
2025-10-10T05:55:00Z,2025-10-10T06:55:00Z,10.0,1.0,both_options
2025-10-10T06:55:00Z,2025-10-10T07:55:00Z,10.0,1.0,both_options
2025-10-10T07:55:00Z,2025-10-10T08:55:00Z,10.0,1.0,both_options
2025-10-10T08:55:00Z,2025-10-10T09:55:00Z,10.0,1.0,both_options
2025-10-10T09:55:00Z,2025-10-10T10:55:00Z,10.0,1.0,both_options
2025-10-10T10:55:00Z,2025-10-10T11:55:00Z,8.0,1.0,both_options
2025-10-10T11:55:00Z,2025-10-10T12:55:00Z,10.0,1.0,both_options
2025-10-10T12:55:00Z,2025-10-10T13:55:00Z,10.0,1.0,both_options
2025-10-10T13:55:00Z,2025-10-10T14:55:00Z,10.0,1.0,both_options
2025-10-10T14:55:00Z,2025-10-10T15:55:00Z,9.0,1.0,both_options
2025-10-10T15:55:00Z,2025-10-10T16:55:00Z,9.0,1.0,both_options
2025-10-10T16:55:00Z,2025-10-10T17:55:00Z,10.0,1.0,both_options
2025-10-10T17:55:00Z,2025-10-10T18:55:00Z,10.0,1.0,both_options
2025-10-10T18:55:00Z,2025-10-10T19:55:00Z,10.0,1.0,both_options
2025-10-10T19:55:00Z,2025-10-10T20:55:00Z,10.0,1.0,both_options
2025-10-10T20:55:00Z,2025-10-10T21:55:00Z,10.0,1.0,both_options
2025-10-10T21:55:00Z,2025-10-10T22:55:00Z,10.0,1.0,both_options
2025-10-10T22:55:00Z,2025-10-10T23:55:00Z,10.0,1.0,both_options
2025-10-10T23:55:00Z,2025-10-11T00:55:00Z,10.0,1.0,both_options
2025-10-11T00:55:00Z,2025-10-11T01:55:00Z,10.0,1.0,both_options
2025-10-11T01:55:00Z,2025-10-11T02:55:00Z,10.0,1.0,both_options
2025-10-11T02:55:00Z,2025-10-11T03:55:00Z,10.0,1.0,both_options
2025-10-11T03:55:00Z,2025-10-11T04:55:00Z,10.0,1.0,both_options
2025-10-11T04:55:00Z,2025-10-11T05:55:00Z,10.0,1.0,both_options
2025-10-11T05:55:00Z,2025-10-11T06:55:00Z,10.0,1.0,both_options
2025-10-11T06:55:00Z,2025-10-11T07:11:00Z,8.0,0.26666666666666666,both_options
2025-10-11T07:11:00Z,2025-10-11T07:20:00Z,2.0,0.15,both_options
2025-10-11T07:20:00Z,2025-10-11T07:55:00Z,8.0,0.5833333333333334,both_options
2025-10-11T07:55:00Z,2025-10-11T08:55:00Z,10.0,1.0,both_options
2025-10-11T08:55:00Z,2025-10-11T09:19:00Z,10.0,0.4,both_options
2025-10-11T09:19:00Z,2025-10-11T09:29:00Z,7.0,0.16666666666666666,both_options
2025-10-11T09:29:00Z,2025-10-11T09:55:00Z,10.0,0.43333333333333335,both_options
2025-10-11T09:55:00Z,2025-10-11T10:21:00Z,10.0,0.43333333333333335,both_options
2025-10-11T10:21:00Z,2025-10-11T10:55:00Z,5.0,0.5666666666666667,both_options
2025-10-11T10:55:00Z,2025-10-11T11:55:00Z,10.0,1.0,both_options
2025-10-11T11:55:00Z,2025-10-11T12:55:00Z,10.0,1.0,both_options
2025-10-11T12:55:00Z,2025-10-11T13:55:00Z,5.0,1.0,both_options
2025-10-11T13:55:00Z,2025-10-11T14:55:00Z,10.0,1.0,both_options
2025-10-11T14:55:00Z,2025-10-11T15:55:00Z,8.0,1.0,both_options
2025-10-11T15:55:00Z,2025-10-11T16:55:00Z,10.0,1.0,both_options
2025-10-11T16:55:00Z,2025-10-11T17:55:00Z,10.0,1.0,both_options
2025-10-11T17:55:00Z,2025-10-11T18:40:00Z,10.0,0.75,both_options
2025-10-11T18:40:00Z,2025-10-11T18:55:00Z,10.0,0.25,both_options
2025-10-11T18:55:00Z,2025-10-11T19:55:00Z,10.0,1.0,both_options
2025-10-11T19:55:00Z,2025-10-11T20:20:00Z,10.0,0.4166666666666667,both_options
2025-10-11T20:20:00Z,2025-10-11T20:55:00Z,10.0,0.5833333333333334,both_options
2025-10-11T20:55:00Z,2025-10-11T21:14:00Z,10.0,0.31666666666666665,both_options
2025-10-11T21:14:00Z,2025-10-11T21:46:00Z,10.0,0.5333333333333333,both_options
2025-10-11T21:46:00Z,2025-10-11T21:55:00Z,8.0,0.15,both_options
2025-10-11T21:55:00Z,2025-10-11T22:23:00Z,8.0,0.4666666666666667,both_options
2025-10-11T22:23:00Z,2025-10-11T22:55:00Z,7.0,0.5333333333333333,both_options
2025-10-11T22:55:00Z,2025-10-11T23:55:00Z,7.0,1.0,both_options
2025-10-11T23:55:00Z,2025-10-12T00:55:00Z,9.0,1.0,both_options
2025-10-12T00:55:00Z,2025-10-12T01:55:00Z,8.0,1.0,both_options
2025-10-12T01:55:00Z,2025-10-12T02:55:00Z,8.0,1.0,both_options
2025-10-12T02:55:00Z,2025-10-12T03:55:00Z,9.0,1.0,both_options
2025-10-12T03:55:00Z,2025-10-12T04:55:00Z,8.0,1.0,both_options
2025-10-12T04:55:00Z,2025-10-12T05:55:00Z,8.0,1.0,both_options
2025-10-12T05:55:00Z,2025-10-12T06:09:00Z,8.0,0.23333333333333334,both_options
2025-10-12T06:09:00Z,2025-10-12T06:21:00Z,4.0,0.2,both_options
2025-10-12T06:21:00Z,2025-10-12T06:35:00Z,8.0,0.23333333333333334,both_options
2025-10-12T06:35:00Z,2025-10-12T06:55:00Z,7.0,0.3333333333333333,both_options
2025-10-12T06:55:00Z,2025-10-12T07:09:00Z,7.0,0.23333333333333334,both_options
2025-10-12T07:09:00Z,2025-10-12T07:24:00Z,8.0,0.25,both_options
2025-10-12T07:24:00Z,2025-10-12T07:42:00Z,8.0,0.3,both_options
2025-10-12T07:42:00Z,2025-10-12T07:55:00Z,8.0,0.21666666666666667,both_options
2025-10-12T07:55:00Z,2025-10-12T08:55:00Z,9.0,1.0,both_options
2025-10-12T08:55:00Z,2025-10-12T09:55:00Z,9.0,1.0,both_options
2025-10-12T09:55:00Z,2025-10-12T10:55:00Z,9.0,1.0,both_options
2025-10-12T10:55:00Z,2025-10-12T11:55:00Z,10.0,1.0,both_options
2025-10-12T11:55:00Z,2025-10-12T12:55:00Z,9.0,1.0,both_options
2025-10-12T12:55:00Z,2025-10-12T13:55:00Z,9.0,1.0,both_options
2025-10-12T13:55:00Z,2025-10-12T14:55:00Z,8.0,1.0,both_options
2025-10-12T14:55:00Z,2025-10-12T15:55:00Z,7.0,1.0,both_options
2025-10-12T15:55:00Z,2025-10-12T16:20:00Z,5.0,0.4166666666666667,both_options
2025-10-12T16:20:00Z,2025-10-12T16:27:00Z,1.75,0.11666666666666667,both_options
2025-10-12T16:27:00Z,2025-10-12T16:37:00Z,1.25,0.16666666666666666,both_options
2025-10-12T16:37:00Z,2025-10-12T16:55:00Z,2.0,0.3,both_options
2025-10-12T16:55:00Z,2025-10-12T17:55:00Z,3.0,1.0,both_options
2025-10-12T17:55:00Z,2025-10-12T18:55:00Z,10.0,1.0,both_options
2025-10-12T18:55:00Z,2025-10-12T19:55:00Z,9.0,1.0,both_options
2025-10-12T19:55:00Z,2025-10-12T20:34:00Z,8.0,0.65,both_options
2025-10-12T20:34:00Z,2025-10-12T20:55:00Z,2.0,0.35,both_options
2025-10-12T20:55:00Z,2025-10-12T21:55:00Z,5.0,1.0,both_options
2025-10-12T21:55:00Z,2025-10-12T22:55:00Z,10.0,1.0,both_options
2025-10-12T22:55:00Z,2025-10-12T23:55:00Z,8.0,1.0,both_options
2025-10-12T23:55:00Z,2025-10-13T00:55:00Z,9.0,1.0,both_options
2025-10-13T00:55:00Z,2025-10-13T01:55:00Z,9.0,1.0,both_options
2025-10-13T01:55:00Z,2025-10-13T02:55:00Z,10.0,1.0,both_options
2025-10-13T02:55:00Z,2025-10-13T03:55:00Z,10.0,1.0,both_options
2025-10-13T03:55:00Z,2025-10-13T04:55:00Z,10.0,1.0,both_options
2025-10-13T04:55:00Z,2025-10-13T05:20:00Z,10.0,0.4166666666666667,both_options
2025-10-13T05:20:00Z,2025-10-13T05:35:00Z,9.0,0.25,both_options
2025-10-13T05:35:00Z,2025-10-13T05:55:00Z,8.0,0.3333333333333333,both_options
2025-10-13T05:55:00Z,2025-10-13T06:14:00Z,2.5,0.31666666666666665,both_options
2025-10-13T06:14:00Z,2025-10-13T06:26:00Z,3.0,0.2,both_options
2025-10-13T06:26:00Z,2025-10-13T06:34:00Z,2.5,0.13333333333333333,both_options
2025-10-13T06:34:00Z,2025-10-13T06:55:00Z,4.0,0.35,both_options
2025-10-13T06:55:00Z,2025-10-13T07:55:00Z,9.0,1.0,both_options
2025-10-13T07:55:00Z,2025-10-13T08:55:00Z,10.0,1.0,both_options
2025-10-13T08:55:00Z,2025-10-13T09:55:00Z,10.0,1.0,both_options
2025-10-13T09:55:00Z,2025-10-13T10:26:00Z,10.0,0.5166666666666667,both_options
2025-10-13T10:26:00Z,2025-10-13T10:47:00Z,10.0,0.35,both_options
2025-10-13T10:47:00Z,2025-10-13T10:55:00Z,10.0,0.13333333333333333,both_options
2025-10-13T10:55:00Z,2025-10-13T11:55:00Z,10.0,1.0,both_options
2025-10-13T11:55:00Z,2025-10-13T12:55:00Z,10.0,1.0,both_options
2025-10-13T12:55:00Z,2025-10-13T13:27:00Z,10.0,0.5333333333333333,both_options
2025-10-13T13:27:00Z,2025-10-13T13:47:00Z,10.0,0.3333333333333333,both_options
2025-10-13T13:47:00Z,2025-10-13T13:55:00Z,10.0,0.13333333333333333,both_options
2025-10-13T13:55:00Z,2025-10-13T14:55:00Z,10.0,1.0,both_options
2025-10-13T14:55:00Z,2025-10-13T15:55:00Z,10.0,1.0,both_options
2025-10-13T15:55:00Z,2025-10-13T16:55:00Z,10.0,1.0,both_options
2025-10-13T16:55:00Z,2025-10-13T17:55:00Z,10.0,1.0,both_options
2025-10-13T17:55:00Z,2025-10-13T18:55:00Z,10.0,1.0,both_options
2025-10-13T18:55:00Z,2025-10-13T19:55:00Z,10.0,1.0,both_options
2025-10-13T19:55:00Z,2025-10-13T20:55:00Z,10.0,1.0,both_options
2025-10-13T20:55:00Z,2025-10-13T21:55:00Z,10.0,1.0,both_options
2025-10-13T21:55:00Z,2025-10-13T22:55:00Z,10.0,1.0,both_options
2025-10-13T22:55:00Z,2025-10-13T23:55:00Z,10.0,1.0,both_options
2025-10-13T23:55:00Z,2025-10-14T00:55:00Z,10.0,1.0,both_options
2025-10-14T00:55:00Z,2025-10-14T01:55:00Z,10.0,1.0,both_options
2025-10-14T01:55:00Z,2025-10-14T02:55:00Z,10.0,1.0,both_options
2025-10-14T02:55:00Z,2025-10-14T03:55:00Z,10.0,1.0,both_options
2025-10-14T03:55:00Z,2025-10-14T04:55:00Z,10.0,1.0,both_options
2025-10-14T04:55:00Z,2025-10-14T05:55:00Z,10.0,1.0,both_options
2025-10-14T05:55:00Z,2025-10-14T06:55:00Z,10.0,1.0,both_options
2025-10-14T06:55:00Z,2025-10-14T07:55:00Z,10.0,1.0,both_options
2025-10-14T07:55:00Z,2025-10-14T08:55:00Z,10.0,1.0,both_options
2025-10-14T08:55:00Z,2025-10-14T09:55:00Z,10.0,1.0,both_options
2025-10-14T09:55:00Z,2025-10-14T10:55:00Z,10.0,1.0,both_options
2025-10-14T10:55:00Z,2025-10-14T11:55:00Z,10.0,1.0,both_options
2025-10-14T11:55:00Z,2025-10-14T12:55:00Z,10.0,1.0,both_options
2025-10-14T12:55:00Z,2025-10-14T13:55:00Z,10.0,1.0,both_options
2025-10-14T13:55:00Z,2025-10-14T14:55:00Z,10.0,1.0,both_options
2025-10-14T14:55:00Z,2025-10-14T15:55:00Z,10.0,1.0,both_options
2025-10-14T15:55:00Z,2025-10-14T16:55:00Z,10.0,1.0,both_options
2025-10-14T16:55:00Z,2025-10-14T17:55:00Z,10.0,1.0,both_options
2025-10-14T17:55:00Z,2025-10-14T18:55:00Z,10.0,1.0,both_options
2025-10-14T18:55:00Z,2025-10-14T19:55:00Z,10.0,1.0,both_options
2025-10-14T19:55:00Z,2025-10-14T20:55:00Z,10.0,1.0,both_options
2025-10-14T20:55:00Z,2025-10-14T21:55:00Z,10.0,1.0,both_options
2025-10-14T21:55:00Z,2025-10-14T22:55:00Z,10.0,1.0,both_options
2025-10-14T22:55:00Z,2025-10-14T23:55:00Z,10.0,1.0,both_options
2025-10-14T23:55:00Z,2025-10-15T00:55:00Z,10.0,1.0,both_options
2025-10-15T00:55:00Z,2025-10-15T01:55:00Z,10.0,1.0,both_options
2025-10-15T01:55:00Z,2025-10-15T02:55:00Z,10.0,1.0,both_options
2025-10-15T02:55:00Z,2025-10-15T03:55:00Z,10.0,1.0,both_options
2025-10-15T03:55:00Z,2025-10-15T04:55:00Z,10.0,1.0,both_options
2025-10-15T04:55:00Z,2025-10-15T05:55:00Z,10.0,1.0,both_options
2025-10-15T05:55:00Z,2025-10-15T06:55:00Z,10.0,1.0,both_options
2025-10-15T06:55:00Z,2025-10-15T07:55:00Z,10.0,1.0,both_options
2025-10-15T07:55:00Z,2025-10-15T08:55:00Z,10.0,1.0,both_options
2025-10-15T08:55:00Z,2025-10-15T09:55:00Z,10.0,1.0,both_options
2025-10-15T09:55:00Z,2025-10-15T10:55:00Z,10.0,1.0,both_options
2025-10-15T10:55:00Z,2025-10-15T11:55:00Z,10.0,1.0,both_options
2025-10-15T11:55:00Z,2025-10-15T12:55:00Z,10.0,1.0,both_options
2025-10-15T12:55:00Z,2025-10-15T13:55:00Z,10.0,1.0,both_options
2025-10-15T13:55:00Z,2025-10-15T14:55:00Z,10.0,1.0,both_options
2025-10-15T14:55:00Z,2025-10-15T15:55:00Z,10.0,1.0,both_options
2025-10-15T15:55:00Z,2025-10-15T16:55:00Z,10.0,1.0,both_options
2025-10-15T16:55:00Z,2025-10-15T17:55:00Z,10.0,1.0,both_options
2025-10-15T17:55:00Z,2025-10-15T18:55:00Z,10.0,1.0,both_options
2025-10-15T18:55:00Z,2025-10-15T19:55:00Z,10.0,1.0,both_options
2025-10-15T19:55:00Z,2025-10-15T20:55:00Z,10.0,1.0,both_options
2025-10-15T20:55:00Z,2025-10-15T21:55:00Z,10.0,1.0,both_options
2025-10-15T21:55:00Z,2025-10-15T22:55:00Z,10.0,1.0,both_options
2025-10-15T22:55:00Z,2025-10-15T23:55:00Z,10.0,1.0,both_options
2025-10-15T23:55:00Z,2025-10-16T00:55:00Z,10.0,1.0,both_options
2025-10-16T00:55:00Z,2025-10-16T01:55:00Z,10.0,1.0,both_options
2025-10-16T01:55:00Z,2025-10-16T02:55:00Z,10.0,1.0,both_options
2025-10-16T02:55:00Z,2025-10-16T03:55:00Z,10.0,1.0,both_options
2025-10-16T03:55:00Z,2025-10-16T04:55:00Z,10.0,1.0,both_options
2025-10-16T04:55:00Z,2025-10-16T05:55:00Z,10.0,1.0,both_options
2025-10-16T05:55:00Z,2025-10-16T06:55:00Z,10.0,1.0,both_options
2025-10-16T06:55:00Z,2025-10-16T07:55:00Z,10.0,1.0,both_options
2025-10-16T07:55:00Z,2025-10-16T08:55:00Z,10.0,1.0,both_options
2025-10-16T08:55:00Z,2025-10-16T09:55:00Z,10.0,1.0,both_options
2025-10-16T09:55:00Z,2025-10-16T10:55:00Z,10.0,1.0,both_options
2025-10-16T10:55:00Z,2025-10-16T11:55:00Z,10.0,1.0,both_options
2025-10-16T11:55:00Z,2025-10-16T12:55:00Z,10.0,1.0,both_options
2025-10-16T12:55:00Z,2025-10-16T13:55:00Z,10.0,1.0,both_options
2025-10-16T13:55:00Z,2025-10-16T14:55:00Z,10.0,1.0,both_options
2025-10-16T14:55:00Z,2025-10-16T15:55:00Z,10.0,1.0,both_options
2025-10-16T15:55:00Z,2025-10-16T16:55:00Z,10.0,1.0,both_options
2025-10-16T16:55:00Z,2025-10-16T17:55:00Z,10.0,1.0,both_options
2025-10-16T17:55:00Z,2025-10-16T18:55:00Z,10.0,1.0,both_options
2025-10-16T18:55:00Z,2025-10-16T19:50:00Z,10.0,0.9166666666666666,both_options
2025-10-16T19:50:00Z,2025-10-16T19:55:00Z,10.0,0.08333333333333333,both_options
2025-10-16T19:55:00Z,2025-10-16T20:24:00Z,10.0,0.48333333333333334,both_options
2025-10-16T20:24:00Z,2025-10-16T20:55:00Z,10.0,0.5166666666666667,both_options
2025-10-16T20:55:00Z,2025-10-16T21:07:00Z,10.0,0.2,both_options
2025-10-16T21:07:00Z,2025-10-16T21:55:00Z,10.0,0.8,both_options
2025-10-16T21:55:00Z,2025-10-16T22:55:00Z,10.0,1.0,both_options
2025-10-16T22:55:00Z,2025-10-16T23:55:00Z,10.0,1.0,both_options
2025-10-16T23:55:00Z,2025-10-17T00:55:00Z,9.0,1.0,both_options
2025-10-17T00:55:00Z,2025-10-17T01:06:00Z,10.0,0.18333333333333332,both_options
2025-10-17T01:06:00Z,2025-10-17T01:37:00Z,10.0,0.5166666666666667,both_options
2025-10-17T01:37:00Z,2025-10-17T01:55:00Z,10.0,0.3,both_options
2025-10-17T01:55:00Z,2025-10-17T02:04:00Z,10.0,0.15,both_options
2025-10-17T02:04:00Z,2025-10-17T02:16:00Z,10.0,0.2,both_options
2025-10-17T02:16:00Z,2025-10-17T02:55:00Z,10.0,0.65,both_options
2025-10-17T02:55:00Z,2025-10-17T03:55:00Z,10.0,1.0,both_options
2025-10-17T03:55:00Z,2025-10-17T04:05:00Z,10.0,0.16666666666666666,both_options
2025-10-17T04:05:00Z,2025-10-17T04:55:00Z,10.0,0.8333333333333334,both_options
2025-10-17T04:55:00Z,2025-10-17T05:55:00Z,10.0,1.0,both_options
2025-10-17T05:55:00Z,2025-10-17T06:55:00Z,10.0,1.0,both_options
2025-10-17T06:55:00Z,2025-10-17T07:55:00Z,10.0,1.0,both_options
2025-10-17T07:55:00Z,2025-10-17T08:36:00Z,10.0,0.6833333333333333,both_options
2025-10-17T08:36:00Z,2025-10-17T08:55:00Z,10.0,0.31666666666666665,both_options
2025-10-17T08:55:00Z,2025-10-17T09:55:00Z,9.0,1.0,both_options
2025-10-17T09:55:00Z,2025-10-17T10:55:00Z,7.0,1.0,both_options
2025-10-17T10:55:00Z,2025-10-17T11:08:00Z,3.0,0.21666666666666667,both_options
2025-10-17T11:08:00Z,2025-10-17T11:16:00Z,1.75,0.13333333333333333,both_options
2025-10-17T11:16:00Z,2025-10-17T11:24:00Z,2.5,0.13333333333333333,both_options
2025-10-17T11:24:00Z,2025-10-17T11:40:00Z,4.0,0.26666666666666666,both_options
2025-10-17T11:40:00Z,2025-10-17T11:50:00Z,2.5,0.16666666666666666,both_options
2025-10-17T11:50:00Z,2025-10-17T11:55:00Z,3.0,0.08333333333333333,both_options
2025-10-17T11:55:00Z,2025-10-17T12:04:00Z,3.0,0.15,both_options
2025-10-17T12:04:00Z,2025-10-17T12:11:00Z,5.0,0.11666666666666667,both_options
2025-10-17T12:11:00Z,2025-10-17T12:55:00Z,5.0,0.7333333333333333,both_options
2025-10-17T12:55:00Z,2025-10-17T13:25:00Z,4.0,0.5,both_options
2025-10-17T13:25:00Z,2025-10-17T13:48:00Z,4.0,0.38333333333333336,both_options
2025-10-17T13:48:00Z,2025-10-17T13:55:00Z,10.0,0.11666666666666667,both_options
2025-10-17T13:55:00Z,2025-10-17T14:05:00Z,10.0,0.16666666666666666,both_options
2025-10-17T14:05:00Z,2025-10-17T14:52:00Z,9.0,0.7833333333333333,both_options
2025-10-17T14:52:00Z,2025-10-17T14:55:00Z,8.0,0.05,both_options
2025-10-17T14:55:00Z,2025-10-17T15:55:00Z,8.0,1.0,both_options
2025-10-17T15:55:00Z,2025-10-17T16:55:00Z,7.0,1.0,both_options
2025-10-17T16:55:00Z,2025-10-17T17:55:00Z,8.0,1.0,both_options
2025-10-17T17:55:00Z,2025-10-17T18:55:00Z,9.0,1.0,both_options
2025-10-17T18:55:00Z,2025-10-17T19:55:00Z,9.0,1.0,both_options
2025-10-17T19:55:00Z,2025-10-17T20:55:00Z,9.0,1.0,both_options
2025-10-17T20:55:00Z,2025-10-17T21:55:00Z,9.0,1.0,both_options
2025-10-17T21:55:00Z,2025-10-17T22:55:00Z,10.0,1.0,both_options
2025-10-17T22:55:00Z,2025-10-17T23:55:00Z,9.0,1.0,both_options
2025-10-17T23:55:00Z,2025-10-18T00:55:00Z,9.0,1.0,both_options
2025-10-18T00:55:00Z,2025-10-18T01:55:00Z,8.0,1.0,both_options
2025-10-18T01:55:00Z,2025-10-18T02:12:00Z,9.0,0.2833333333333333,both_options
2025-10-18T02:12:00Z,2025-10-18T02:43:00Z,8.0,0.5166666666666667,both_options
2025-10-18T02:43:00Z,2025-10-18T02:55:00Z,8.0,0.2,both_options
2025-10-18T02:55:00Z,2025-10-18T03:18:00Z,7.0,0.38333333333333336,both_options
2025-10-18T03:18:00Z,2025-10-18T03:55:00Z,7.0,0.6166666666666667,both_options
2025-10-18T03:55:00Z,2025-10-18T04:55:00Z,7.0,1.0,both_options
2025-10-18T04:55:00Z,2025-10-18T05:07:00Z,7.0,0.2,both_options
2025-10-18T05:07:00Z,2025-10-18T05:55:00Z,7.0,0.8,both_options
2025-10-18T05:55:00Z,2025-10-18T06:55:00Z,5.0,1.0,both_options
2025-10-18T06:55:00Z,2025-10-18T07:46:00Z,7.0,0.85,both_options
2025-10-18T07:46:00Z,2025-10-18T07:55:00Z,5.0,0.15,both_options
2025-10-18T07:55:00Z,2025-10-18T08:01:00Z,6.0,0.1,both_options
2025-10-18T08:01:00Z,2025-10-18T08:03:00Z,2.0,0.03333333333333333,both_options
2025-10-18T08:03:00Z,2025-10-18T08:15:00Z,1.25,0.2,both_options
2025-10-18T08:15:00Z,2025-10-18T08:17:00Z,2.0,0.03333333333333333,both_options
2025-10-18T08:17:00Z,2025-10-18T08:35:00Z,4.0,0.3,both_options
2025-10-18T08:35:00Z,2025-10-18T08:55:00Z,5.0,0.3333333333333333,both_options
2025-10-18T08:55:00Z,2025-10-18T09:55:00Z,8.0,1.0,both_options
2025-10-18T09:55:00Z,2025-10-18T10:26:00Z,9.0,0.5166666666666667,both_options
2025-10-18T10:26:00Z,2025-10-18T10:34:00Z,8.0,0.13333333333333333,both_options
2025-10-18T10:34:00Z,2025-10-18T10:44:00Z,8.0,0.16666666666666666,both_options
2025-10-18T10:44:00Z,2025-10-18T10:53:00Z,7.0,0.15,both_options
2025-10-18T10:53:00Z,2025-10-18T10:55:00Z,8.0,0.03333333333333333,both_options
2025-10-18T10:55:00Z,2025-10-18T11:19:00Z,9.0,0.4,both_options
2025-10-18T11:19:00Z,2025-10-18T11:40:00Z,1.75,0.35,both_options
2025-10-18T11:40:00Z,2025-10-18T11:55:00Z,0.75,0.25,lower_only
2025-10-18T11:55:00Z,2025-10-18T12:02:00Z,0.5,0.11666666666666667,neither_option
2025-10-18T12:02:00Z,2025-10-18T12:33:00Z,0.25,0.5166666666666667,neither_option
2025-10-18T12:33:00Z,2025-10-18T12:55:00Z,0.5,0.36666666666666664,neither_option
2025-10-18T12:55:00Z,2025-10-18T13:09:00Z,0.5,0.23333333333333334,neither_option
2025-10-18T13:09:00Z,2025-10-18T13:31:00Z,0.25,0.36666666666666664,neither_option
2025-10-18T13:31:00Z,2025-10-18T13:36:00Z,0.5,0.08333333333333333,neither_option
2025-10-18T13:36:00Z,2025-10-18T13:38:00Z,1.75,0.03333333333333333,both_options
2025-10-18T13:38:00Z,2025-10-18T13:55:00Z,4.0,0.2833333333333333,both_options
2025-10-18T13:55:00Z,2025-10-18T14:04:00Z,9.0,0.15,both_options
2025-10-18T14:04:00Z,2025-10-18T14:55:00Z,10.0,0.85,both_options
2025-10-18T14:55:00Z,2025-10-18T15:55:00Z,,1.0,unknown
2025-10-18T15:55:00Z,2025-10-18T16:55:00Z,6.0,1.0,both_options
2025-10-18T16:55:00Z,2025-10-18T17:55:00Z,,1.0,unknown
2025-10-18T17:55:00Z,2025-10-18T18:55:00Z,,1.0,unknown
2025-10-18T18:55:00Z,2025-10-18T19:55:00Z,,1.0,unknown
2025-10-18T19:55:00Z,2025-10-18T20:55:00Z,8.0,1.0,both_options
2025-10-18T20:55:00Z,2025-10-18T21:55:00Z,7.0,1.0,both_options
2025-10-18T21:55:00Z,2025-10-18T22:55:00Z,6.0,1.0,both_options
2025-10-18T22:55:00Z,2025-10-18T23:55:00Z,6.0,1.0,both_options
2025-10-18T23:55:00Z,2025-10-19T00:55:00Z,7.0,1.0,both_options
2025-10-19T00:55:00Z,2025-10-19T01:55:00Z,6.0,1.0,both_options
2025-10-19T01:55:00Z,2025-10-19T02:55:00Z,10.0,1.0,both_options
2025-10-19T02:55:00Z,2025-10-19T03:55:00Z,10.0,1.0,both_options
2025-10-19T03:55:00Z,2025-10-19T04:31:00Z,10.0,0.6,both_options
2025-10-19T04:31:00Z,2025-10-19T04:55:00Z,10.0,0.4,both_options
2025-10-19T04:55:00Z,2025-10-19T05:55:00Z,8.0,1.0,both_options
2025-10-19T05:55:00Z,2025-10-19T06:08:00Z,3.0,0.21666666666666667,both_options
2025-10-19T06:08:00Z,2025-10-19T06:12:00Z,4.0,0.06666666666666667,both_options
2025-10-19T06:12:00Z,2025-10-19T06:20:00Z,2.5,0.13333333333333333,both_options
2025-10-19T06:20:00Z,2025-10-19T06:27:00Z,2.5,0.11666666666666667,both_options
2025-10-19T06:27:00Z,2025-10-19T06:29:00Z,2.0,0.03333333333333333,both_options
2025-10-19T06:29:00Z,2025-10-19T06:45:00Z,1.75,0.26666666666666666,both_options
2025-10-19T06:45:00Z,2025-10-19T06:55:00Z,2.0,0.16666666666666666,both_options
2025-10-19T06:55:00Z,2025-10-19T07:05:00Z,2.5,0.16666666666666666,both_options
2025-10-19T07:05:00Z,2025-10-19T07:18:00Z,3.0,0.21666666666666667,both_options
2025-10-19T07:18:00Z,2025-10-19T07:55:00Z,6.0,0.6166666666666667,both_options
2025-10-19T07:55:00Z,2025-10-19T08:11:00Z,9.0,0.26666666666666666,both_options
2025-10-19T08:11:00Z,2025-10-19T08:18:00Z,9.0,0.11666666666666667,both_options
2025-10-19T08:18:00Z,2025-10-19T08:51:00Z,9.0,0.55,both_options
2025-10-19T08:51:00Z,2025-10-19T08:55:00Z,9.0,0.06666666666666667,both_options
2025-10-19T08:55:00Z,2025-10-19T09:10:00Z,9.0,0.25,both_options
2025-10-19T09:10:00Z,2025-10-19T09:55:00Z,9.0,0.75,both_options
2025-10-19T09:55:00Z,2025-10-19T10:09:00Z,8.0,0.23333333333333334,both_options
2025-10-19T10:09:00Z,2025-10-19T10:21:00Z,8.0,0.2,both_options
2025-10-19T10:21:00Z,2025-10-19T10:55:00Z,8.0,0.5666666666666667,both_options
2025-10-19T10:55:00Z,2025-10-19T11:55:00Z,9.0,1.0,both_options
2025-10-19T11:55:00Z,2025-10-19T12:55:00Z,8.0,1.0,both_options
2025-10-19T12:55:00Z,2025-10-19T13:34:00Z,9.0,0.65,both_options
2025-10-19T13:34:00Z,2025-10-19T13:41:00Z,5.0,0.11666666666666667,both_options
2025-10-19T13:41:00Z,2025-10-19T13:55:00Z,4.0,0.23333333333333334,both_options
2025-10-19T13:55:00Z,2025-10-19T14:19:00Z,9.0,0.4,both_options
2025-10-19T14:19:00Z,2025-10-19T14:55:00Z,7.0,0.6,both_options
2025-10-19T14:55:00Z,2025-10-19T15:00:00Z,5.0,0.08333333333333333,both_options
2025-10-19T15:00:00Z,2025-10-19T15:06:00Z,1.75,0.1,both_options
2025-10-19T15:06:00Z,2025-10-19T15:41:00Z,3.0,0.5833333333333334,both_options
2025-10-19T15:41:00Z,2025-10-19T15:55:00Z,8.0,0.23333333333333334,both_options
2025-10-19T15:55:00Z,2025-10-19T16:04:00Z,7.0,0.15,both_options
2025-10-19T16:04:00Z,2025-10-19T16:55:00Z,7.0,0.85,both_options
2025-10-19T16:55:00Z,2025-10-19T17:55:00Z,7.0,1.0,both_options
2025-10-19T17:55:00Z,2025-10-19T18:55:00Z,7.0,1.0,both_options
2025-10-19T18:55:00Z,2025-10-19T19:06:00Z,7.0,0.18333333333333332,both_options
2025-10-19T19:06:00Z,2025-10-19T19:15:00Z,2.0,0.15,both_options
2025-10-19T19:15:00Z,2025-10-19T19:55:00Z,6.0,0.6666666666666666,both_options
2025-10-19T19:55:00Z,2025-10-19T20:55:00Z,8.0,1.0,both_options
2025-10-19T20:55:00Z,2025-10-19T21:08:00Z,7.0,0.21666666666666667,both_options
2025-10-19T21:08:00Z,2025-10-19T21:21:00Z,7.0,0.21666666666666667,both_options
2025-10-19T21:21:00Z,2025-10-19T21:55:00Z,7.0,0.5666666666666667,both_options
2025-10-19T21:55:00Z,2025-10-19T22:55:00Z,9.0,1.0,both_options
2025-10-19T22:55:00Z,2025-10-19T23:46:00Z,7.0,0.85,both_options
2025-10-19T23:46:00Z,2025-10-19T23:55:00Z,8.0,0.15,both_options
2025-10-19T23:55:00Z,2025-10-20T00:55:00Z,7.0,1.0,both_options
2025-10-20T00:55:00Z,2025-10-20T01:55:00Z,8.0,1.0,both_options
2025-10-20T01:55:00Z,2025-10-20T02:55:00Z,10.0,1.0,both_options
2025-10-20T02:55:00Z,2025-10-20T03:55:00Z,8.0,1.0,both_options
2025-10-20T03:55:00Z,2025-10-20T04:25:00Z,9.0,0.5,both_options
2025-10-20T04:25:00Z,2025-10-20T04:55:00Z,8.0,0.5,both_options
2025-10-20T04:55:00Z,2025-10-20T05:13:00Z,6.0,0.3,both_options
2025-10-20T05:13:00Z,2025-10-20T05:46:00Z,6.0,0.55,both_options
2025-10-20T05:46:00Z,2025-10-20T05:55:00Z,6.0,0.15,both_options
2025-10-20T05:55:00Z,2025-10-20T06:55:00Z,6.0,1.0,both_options
2025-10-20T06:55:00Z,2025-10-20T07:55:00Z,7.0,1.0,both_options
2025-10-20T07:55:00Z,2025-10-20T08:55:00Z,10.0,1.0,both_options
2025-10-20T08:55:00Z,2025-10-20T09:36:00Z,9.0,0.6833333333333333,both_options
2025-10-20T09:36:00Z,2025-10-20T09:55:00Z,8.0,0.31666666666666665,both_options
2025-10-20T09:55:00Z,2025-10-20T10:46:00Z,7.0,0.85,both_options
2025-10-20T10:46:00Z,2025-10-20T10:55:00Z,7.0,0.15,both_options
2025-10-20T10:55:00Z,2025-10-20T11:55:00Z,8.0,1.0,both_options
2025-10-20T11:55:00Z,2025-10-20T12:55:00Z,7.0,1.0,both_options
2025-10-20T12:55:00Z,2025-10-20T13:55:00Z,8.0,1.0,both_options
2025-10-20T13:55:00Z,2025-10-20T14:40:00Z,7.0,0.75,both_options
2025-10-20T14:40:00Z,2025-10-20T14:55:00Z,8.0,0.25,both_options
2025-10-20T14:55:00Z,2025-10-20T15:22:00Z,6.0,0.45,both_options
2025-10-20T15:22:00Z,2025-10-20T15:27:00Z,1.75,0.08333333333333333,both_options
2025-10-20T15:27:00Z,2025-10-20T15:33:00Z,1.25,0.1,both_options
2025-10-20T15:33:00Z,2025-10-20T15:44:00Z,1.5,0.18333333333333332,both_options
2025-10-20T15:44:00Z,2025-10-20T15:55:00Z,2.0,0.18333333333333332,both_options
2025-10-20T15:55:00Z,2025-10-20T16:04:00Z,2.0,0.15,both_options
2025-10-20T16:04:00Z,2025-10-20T16:20:00Z,6.0,0.26666666666666666,both_options
2025-10-20T16:20:00Z,2025-10-20T16:55:00Z,7.0,0.5833333333333334,both_options
2025-10-20T16:55:00Z,2025-10-20T17:21:00Z,7.0,0.43333333333333335,both_options
2025-10-20T17:21:00Z,2025-10-20T17:38:00Z,10.0,0.2833333333333333,both_options
2025-10-20T17:38:00Z,2025-10-20T17:55:00Z,10.0,0.2833333333333333,both_options
2025-10-20T17:55:00Z,2025-10-20T18:55:00Z,10.0,1.0,both_options
2025-10-20T18:55:00Z,2025-10-20T19:31:00Z,10.0,0.6,both_options
2025-10-20T19:31:00Z,2025-10-20T19:55:00Z,10.0,0.4,both_options
2025-10-20T19:55:00Z,2025-10-20T20:55:00Z,10.0,1.0,both_options
2025-10-20T20:55:00Z,2025-10-20T21:55:00Z,10.0,1.0,both_options
2025-10-20T21:55:00Z,2025-10-20T22:55:00Z,10.0,1.0,both_options
2025-10-20T22:55:00Z,2025-10-20T23:55:00Z,10.0,1.0,both_options
2025-10-20T23:55:00Z,2025-10-21T00:55:00Z,10.0,1.0,both_options
2025-10-21T00:55:00Z,2025-10-21T01:55:00Z,10.0,1.0,both_options
2025-10-21T01:55:00Z,2025-10-21T02:55:00Z,10.0,1.0,both_options
2025-10-21T02:55:00Z,2025-10-21T03:55:00Z,10.0,1.0,both_options
2025-10-21T03:55:00Z,2025-10-21T04:55:00Z,10.0,1.0,both_options
2025-10-21T04:55:00Z,2025-10-21T05:55:00Z,7.0,1.0,both_options
2025-10-21T05:55:00Z,2025-10-21T06:55:00Z,9.0,1.0,both_options
2025-10-21T06:55:00Z,2025-10-21T07:07:00Z,10.0,0.2,both_options
2025-10-21T07:07:00Z,2025-10-21T07:15:00Z,3.0,0.13333333333333333,both_options
2025-10-21T07:15:00Z,2025-10-21T07:25:00Z,2.5,0.16666666666666666,both_options
2025-10-21T07:25:00Z,2025-10-21T07:28:00Z,1.5,0.05,both_options
2025-10-21T07:28:00Z,2025-10-21T07:37:00Z,2.0,0.15,both_options
2025-10-21T07:37:00Z,2025-10-21T07:40:00Z,3.0,0.05,both_options
2025-10-21T07:40:00Z,2025-10-21T07:55:00Z,1.75,0.25,both_options
2025-10-21T07:55:00Z,2025-10-21T08:24:00Z,0.75,0.48333333333333334,lower_only
2025-10-21T08:24:00Z,2025-10-21T08:48:00Z,0.25,0.4,neither_option
2025-10-21T08:48:00Z,2025-10-21T08:55:00Z,0.5,0.11666666666666667,neither_option
2025-10-21T08:55:00Z,2025-10-21T09:35:00Z,0.75,0.6666666666666666,lower_only
2025-10-21T09:35:00Z,2025-10-21T09:45:00Z,0.5,0.16666666666666666,neither_option
2025-10-21T09:45:00Z,2025-10-21T09:55:00Z,0.25,0.16666666666666666,neither_option
2025-10-21T09:55:00Z,2025-10-21T10:04:00Z,0.25,0.15,neither_option
2025-10-21T10:04:00Z,2025-10-21T10:27:00Z,0.5,0.38333333333333336,neither_option
2025-10-21T10:27:00Z,2025-10-21T10:55:00Z,0.25,0.4666666666666667,neither_option
2025-10-21T10:55:00Z,2025-10-21T11:55:00Z,0.25,1.0,neither_option
2025-10-21T11:55:00Z,2025-10-21T12:04:00Z,0.25,0.15,neither_option
2025-10-21T12:04:00Z,2025-10-21T12:31:00Z,,0.45,unknown
2025-10-21T12:31:00Z,2025-10-21T12:46:00Z,0.25,0.25,neither_option
2025-10-21T12:46:00Z,2025-10-21T12:55:00Z,,0.15,unknown
2025-10-21T12:55:00Z,2025-10-21T13:55:00Z,,1.0,unknown
2025-10-21T13:55:00Z,2025-10-21T14:55:00Z,,1.0,unknown
2025-10-21T14:55:00Z,2025-10-21T15:55:00Z,,1.0,unknown
2025-10-21T15:55:00Z,2025-10-21T16:55:00Z,,1.0,unknown
2025-10-21T16:55:00Z,2025-10-21T17:55:00Z,,1.0,unknown
2025-10-21T17:55:00Z,2025-10-21T18:21:00Z,,0.43333333333333335,unknown
2025-10-21T18:21:00Z,2025-10-21T18:51:00Z,9.0,0.5,both_options
2025-10-21T18:51:00Z,2025-10-21T18:55:00Z,10.0,0.06666666666666667,both_options
2025-10-21T18:55:00Z,2025-10-21T19:55:00Z,10.0,1.0,both_options
2025-10-21T19:55:00Z,2025-10-21T20:55:00Z,10.0,1.0,both_options
2025-10-21T20:55:00Z,2025-10-21T21:55:00Z,10.0,1.0,both_options
2025-10-21T21:55:00Z,2025-10-21T22:55:00Z,10.0,1.0,both_options
2025-10-21T22:55:00Z,2025-10-21T23:55:00Z,10.0,1.0,both_options
2025-10-21T23:55:00Z,2025-10-22T00:55:00Z,10.0,1.0,both_options
2025-10-22T00:55:00Z,2025-10-22T01:55:00Z,10.0,1.0,both_options
2025-10-22T01:55:00Z,2025-10-22T02:55:00Z,10.0,1.0,both_options
2025-10-22T02:55:00Z,2025-10-22T03:55:00Z,10.0,1.0,both_options
2025-10-22T03:55:00Z,2025-10-22T04:55:00Z,10.0,1.0,both_options
2025-10-22T04:55:00Z,2025-10-22T05:55:00Z,10.0,1.0,both_options
2025-10-22T05:55:00Z,2025-10-22T06:55:00Z,10.0,1.0,both_options
2025-10-22T06:55:00Z,2025-10-22T07:55:00Z,10.0,1.0,both_options
2025-10-22T07:55:00Z,2025-10-22T08:55:00Z,10.0,1.0,both_options
2025-10-22T08:55:00Z,2025-10-22T09:55:00Z,10.0,1.0,both_options
2025-10-22T09:55:00Z,2025-10-22T10:55:00Z,10.0,1.0,both_options
2025-10-22T10:55:00Z,2025-10-22T11:55:00Z,10.0,1.0,both_options
2025-10-22T11:55:00Z,2025-10-22T12:55:00Z,10.0,1.0,both_options
2025-10-22T12:55:00Z,2025-10-22T13:55:00Z,,1.0,unknown
2025-10-22T13:55:00Z,2025-10-22T14:55:00Z,,1.0,unknown
2025-10-22T14:55:00Z,2025-10-22T15:55:00Z,,1.0,unknown
2025-10-22T15:55:00Z,2025-10-22T16:10:00Z,8.0,0.25,both_options
2025-10-22T16:10:00Z,2025-10-22T16:55:00Z,8.0,0.75,both_options
2025-10-22T16:55:00Z,2025-10-22T17:55:00Z,6.0,1.0,both_options
2025-10-22T17:55:00Z,2025-10-22T18:31:00Z,7.0,0.6,both_options
2025-10-22T18:31:00Z,2025-10-22T18:33:00Z,2.0,0.03333333333333333,both_options
2025-10-22T18:33:00Z,2025-10-22T18:43:00Z,1.75,0.16666666666666666,both_options
2025-10-22T18:43:00Z,2025-10-22T18:55:00Z,3.0,0.2,both_options
2025-10-22T18:55:00Z,2025-10-22T19:55:00Z,6.0,1.0,both_options
2025-10-22T19:55:00Z,2025-10-22T20:55:00Z,10.0,1.0,both_options
2025-10-22T20:55:00Z,2025-10-22T21:36:00Z,9.0,0.6833333333333333,both_options
2025-10-22T21:36:00Z,2025-10-22T21:55:00Z,8.0,0.31666666666666665,both_options
2025-10-22T21:55:00Z,2025-10-22T22:04:00Z,9.0,0.15,both_options
2025-10-22T22:04:00Z,2025-10-22T22:21:00Z,9.0,0.2833333333333333,both_options
2025-10-22T22:21:00Z,2025-10-22T22:37:00Z,10.0,0.26666666666666666,both_options
2025-10-22T22:37:00Z,2025-10-22T22:55:00Z,9.0,0.3,both_options
2025-10-22T22:55:00Z,2025-10-22T23:05:00Z,8.0,0.16666666666666666,both_options
2025-10-22T23:05:00Z,2025-10-22T23:32:00Z,9.0,0.45,both_options
2025-10-22T23:32:00Z,2025-10-22T23:55:00Z,9.0,0.38333333333333336,both_options
2025-10-22T23:55:00Z,2025-10-23T00:10:00Z,9.0,0.25,both_options
2025-10-23T00:10:00Z,2025-10-23T00:48:00Z,9.0,0.6333333333333333,both_options
2025-10-23T00:48:00Z,2025-10-23T00:55:00Z,7.0,0.11666666666666667,both_options
2025-10-23T00:55:00Z,2025-10-23T01:16:00Z,7.0,0.35,both_options
2025-10-23T01:16:00Z,2025-10-23T01:23:00Z,2.5,0.11666666666666667,both_options
2025-10-23T01:23:00Z,2025-10-23T01:53:00Z,4.0,0.5,both_options
2025-10-23T01:53:00Z,2025-10-23T01:55:00Z,7.0,0.03333333333333333,both_options
2025-10-23T01:55:00Z,2025-10-23T02:03:00Z,7.0,0.13333333333333333,both_options
2025-10-23T02:03:00Z,2025-10-23T02:17:00Z,8.0,0.23333333333333334,both_options
2025-10-23T02:17:00Z,2025-10-23T02:24:00Z,8.0,0.11666666666666667,both_options
2025-10-23T02:24:00Z,2025-10-23T02:55:00Z,8.0,0.5166666666666667,both_options
2025-10-23T02:55:00Z,2025-10-23T03:00:00Z,2.5,0.08333333333333333,both_options
2025-10-23T03:00:00Z,2025-10-23T03:02:00Z,2.5,0.03333333333333333,both_options
2025-10-23T03:02:00Z,2025-10-23T03:19:00Z,3.0,0.2833333333333333,both_options
2025-10-23T03:19:00Z,2025-10-23T03:55:00Z,9.0,0.6,both_options
2025-10-23T03:55:00Z,2025-10-23T04:24:00Z,9.0,0.48333333333333334,both_options
2025-10-23T04:24:00Z,2025-10-23T04:42:00Z,8.0,0.3,both_options
2025-10-23T04:42:00Z,2025-10-23T04:55:00Z,7.0,0.21666666666666667,both_options
2025-10-23T04:55:00Z,2025-10-23T05:55:00Z,7.0,1.0,both_options
2025-10-23T05:55:00Z,2025-10-23T06:55:00Z,7.0,1.0,both_options
2025-10-23T06:55:00Z,2025-10-23T07:28:00Z,7.0,0.55,both_options
2025-10-23T07:28:00Z,2025-10-23T07:55:00Z,9.0,0.45,both_options
2025-10-23T07:55:00Z,2025-10-23T08:17:00Z,9.0,0.36666666666666664,both_options
2025-10-23T08:17:00Z,2025-10-23T08:55:00Z,9.0,0.6333333333333333,both_options
2025-10-23T08:55:00Z,2025-10-23T09:55:00Z,8.0,1.0,both_options
2025-10-23T09:55:00Z,2025-10-23T10:55:00Z,9.0,1.0,both_options
2025-10-23T10:55:00Z,2025-10-23T11:55:00Z,9.0,1.0,both_options
2025-10-23T11:55:00Z,2025-10-23T12:55:00Z,8.0,1.0,both_options
2025-10-23T12:55:00Z,2025-10-23T13:55:00Z,9.0,1.0,both_options
2025-10-23T13:55:00Z,2025-10-23T14:52:00Z,8.0,0.95,both_options
2025-10-23T14:52:00Z,2025-10-23T14:55:00Z,9.0,0.05,both_options
2025-10-23T14:55:00Z,2025-10-23T15:42:00Z,8.0,0.7833333333333333,both_options
2025-10-23T15:42:00Z,2025-10-23T15:55:00Z,8.0,0.21666666666666667,both_options
2025-10-23T15:55:00Z,2025-10-23T16:55:00Z,8.0,1.0,both_options
2025-10-23T16:55:00Z,2025-10-23T17:55:00Z,10.0,1.0,both_options
2025-10-23T17:55:00Z,2025-10-23T18:55:00Z,10.0,1.0,both_options
2025-10-23T18:55:00Z,2025-10-23T19:55:00Z,10.0,1.0,both_options
2025-10-23T19:55:00Z,2025-10-23T20:03:00Z,7.0,0.13333333333333333,both_options
2025-10-23T20:03:00Z,2025-10-23T20:55:00Z,8.0,0.8666666666666667,both_options
2025-10-23T20:55:00Z,2025-10-23T21:55:00Z,8.0,1.0,both_options
2025-10-23T21:55:00Z,2025-10-23T22:55:00Z,10.0,1.0,both_options
2025-10-23T22:55:00Z,2025-10-23T23:55:00Z,8.0,1.0,both_options
2025-10-23T23:55:00Z,2025-10-24T00:55:00Z,10.0,1.0,both_options
2025-10-24T00:55:00Z,2025-10-24T01:23:00Z,5.0,0.4666666666666667,both_options
2025-10-24T01:23:00Z,2025-10-24T01:55:00Z,7.0,0.5333333333333333,both_options
2025-10-24T01:55:00Z,2025-10-24T02:55:00Z,7.0,1.0,both_options
2025-10-24T02:55:00Z,2025-10-24T03:55:00Z,9.0,1.0,both_options
2025-10-24T03:55:00Z,2025-10-24T04:33:00Z,9.0,0.6333333333333333,both_options
2025-10-24T04:33:00Z,2025-10-24T04:55:00Z,10.0,0.36666666666666664,both_options
2025-10-24T04:55:00Z,2025-10-24T05:55:00Z,10.0,1.0,both_options
2025-10-24T05:55:00Z,2025-10-24T06:55:00Z,10.0,1.0,both_options
2025-10-24T06:55:00Z,2025-10-24T07:55:00Z,10.0,1.0,both_options
2025-10-24T07:55:00Z,2025-10-24T08:55:00Z,10.0,1.0,both_options
2025-10-24T08:55:00Z,2025-10-24T09:09:00Z,10.0,0.23333333333333334,both_options
2025-10-24T09:09:00Z,2025-10-24T09:21:00Z,6.0,0.2,both_options
2025-10-24T09:21:00Z,2025-10-24T09:55:00Z,9.0,0.5666666666666667,both_options
2025-10-24T09:55:00Z,2025-10-24T10:19:00Z,10.0,0.4,both_options
2025-10-24T10:19:00Z,2025-10-24T10:55:00Z,10.0,0.6,both_options
2025-10-24T10:55:00Z,2025-10-24T11:05:00Z,7.0,0.16666666666666666,both_options
2025-10-24T11:05:00Z,2025-10-24T11:55:00Z,5.0,0.8333333333333334,both_options
2025-10-24T11:55:00Z,2025-10-24T12:03:00Z,8.0,0.13333333333333333,both_options
2025-10-24T12:03:00Z,2025-10-24T12:11:00Z,2.5,0.13333333333333333,both_options
2025-10-24T12:11:00Z,2025-10-24T12:18:00Z,2.0,0.11666666666666667,both_options
2025-10-24T12:18:00Z,2025-10-24T12:30:00Z,3.0,0.2,both_options
2025-10-24T12:30:00Z,2025-10-24T12:55:00Z,6.0,0.4166666666666667,both_options
2025-10-24T12:55:00Z,2025-10-24T13:37:00Z,10.0,0.7,both_options
2025-10-24T13:37:00Z,2025-10-24T13:55:00Z,5.0,0.3,both_options
2025-10-24T13:55:00Z,2025-10-24T14:47:00Z,4.0,0.8666666666666667,both_options
2025-10-24T14:47:00Z,2025-10-24T14:55:00Z,2.5,0.13333333333333333,both_options
2025-10-24T14:55:00Z,2025-10-24T15:13:00Z,4.0,0.3,both_options
2025-10-24T15:13:00Z,2025-10-24T15:44:00Z,6.0,0.5166666666666667,both_options
2025-10-24T15:44:00Z,2025-10-24T15:55:00Z,4.0,0.18333333333333332,both_options
2025-10-24T15:55:00Z,2025-10-24T16:15:00Z,3.0,0.3333333333333333,both_options
2025-10-24T16:15:00Z,2025-10-24T16:36:00Z,3.0,0.35,both_options
2025-10-24T16:36:00Z,2025-10-24T16:55:00Z,3.0,0.31666666666666665,both_options
2025-10-24T16:55:00Z,2025-10-24T17:55:00Z,4.0,1.0,both_options
2025-10-24T17:55:00Z,2025-10-24T18:06:00Z,2.5,0.18333333333333332,both_options
2025-10-24T18:06:00Z,2025-10-24T18:29:00Z,3.0,0.38333333333333336,both_options
2025-10-24T18:29:00Z,2025-10-24T18:41:00Z,1.75,0.2,both_options
2025-10-24T18:41:00Z,2025-10-24T18:53:00Z,1.25,0.2,both_options
2025-10-24T18:53:00Z,2025-10-24T18:55:00Z,1.25,0.03333333333333333,both_options
2025-10-24T18:55:00Z,2025-10-24T19:24:00Z,1.5,0.48333333333333334,both_options
2025-10-24T19:24:00Z,2025-10-24T19:31:00Z,1.25,0.11666666666666667,both_options
2025-10-24T19:31:00Z,2025-10-24T19:44:00Z,1.0,0.21666666666666667,both_options
2025-10-24T19:44:00Z,2025-10-24T19:52:00Z,1.5,0.13333333333333333,both_options
2025-10-24T19:52:00Z,2025-10-24T19:55:00Z,1.0,0.05,both_options
2025-10-24T19:55:00Z,2025-10-24T20:07:00Z,1.0,0.2,both_options
2025-10-24T20:07:00Z,2025-10-24T20:16:00Z,1.25,0.15,both_options
2025-10-24T20:16:00Z,2025-10-24T20:19:00Z,1.75,0.05,both_options
2025-10-24T20:19:00Z,2025-10-24T20:27:00Z,2.0,0.13333333333333333,both_options
2025-10-24T20:27:00Z,2025-10-24T20:34:00Z,2.0,0.11666666666666667,both_options
2025-10-24T20:34:00Z,2025-10-24T20:45:00Z,1.5,0.18333333333333332,both_options
2025-10-24T20:45:00Z,2025-10-24T20:55:00Z,2.0,0.16666666666666666,both_options
2025-10-24T20:55:00Z,2025-10-24T21:12:00Z,1.5,0.2833333333333333,both_options
2025-10-24T21:12:00Z,2025-10-24T21:19:00Z,1.5,0.11666666666666667,both_options
2025-10-24T21:19:00Z,2025-10-24T21:29:00Z,1.25,0.16666666666666666,both_options
2025-10-24T21:29:00Z,2025-10-24T21:37:00Z,1.75,0.13333333333333333,both_options
2025-10-24T21:37:00Z,2025-10-24T21:50:00Z,1.75,0.21666666666666667,both_options
2025-10-24T21:50:00Z,2025-10-24T21:55:00Z,2.5,0.08333333333333333,both_options
2025-10-24T21:55:00Z,2025-10-24T22:17:00Z,2.5,0.36666666666666664,both_options
2025-10-24T22:17:00Z,2025-10-24T22:34:00Z,4.0,0.2833333333333333,both_options
2025-10-24T22:34:00Z,2025-10-24T22:51:00Z,2.5,0.2833333333333333,both_options
2025-10-24T22:51:00Z,2025-10-24T22:55:00Z,3.0,0.06666666666666667,both_options
2025-10-24T22:55:00Z,2025-10-24T23:04:00Z,3.0,0.15,both_options
2025-10-24T23:04:00Z,2025-10-24T23:29:00Z,2.0,0.4166666666666667,both_options
2025-10-24T23:29:00Z,2025-10-24T23:55:00Z,3.0,0.43333333333333335,both_options
2025-10-24T23:55:00Z,2025-10-25T00:55:00Z,6.0,1.0,both_options
2025-10-25T00:55:00Z,2025-10-25T01:55:00Z,10.0,1.0,both_options
2025-10-25T01:55:00Z,2025-10-25T02:55:00Z,4.0,1.0,both_options
2025-10-25T02:55:00Z,2025-10-25T03:55:00Z,9.0,1.0,both_options
2025-10-25T03:55:00Z,2025-10-25T04:55:00Z,9.0,1.0,both_options
2025-10-25T04:55:00Z,2025-10-25T05:55:00Z,10.0,1.0,both_options
2025-10-25T05:55:00Z,2025-10-25T06:21:00Z,10.0,0.43333333333333335,both_options
2025-10-25T06:21:00Z,2025-10-25T06:29:00Z,1.75,0.13333333333333333,both_options
2025-10-25T06:29:00Z,2025-10-25T06:38:00Z,1.0,0.15,both_options
2025-10-25T06:38:00Z,2025-10-25T06:50:00Z,2.0,0.2,both_options
2025-10-25T06:50:00Z,2025-10-25T06:55:00Z,6.0,0.08333333333333333,both_options
2025-10-25T06:55:00Z,2025-10-25T07:55:00Z,10.0,1.0,both_options
2025-10-25T07:55:00Z,2025-10-25T08:55:00Z,6.0,1.0,both_options
2025-10-25T08:55:00Z,2025-10-25T09:55:00Z,9.0,1.0,both_options
2025-10-25T09:55:00Z,2025-10-25T10:55:00Z,7.0,1.0,both_options
2025-10-25T10:55:00Z,2025-10-25T11:55:00Z,8.0,1.0,both_options
2025-10-25T11:55:00Z,2025-10-25T12:55:00Z,10.0,1.0,both_options
2025-10-25T12:55:00Z,2025-10-25T13:55:00Z,9.0,1.0,both_options
2025-10-25T13:55:00Z,2025-10-25T14:55:00Z,5.0,1.0,both_options
2025-10-25T14:55:00Z,2025-10-25T15:55:00Z,10.0,1.0,both_options
2025-10-25T15:55:00Z,2025-10-25T16:55:00Z,10.0,1.0,both_options
2025-10-25T16:55:00Z,2025-10-25T17:27:00Z,7.0,0.5333333333333333,both_options
2025-10-25T17:27:00Z,2025-10-25T17:40:00Z,10.0,0.21666666666666667,both_options
2025-10-25T17:40:00Z,2025-10-25T17:46:00Z,1.75,0.1,both_options
2025-10-25T17:46:00Z,2025-10-25T17:55:00Z,1.25,0.15,both_options
2025-10-25T17:55:00Z,2025-10-25T18:05:00Z,1.0,0.16666666666666666,both_options
2025-10-25T18:05:00Z,2025-10-25T18:18:00Z,1.5,0.21666666666666667,both_options
2025-10-25T18:18:00Z,2025-10-25T18:44:00Z,3.0,0.43333333333333335,both_options
2025-10-25T18:44:00Z,2025-10-25T18:55:00Z,1.75,0.18333333333333332,both_options
2025-10-25T18:55:00Z,2025-10-25T18:58:00Z,1.75,0.05,both_options
2025-10-25T18:58:00Z,2025-10-25T19:11:00Z,3.0,0.21666666666666667,both_options
2025-10-25T19:11:00Z,2025-10-25T19:22:00Z,6.0,0.18333333333333332,both_options
2025-10-25T19:22:00Z,2025-10-25T19:25:00Z,2.5,0.05,both_options
2025-10-25T19:25:00Z,2025-10-25T19:32:00Z,1.25,0.11666666666666667,both_options
2025-10-25T19:32:00Z,2025-10-25T19:34:00Z,1.25,0.03333333333333333,both_options
2025-10-25T19:34:00Z,2025-10-25T19:39:00Z,2.0,0.08333333333333333,both_options
2025-10-25T19:39:00Z,2025-10-25T19:55:00Z,8.0,0.26666666666666666,both_options
2025-10-25T19:55:00Z,2025-10-25T20:55:00Z,10.0,1.0,both_options
2025-10-25T20:55:00Z,2025-10-25T21:27:00Z,8.0,0.5333333333333333,both_options
2025-10-25T21:27:00Z,2025-10-25T21:35:00Z,8.0,0.13333333333333333,both_options
2025-10-25T21:35:00Z,2025-10-25T21:41:00Z,1.75,0.1,both_options
2025-10-25T21:41:00Z,2025-10-25T21:55:00Z,2.0,0.23333333333333334,both_options
2025-10-25T21:55:00Z,2025-10-25T22:55:00Z,3.0,1.0,both_options
2025-10-25T22:55:00Z,2025-10-25T23:37:00Z,10.0,0.7,both_options
2025-10-25T23:37:00Z,2025-10-25T23:44:00Z,1.75,0.11666666666666667,both_options
2025-10-25T23:44:00Z,2025-10-25T23:48:00Z,1.5,0.06666666666666667,both_options
2025-10-25T23:48:00Z,2025-10-25T23:55:00Z,4.0,0.11666666666666667,both_options
2025-10-25T23:55:00Z,2025-10-26T00:05:00Z,4.0,0.16666666666666666,both_options
2025-10-26T00:05:00Z,2025-10-26T00:55:00Z,7.0,0.8333333333333334,both_options
2025-10-26T00:55:00Z,2025-10-26T01:55:00Z,5.0,1.0,both_options
2025-10-26T01:55:00Z,2025-10-26T02:55:00Z,10.0,1.0,both_options
2025-10-26T02:55:00Z,2025-10-26T03:55:00Z,9.0,1.0,both_options
2025-10-26T03:55:00Z,2025-10-26T04:55:00Z,9.0,1.0,both_options
2025-10-26T04:55:00Z,2025-10-26T05:53:00Z,10.0,0.9666666666666667,both_options
2025-10-26T05:53:00Z,2025-10-26T05:55:00Z,9.0,0.03333333333333333,both_options
2025-10-26T05:55:00Z,2025-10-26T06:08:00Z,9.0,0.21666666666666667,both_options
2025-10-26T06:08:00Z,2025-10-26T06:55:00Z,9.0,0.7833333333333333,both_options
2025-10-26T06:55:00Z,2025-10-26T07:39:00Z,9.0,0.7333333333333333,both_options
2025-10-26T07:39:00Z,2025-10-26T07:55:00Z,10.0,0.26666666666666666,both_options
2025-10-26T07:55:00Z,2025-10-26T08:23:00Z,10.0,0.4666666666666667,both_options
2025-10-26T08:23:00Z,2025-10-26T08:38:00Z,10.0,0.25,both_options
2025-10-26T08:38:00Z,2025-10-26T08:55:00Z,10.0,0.2833333333333333,both_options
2025-10-26T08:55:00Z,2025-10-26T09:29:00Z,9.0,0.5666666666666667,both_options
2025-10-26T09:29:00Z,2025-10-26T09:55:00Z,6.0,0.43333333333333335,both_options
2025-10-26T09:55:00Z,2025-10-26T10:07:00Z,7.0,0.2,both_options
2025-10-26T10:07:00Z,2025-10-26T10:55:00Z,4.0,0.8,both_options
2025-10-26T10:55:00Z,2025-10-26T11:55:00Z,6.0,1.0,both_options
2025-10-26T11:55:00Z,2025-10-26T12:34:00Z,10.0,0.65,both_options
2025-10-26T12:34:00Z,2025-10-26T12:55:00Z,4.0,0.35,both_options
2025-10-26T12:55:00Z,2025-10-26T13:43:00Z,4.0,0.8,both_options
2025-10-26T13:43:00Z,2025-10-26T13:55:00Z,5.0,0.2,both_options
2025-10-26T13:55:00Z,2025-10-26T14:10:00Z,4.0,0.25,both_options
2025-10-26T14:10:00Z,2025-10-26T14:45:00Z,8.0,0.5833333333333334,both_options
2025-10-26T14:45:00Z,2025-10-26T14:55:00Z,2.5,0.16666666666666666,both_options
2025-10-26T14:55:00Z,2025-10-26T15:09:00Z,2.0,0.23333333333333334,both_options
2025-10-26T15:09:00Z,2025-10-26T15:50:00Z,4.0,0.6833333333333333,both_options
2025-10-26T15:50:00Z,2025-10-26T15:55:00Z,8.0,0.08333333333333333,both_options
2025-10-26T15:55:00Z,2025-10-26T16:40:00Z,7.0,0.75,both_options
2025-10-26T16:40:00Z,2025-10-26T16:49:00Z,2.0,0.15,both_options
2025-10-26T16:49:00Z,2025-10-26T16:55:00Z,4.0,0.1,both_options
2025-10-26T16:55:00Z,2025-10-26T17:08:00Z,9.0,0.21666666666666667,both_options
2025-10-26T17:08:00Z,2025-10-26T17:55:00Z,10.0,0.7833333333333333,both_options
2025-10-26T17:55:00Z,2025-10-26T18:55:00Z,10.0,1.0,both_options
2025-10-26T18:55:00Z,2025-10-26T19:55:00Z,10.0,1.0,both_options
2025-10-26T19:55:00Z,2025-10-26T20:55:00Z,6.0,1.0,both_options
2025-10-26T20:55:00Z,2025-10-26T21:55:00Z,10.0,1.0,both_options
2025-10-26T21:55:00Z,2025-10-26T22:55:00Z,10.0,1.0,both_options
2025-10-26T22:55:00Z,2025-10-26T23:55:00Z,10.0,1.0,both_options
2025-10-26T23:55:00Z,2025-10-27T00:55:00Z,10.0,1.0,both_options
2025-10-27T00:55:00Z,2025-10-27T01:55:00Z,10.0,1.0,both_options
2025-10-27T01:55:00Z,2025-10-27T02:55:00Z,10.0,1.0,both_options
2025-10-27T02:55:00Z,2025-10-27T03:55:00Z,10.0,1.0,both_options
2025-10-27T03:55:00Z,2025-10-27T04:55:00Z,10.0,1.0,both_options
2025-10-27T04:55:00Z,2025-10-27T05:55:00Z,9.0,1.0,both_options
2025-10-27T05:55:00Z,2025-10-27T06:55:00Z,10.0,1.0,both_options
2025-10-27T06:55:00Z,2025-10-27T07:55:00Z,4.0,1.0,both_options
2025-10-27T07:55:00Z,2025-10-27T08:55:00Z,10.0,1.0,both_options
2025-10-27T08:55:00Z,2025-10-27T09:55:00Z,10.0,1.0,both_options
2025-10-27T09:55:00Z,2025-10-27T10:55:00Z,10.0,1.0,both_options
2025-10-27T10:55:00Z,2025-10-27T11:55:00Z,10.0,1.0,both_options
2025-10-27T11:55:00Z,2025-10-27T12:55:00Z,10.0,1.0,both_options
2025-10-27T12:55:00Z,2025-10-27T13:55:00Z,10.0,1.0,both_options
2025-10-27T13:55:00Z,2025-10-27T14:55:00Z,3.0,1.0,both_options
2025-10-27T14:55:00Z,2025-10-27T15:55:00Z,10.0,1.0,both_options
2025-10-27T15:55:00Z,2025-10-27T16:12:00Z,10.0,0.2833333333333333,both_options
2025-10-27T16:12:00Z,2025-10-27T16:55:00Z,8.0,0.7166666666666667,both_options
2025-10-27T16:55:00Z,2025-10-27T17:55:00Z,10.0,1.0,both_options
2025-10-27T17:55:00Z,2025-10-27T18:55:00Z,10.0,1.0,both_options
2025-10-27T18:55:00Z,2025-10-27T19:48:00Z,10.0,0.8833333333333333,both_options
2025-10-27T19:48:00Z,2025-10-27T19:55:00Z,10.0,0.11666666666666667,both_options
2025-10-27T19:55:00Z,2025-10-27T20:44:00Z,10.0,0.8166666666666667,both_options
2025-10-27T20:44:00Z,2025-10-27T20:55:00Z,10.0,0.18333333333333332,both_options
2025-10-27T20:55:00Z,2025-10-27T21:27:00Z,10.0,0.5333333333333333,both_options
2025-10-27T21:27:00Z,2025-10-27T21:55:00Z,10.0,0.4666666666666667,both_options
2025-10-27T21:55:00Z,2025-10-27T22:55:00Z,10.0,1.0,both_options
2025-10-27T22:55:00Z,2025-10-27T23:55:00Z,10.0,1.0,both_options
2025-10-27T23:55:00Z,2025-10-28T00:55:00Z,10.0,1.0,both_options
2025-10-28T00:55:00Z,2025-10-28T01:55:00Z,10.0,1.0,both_options
2025-10-28T01:55:00Z,2025-10-28T02:55:00Z,10.0,1.0,both_options
2025-10-28T02:55:00Z,2025-10-28T03:55:00Z,10.0,1.0,both_options
2025-10-28T03:55:00Z,2025-10-28T04:55:00Z,9.0,1.0,both_options
2025-10-28T04:55:00Z,2025-10-28T05:55:00Z,8.0,1.0,both_options
2025-10-28T05:55:00Z,2025-10-28T06:55:00Z,8.0,1.0,both_options
2025-10-28T06:55:00Z,2025-10-28T07:55:00Z,8.0,1.0,both_options
2025-10-28T07:55:00Z,2025-10-28T08:55:00Z,9.0,1.0,both_options
2025-10-28T08:55:00Z,2025-10-28T09:55:00Z,10.0,1.0,both_options
2025-10-28T09:55:00Z,2025-10-28T10:55:00Z,10.0,1.0,both_options
2025-10-28T10:55:00Z,2025-10-28T11:55:00Z,10.0,1.0,both_options
2025-10-28T11:55:00Z,2025-10-28T12:55:00Z,10.0,1.0,both_options
2025-10-28T12:55:00Z,2025-10-28T13:55:00Z,10.0,1.0,both_options
2025-10-28T13:55:00Z,2025-10-28T14:55:00Z,10.0,1.0,both_options
2025-10-28T14:55:00Z,2025-10-28T15:55:00Z,10.0,1.0,both_options
2025-10-28T15:55:00Z,2025-10-28T16:55:00Z,10.0,1.0,both_options
2025-10-28T16:55:00Z,2025-10-28T17:55:00Z,10.0,1.0,both_options
2025-10-28T17:55:00Z,2025-10-28T18:55:00Z,10.0,1.0,both_options
2025-10-28T18:55:00Z,2025-10-28T19:23:00Z,10.0,0.4666666666666667,both_options
2025-10-28T19:23:00Z,2025-10-28T19:55:00Z,10.0,0.5333333333333333,both_options
2025-10-28T19:55:00Z,2025-10-28T20:55:00Z,10.0,1.0,both_options
2025-10-28T20:55:00Z,2025-10-28T21:55:00Z,10.0,1.0,both_options
2025-10-28T21:55:00Z,2025-10-28T22:02:00Z,2.5,0.11666666666666667,both_options
2025-10-28T22:02:00Z,2025-10-28T22:33:00Z,1.25,0.5166666666666667,both_options
2025-10-28T22:33:00Z,2025-10-28T22:41:00Z,1.75,0.13333333333333333,both_options
2025-10-28T22:41:00Z,2025-10-28T22:48:00Z,2.5,0.11666666666666667,both_options
2025-10-28T22:48:00Z,2025-10-28T22:55:00Z,3.0,0.11666666666666667,both_options
2025-10-28T22:55:00Z,2025-10-28T23:03:00Z,6.0,0.13333333333333333,both_options
2025-10-28T23:03:00Z,2025-10-28T23:52:00Z,10.0,0.8166666666666667,both_options
2025-10-28T23:52:00Z,2025-10-28T23:55:00Z,2.0,0.05,both_options
2025-10-28T23:55:00Z,2025-10-29T00:06:00Z,3.0,0.18333333333333332,both_options
2025-10-29T00:06:00Z,2025-10-29T00:14:00Z,2.5,0.13333333333333333,both_options
2025-10-29T00:14:00Z,2025-10-29T00:47:00Z,6.0,0.55,both_options
2025-10-29T00:47:00Z,2025-10-29T00:55:00Z,1.75,0.13333333333333333,both_options
2025-10-29T00:55:00Z,2025-10-29T01:04:00Z,2.0,0.15,both_options
2025-10-29T01:04:00Z,2025-10-29T01:15:00Z,4.0,0.18333333333333332,both_options
2025-10-29T01:15:00Z,2025-10-29T01:22:00Z,2.5,0.11666666666666667,both_options
2025-10-29T01:22:00Z,2025-10-29T01:44:00Z,4.0,0.36666666666666664,both_options
2025-10-29T01:44:00Z,2025-10-29T01:49:00Z,3.0,0.08333333333333333,both_options
2025-10-29T01:49:00Z,2025-10-29T01:55:00Z,3.0,0.1,both_options
2025-10-29T01:55:00Z,2025-10-29T02:16:00Z,5.0,0.35,both_options
2025-10-29T02:16:00Z,2025-10-29T02:27:00Z,4.0,0.18333333333333332,both_options
2025-10-29T02:27:00Z,2025-10-29T02:41:00Z,2.0,0.23333333333333334,both_options
2025-10-29T02:41:00Z,2025-10-29T02:55:00Z,4.0,0.23333333333333334,both_options
2025-10-29T02:55:00Z,2025-10-29T03:11:00Z,4.0,0.26666666666666666,both_options
2025-10-29T03:11:00Z,2025-10-29T03:40:00Z,3.0,0.48333333333333334,both_options
2025-10-29T03:40:00Z,2025-10-29T03:55:00Z,4.0,0.25,both_options
2025-10-29T03:55:00Z,2025-10-29T04:29:00Z,5.0,0.5666666666666667,both_options
2025-10-29T04:29:00Z,2025-10-29T04:37:00Z,2.5,0.13333333333333333,both_options
2025-10-29T04:37:00Z,2025-10-29T04:45:00Z,3.0,0.13333333333333333,both_options
2025-10-29T04:45:00Z,2025-10-29T04:55:00Z,4.0,0.16666666666666666,both_options
2025-10-29T04:55:00Z,2025-10-29T05:34:00Z,4.0,0.65,both_options
2025-10-29T05:34:00Z,2025-10-29T05:41:00Z,5.0,0.11666666666666667,both_options
2025-10-29T05:41:00Z,2025-10-29T05:55:00Z,5.0,0.23333333333333334,both_options
2025-10-29T05:55:00Z,2025-10-29T06:09:00Z,8.0,0.23333333333333334,both_options
2025-10-29T06:09:00Z,2025-10-29T06:22:00Z,2.0,0.21666666666666667,both_options
2025-10-29T06:22:00Z,2025-10-29T06:55:00Z,5.0,0.55,both_options
2025-10-29T06:55:00Z,2025-10-29T07:55:00Z,10.0,1.0,both_options
2025-10-29T07:55:00Z,2025-10-29T08:55:00Z,9.0,1.0,both_options
2025-10-29T08:55:00Z,2025-10-29T09:55:00Z,8.0,1.0,both_options
2025-10-29T09:55:00Z,2025-10-29T10:55:00Z,8.0,1.0,both_options
2025-10-29T10:55:00Z,2025-10-29T11:55:00Z,7.0,1.0,both_options
2025-10-29T11:55:00Z,2025-10-29T12:55:00Z,8.0,1.0,both_options
2025-10-29T12:55:00Z,2025-10-29T13:55:00Z,8.0,1.0,both_options
2025-10-29T13:55:00Z,2025-10-29T14:55:00Z,8.0,1.0,both_options
2025-10-29T14:55:00Z,2025-10-29T15:05:00Z,5.0,0.16666666666666666,both_options
2025-10-29T15:05:00Z,2025-10-29T15:17:00Z,2.5,0.2,both_options
2025-10-29T15:17:00Z,2025-10-29T15:25:00Z,1.25,0.13333333333333333,both_options
2025-10-29T15:25:00Z,2025-10-29T15:35:00Z,2.0,0.16666666666666666,both_options
2025-10-29T15:35:00Z,2025-10-29T15:55:00Z,4.0,0.3333333333333333,both_options
2025-10-29T15:55:00Z,2025-10-29T16:55:00Z,4.0,1.0,both_options
2025-10-29T16:55:00Z,2025-10-29T17:55:00Z,6.0,1.0,both_options
2025-10-29T17:55:00Z,2025-10-29T18:39:00Z,8.0,0.7333333333333333,both_options
2025-10-29T18:39:00Z,2025-10-29T18:55:00Z,4.0,0.26666666666666666,both_options
2025-10-29T18:55:00Z,2025-10-29T19:47:00Z,4.0,0.8666666666666667,both_options
2025-10-29T19:47:00Z,2025-10-29T19:55:00Z,7.0,0.13333333333333333,both_options
2025-10-29T19:55:00Z,2025-10-29T20:55:00Z,8.0,1.0,both_options
2025-10-29T20:55:00Z,2025-10-29T21:55:00Z,7.0,1.0,both_options
2025-10-29T21:55:00Z,2025-10-29T22:20:00Z,7.0,0.4166666666666667,both_options
2025-10-29T22:20:00Z,2025-10-29T22:55:00Z,7.0,0.5833333333333334,both_options
2025-10-29T22:55:00Z,2025-10-29T23:19:00Z,7.0,0.4,both_options
2025-10-29T23:19:00Z,2025-10-29T23:55:00Z,7.0,0.6,both_options
2025-10-29T23:55:00Z,2025-10-30T00:46:00Z,7.0,0.85,both_options
2025-10-30T00:46:00Z,2025-10-30T00:55:00Z,7.0,0.15,both_options
2025-10-30T00:55:00Z,2025-10-30T01:08:00Z,7.0,0.21666666666666667,both_options
2025-10-30T01:08:00Z,2025-10-30T01:55:00Z,7.0,0.7833333333333333,both_options
2025-10-30T01:55:00Z,2025-10-30T02:55:00Z,8.0,1.0,both_options
2025-10-30T02:55:00Z,2025-10-30T03:55:00Z,8.0,1.0,both_options
2025-10-30T03:55:00Z,2025-10-30T04:55:00Z,7.0,1.0,both_options
2025-10-30T04:55:00Z,2025-10-30T05:55:00Z,9.0,1.0,both_options
2025-10-30T05:55:00Z,2025-10-30T06:55:00Z,8.0,1.0,both_options
2025-10-30T06:55:00Z,2025-10-30T07:55:00Z,8.0,1.0,both_options
2025-10-30T07:55:00Z,2025-10-30T08:55:00Z,8.0,1.0,both_options
2025-10-30T08:55:00Z,2025-10-30T09:55:00Z,4.0,1.0,both_options
2025-10-30T09:55:00Z,2025-10-30T10:55:00Z,10.0,1.0,both_options
2025-10-30T10:55:00Z,2025-10-30T11:55:00Z,10.0,1.0,both_options
2025-10-30T11:55:00Z,2025-10-30T12:55:00Z,10.0,1.0,both_options
2025-10-30T12:55:00Z,2025-10-30T13:55:00Z,10.0,1.0,both_options
2025-10-30T13:55:00Z,2025-10-30T14:55:00Z,10.0,1.0,both_options
2025-10-30T14:55:00Z,2025-10-30T15:55:00Z,10.0,1.0,both_options
2025-10-30T15:55:00Z,2025-10-30T16:55:00Z,10.0,1.0,both_options
2025-10-30T16:55:00Z,2025-10-30T17:55:00Z,10.0,1.0,both_options
2025-10-30T17:55:00Z,2025-10-30T18:55:00Z,10.0,1.0,both_options
2025-10-30T18:55:00Z,2025-10-30T19:55:00Z,10.0,1.0,both_options
2025-10-30T19:55:00Z,2025-10-30T20:55:00Z,10.0,1.0,both_options
2025-10-30T20:55:00Z,2025-10-30T21:55:00Z,10.0,1.0,both_options
2025-10-30T21:55:00Z,2025-10-30T22:55:00Z,10.0,1.0,both_options
2025-10-30T22:55:00Z,2025-10-30T23:55:00Z,10.0,1.0,both_options
2025-10-30T23:55:00Z,2025-10-31T00:55:00Z,10.0,1.0,both_options
2025-10-31T00:55:00Z,2025-10-31T01:55:00Z,10.0,1.0,both_options
2025-10-31T01:55:00Z,2025-10-31T02:55:00Z,10.0,1.0,both_options
2025-10-31T02:55:00Z,2025-10-31T03:55:00Z,10.0,1.0,both_options
2025-10-31T03:55:00Z,2025-10-31T04:55:00Z,10.0,1.0,both_options
2025-10-31T04:55:00Z,2025-10-31T05:55:00Z,10.0,1.0,both_options
2025-10-31T05:55:00Z,2025-10-31T06:55:00Z,10.0,1.0,both_options
2025-10-31T06:55:00Z,2025-10-31T07:55:00Z,10.0,1.0,both_options
2025-10-31T07:55:00Z,2025-10-31T08:55:00Z,9.0,1.0,both_options
2025-10-31T08:55:00Z,2025-10-31T09:55:00Z,10.0,1.0,both_options
2025-10-31T09:55:00Z,2025-10-31T10:55:00Z,10.0,1.0,both_options
2025-10-31T10:55:00Z,2025-10-31T11:55:00Z,9.0,1.0,both_options
2025-10-31T11:55:00Z,2025-10-31T12:55:00Z,10.0,1.0,both_options
2025-10-31T12:55:00Z,2025-10-31T13:55:00Z,10.0,1.0,both_options
2025-10-31T13:55:00Z,2025-10-31T14:55:00Z,8.0,1.0,both_options
2025-10-31T14:55:00Z,2025-10-31T15:55:00Z,9.0,1.0,both_options
2025-10-31T15:55:00Z,2025-10-31T16:55:00Z,10.0,1.0,both_options
2025-10-31T16:55:00Z,2025-10-31T17:55:00Z,10.0,1.0,both_options
2025-10-31T17:55:00Z,2025-10-31T18:55:00Z,10.0,1.0,both_options
2025-10-31T18:55:00Z,2025-10-31T19:55:00Z,10.0,1.0,both_options
2025-10-31T19:55:00Z,2025-10-31T20:55:00Z,10.0,1.0,both_options
2025-10-31T20:55:00Z,2025-10-31T21:46:00Z,8.0,0.85,both_options
2025-10-31T21:46:00Z,2025-10-31T21:55:00Z,2.0,0.15,both_options
2025-10-31T21:55:00Z,2025-10-31T22:11:00Z,1.5,0.26666666666666666,both_options
2025-10-31T22:11:00Z,2025-10-31T22:32:00Z,1.5,0.35,both_options
2025-10-31T22:32:00Z,2025-10-31T22:55:00Z,1.5,0.38333333333333336,both_options
2025-10-31T22:55:00Z,2025-10-31T23:17:00Z,1.75,0.36666666666666664,both_options
2025-10-31T23:17:00Z,2025-10-31T23:40:00Z,1.25,0.38333333333333336,both_options
2025-10-31T23:40:00Z,2025-10-31T23:55:00Z,1.75,0.25,both_options
2025-10-31T23:55:00Z,2025-10-31T23:59:00Z,2.0,0.06666666666666667,both_options
2025-10-31T23:59:00Z,2025-11-01T00:10:00Z,1.75,0.18333333333333332,both_options
2025-11-01T00:10:00Z,2025-11-01T00:23:00Z,2.5,0.21666666666666667,both_options
2025-11-01T00:23:00Z,2025-11-01T00:38:00Z,2.0,0.25,both_options
2025-11-01T00:38:00Z,2025-11-01T00:55:00Z,3.0,0.2833333333333333,both_options
2025-11-01T00:55:00Z,2025-11-01T01:45:00Z,4.0,0.8333333333333334,both_options
2025-11-01T01:45:00Z,2025-11-01T01:55:00Z,10.0,0.16666666666666666,both_options
2025-11-01T01:55:00Z,2025-11-01T02:55:00Z,8.0,1.0,both_options
2025-11-01T02:55:00Z,2025-11-01T02:59:00Z,4.0,0.06666666666666667,both_options
2025-11-01T02:59:00Z,2025-11-01T03:53:00Z,5.0,0.9,both_options
2025-11-01T03:53:00Z,2025-11-01T03:55:00Z,5.0,0.03333333333333333,both_options
2025-11-01T03:55:00Z,2025-11-01T04:02:00Z,5.0,0.11666666666666667,both_options
2025-11-01T04:02:00Z,2025-11-01T04:09:00Z,5.0,0.11666666666666667,both_options
2025-11-01T04:09:00Z,2025-11-01T04:55:00Z,6.0,0.7666666666666667,both_options
2025-11-01T04:55:00Z,2025-11-01T05:01:00Z,6.0,0.1,both_options
2025-11-01T05:01:00Z,2025-11-01T05:31:00Z,6.0,0.5,both_options
2025-11-01T05:31:00Z,2025-11-01T05:55:00Z,5.0,0.4,both_options
2025-11-01T05:55:00Z,2025-11-01T06:55:00Z,5.0,1.0,both_options
2025-11-01T06:55:00Z,2025-11-01T07:15:00Z,5.0,0.3333333333333333,both_options
2025-11-01T07:15:00Z,2025-11-01T07:55:00Z,6.0,0.6666666666666666,both_options
2025-11-01T07:55:00Z,2025-11-01T08:04:00Z,3.0,0.15,both_options
2025-11-01T08:04:00Z,2025-11-01T08:33:00Z,2.5,0.48333333333333334,both_options
2025-11-01T08:33:00Z,2025-11-01T08:55:00Z,3.0,0.36666666666666664,both_options
2025-11-01T08:55:00Z,2025-11-01T09:09:00Z,3.0,0.23333333333333334,both_options
2025-11-01T09:09:00Z,2025-11-01T09:19:00Z,4.0,0.16666666666666666,both_options
2025-11-01T09:19:00Z,2025-11-01T09:31:00Z,4.0,0.2,both_options
2025-11-01T09:31:00Z,2025-11-01T09:55:00Z,2.5,0.4,both_options
2025-11-01T09:55:00Z,2025-11-01T10:02:00Z,2.0,0.11666666666666667,both_options
2025-11-01T10:02:00Z,2025-11-01T10:07:00Z,1.75,0.08333333333333333,both_options
2025-11-01T10:07:00Z,2025-11-01T10:18:00Z,2.0,0.18333333333333332,both_options
2025-11-01T10:18:00Z,2025-11-01T10:23:00Z,2.5,0.08333333333333333,both_options
2025-11-01T10:23:00Z,2025-11-01T10:53:00Z,3.0,0.5,both_options
2025-11-01T10:53:00Z,2025-11-01T10:55:00Z,2.0,0.03333333333333333,both_options
2025-11-01T10:55:00Z,2025-11-01T11:39:00Z,2.0,0.7333333333333333,both_options
2025-11-01T11:39:00Z,2025-11-01T11:55:00Z,3.0,0.26666666666666666,both_options
2025-11-01T11:55:00Z,2025-11-01T12:42:00Z,3.0,0.7833333333333333,both_options
2025-11-01T12:42:00Z,2025-11-01T12:55:00Z,2.5,0.21666666666666667,both_options
2025-11-01T12:55:00Z,2025-11-01T13:03:00Z,2.5,0.13333333333333333,both_options
2025-11-01T13:03:00Z,2025-11-01T13:10:00Z,3.0,0.11666666666666667,both_options
2025-11-01T13:10:00Z,2025-11-01T13:33:00Z,4.0,0.38333333333333336,both_options
2025-11-01T13:33:00Z,2025-11-01T13:55:00Z,6.0,0.36666666666666664,both_options
2025-11-01T13:55:00Z,2025-11-01T14:10:00Z,3.0,0.25,both_options
2025-11-01T14:10:00Z,2025-11-01T14:18:00Z,3.0,0.13333333333333333,both_options
2025-11-01T14:18:00Z,2025-11-01T14:46:00Z,2.5,0.4666666666666667,both_options
2025-11-01T14:46:00Z,2025-11-01T14:55:00Z,4.0,0.15,both_options
2025-11-01T14:55:00Z,2025-11-01T15:21:00Z,3.0,0.43333333333333335,both_options
2025-11-01T15:21:00Z,2025-11-01T15:32:00Z,3.0,0.18333333333333332,both_options
2025-11-01T15:32:00Z,2025-11-01T15:48:00Z,4.0,0.26666666666666666,both_options
2025-11-01T15:48:00Z,2025-11-01T15:51:00Z,2.5,0.05,both_options
2025-11-01T15:51:00Z,2025-11-01T15:55:00Z,1.75,0.06666666666666667,both_options
2025-11-01T15:55:00Z,2025-11-01T16:06:00Z,1.25,0.18333333333333332,both_options
2025-11-01T16:06:00Z,2025-11-01T16:15:00Z,2.0,0.15,both_options
2025-11-01T16:15:00Z,2025-11-01T16:22:00Z,1.5,0.11666666666666667,both_options
2025-11-01T16:22:00Z,2025-11-01T16:31:00Z,1.25,0.15,both_options
2025-11-01T16:31:00Z,2025-11-01T16:39:00Z,1.5,0.13333333333333333,both_options
2025-11-01T16:39:00Z,2025-11-01T16:55:00Z,1.25,0.26666666666666666,both_options
2025-11-01T16:55:00Z,2025-11-01T17:17:00Z,1.25,0.36666666666666664,both_options
2025-11-01T17:17:00Z,2025-11-01T17:21:00Z,2.0,0.06666666666666667,both_options
2025-11-01T17:21:00Z,2025-11-01T17:55:00Z,3.0,0.5666666666666667,both_options
2025-11-01T17:55:00Z,2025-11-01T18:34:00Z,6.0,0.65,both_options
2025-11-01T18:34:00Z,2025-11-01T18:55:00Z,8.0,0.35,both_options
2025-11-01T18:55:00Z,2025-11-01T19:11:00Z,5.0,0.26666666666666666,both_options
2025-11-01T19:11:00Z,2025-11-01T19:34:00Z,2.0,0.38333333333333336,both_options
2025-11-01T19:34:00Z,2025-11-01T19:55:00Z,5.0,0.35,both_options
2025-11-01T19:55:00Z,2025-11-01T20:02:00Z,9.0,0.11666666666666667,both_options
2025-11-01T20:02:00Z,2025-11-01T20:55:00Z,9.0,0.8833333333333333,both_options
2025-11-01T20:55:00Z,2025-11-01T21:12:00Z,10.0,0.2833333333333333,both_options
2025-11-01T21:12:00Z,2025-11-01T21:36:00Z,9.0,0.4,both_options
2025-11-01T21:36:00Z,2025-11-01T21:55:00Z,6.0,0.31666666666666665,both_options
2025-11-01T21:55:00Z,2025-11-01T22:55:00Z,10.0,1.0,both_options
2025-11-01T22:55:00Z,2025-11-01T23:55:00Z,10.0,1.0,both_options
2025-11-01T23:55:00Z,2025-11-02T00:55:00Z,9.0,1.0,both_options
2025-11-02T00:55:00Z,2025-11-02T01:55:00Z,8.0,1.0,both_options
2025-11-02T01:55:00Z,2025-11-02T02:55:00Z,7.0,1.0,both_options
2025-11-02T02:55:00Z,2025-11-02T03:55:00Z,6.0,1.0,both_options
2025-11-02T03:55:00Z,2025-11-02T04:29:00Z,5.0,0.5666666666666667,both_options
2025-11-02T04:29:00Z,2025-11-02T04:37:00Z,1.75,0.13333333333333333,both_options
2025-11-02T04:37:00Z,2025-11-02T04:41:00Z,1.25,0.06666666666666667,both_options
2025-11-02T04:41:00Z,2025-11-02T04:51:00Z,2.0,0.16666666666666666,both_options
2025-11-02T04:51:00Z,2025-11-02T04:55:00Z,10.0,0.06666666666666667,both_options
2025-11-02T04:55:00Z,2025-11-02T05:55:00Z,10.0,1.0,both_options
2025-11-02T05:55:00Z,2025-11-02T06:55:00Z,7.0,1.0,both_options
2025-11-02T06:55:00Z,2025-11-02T07:55:00Z,7.0,1.0,both_options
2025-11-02T07:55:00Z,2025-11-02T08:55:00Z,9.0,1.0,both_options
2025-11-02T08:55:00Z,2025-11-02T09:45:00Z,6.0,0.8333333333333334,both_options
2025-11-02T09:45:00Z,2025-11-02T09:55:00Z,1.75,0.16666666666666666,both_options
2025-11-02T09:55:00Z,2025-11-02T10:01:00Z,1.5,0.1,both_options
2025-11-02T10:01:00Z,2025-11-02T10:11:00Z,3.0,0.16666666666666666,both_options
2025-11-02T10:11:00Z,2025-11-02T10:20:00Z,1.75,0.15,both_options
2025-11-02T10:20:00Z,2025-11-02T10:34:00Z,1.0,0.23333333333333334,both_options
2025-11-02T10:34:00Z,2025-11-02T10:37:00Z,1.25,0.05,both_options
2025-11-02T10:37:00Z,2025-11-02T10:44:00Z,1.0,0.11666666666666667,both_options
2025-11-02T10:44:00Z,2025-11-02T10:46:00Z,0.75,0.03333333333333333,lower_only
2025-11-02T10:46:00Z,2025-11-02T10:55:00Z,1.0,0.15,both_options
2025-11-02T10:55:00Z,2025-11-02T11:02:00Z,2.5,0.11666666666666667,both_options
2025-11-02T11:02:00Z,2025-11-02T11:55:00Z,8.0,0.8833333333333333,both_options
2025-11-02T11:55:00Z,2025-11-02T12:09:00Z,4.0,0.23333333333333334,both_options
2025-11-02T12:09:00Z,2025-11-02T12:25:00Z,2.0,0.26666666666666666,both_options
2025-11-02T12:25:00Z,2025-11-02T12:32:00Z,4.0,0.11666666666666667,both_options
2025-11-02T12:32:00Z,2025-11-02T12:39:00Z,1.75,0.11666666666666667,both_options
2025-11-02T12:39:00Z,2025-11-02T12:45:00Z,1.0,0.1,both_options
2025-11-02T12:45:00Z,2025-11-02T12:55:00Z,2.0,0.16666666666666666,both_options
2025-11-02T12:55:00Z,2025-11-02T13:05:00Z,7.0,0.16666666666666666,both_options
2025-11-02T13:05:00Z,2025-11-02T13:14:00Z,2.0,0.15,both_options
2025-11-02T13:14:00Z,2025-11-02T13:55:00Z,10.0,0.6833333333333333,both_options
2025-11-02T13:55:00Z,2025-11-02T14:55:00Z,10.0,1.0,both_options
2025-11-02T14:55:00Z,2025-11-02T15:55:00Z,8.0,1.0,both_options
2025-11-02T15:55:00Z,2025-11-02T16:55:00Z,10.0,1.0,both_options
2025-11-02T16:55:00Z,2025-11-02T17:55:00Z,10.0,1.0,both_options
2025-11-02T17:55:00Z,2025-11-02T18:55:00Z,10.0,1.0,both_options
2025-11-02T18:55:00Z,2025-11-02T19:55:00Z,10.0,1.0,both_options
2025-11-02T19:55:00Z,2025-11-02T20:55:00Z,10.0,1.0,both_options
2025-11-02T20:55:00Z,2025-11-02T21:55:00Z,10.0,1.0,both_options
2025-11-02T21:55:00Z,2025-11-02T22:55:00Z,10.0,1.0,both_options
2025-11-02T22:55:00Z,2025-11-02T23:55:00Z,10.0,1.0,both_options
2025-11-02T23:55:00Z,2025-11-03T00:55:00Z,10.0,1.0,both_options
2025-11-03T00:55:00Z,2025-11-03T01:55:00Z,10.0,1.0,both_options
2025-11-03T01:55:00Z,2025-11-03T02:55:00Z,10.0,1.0,both_options
2025-11-03T02:55:00Z,2025-11-03T03:55:00Z,10.0,1.0,both_options
2025-11-03T03:55:00Z,2025-11-03T04:55:00Z,10.0,1.0,both_options
2025-11-03T04:55:00Z,2025-11-03T05:55:00Z,10.0,1.0,both_options
2025-11-03T05:55:00Z,2025-11-03T06:55:00Z,10.0,1.0,both_options
2025-11-03T06:55:00Z,2025-11-03T07:55:00Z,10.0,1.0,both_options
2025-11-03T07:55:00Z,2025-11-03T08:55:00Z,10.0,1.0,both_options
2025-11-03T08:55:00Z,2025-11-03T09:55:00Z,10.0,1.0,both_options
2025-11-03T09:55:00Z,2025-11-03T10:55:00Z,10.0,1.0,both_options
2025-11-03T10:55:00Z,2025-11-03T11:55:00Z,10.0,1.0,both_options
2025-11-03T11:55:00Z,2025-11-03T12:55:00Z,10.0,1.0,both_options
2025-11-03T12:55:00Z,2025-11-03T13:55:00Z,10.0,1.0,both_options
2025-11-03T13:55:00Z,2025-11-03T14:55:00Z,10.0,1.0,both_options
2025-11-03T14:55:00Z,2025-11-03T15:55:00Z,10.0,1.0,both_options
2025-11-03T15:55:00Z,2025-11-03T16:55:00Z,10.0,1.0,both_options
2025-11-03T16:55:00Z,2025-11-03T17:55:00Z,10.0,1.0,both_options
2025-11-03T17:55:00Z,2025-11-03T18:55:00Z,10.0,1.0,both_options
2025-11-03T18:55:00Z,2025-11-03T19:55:00Z,10.0,1.0,both_options
2025-11-03T19:55:00Z,2025-11-03T20:55:00Z,7.0,1.0,both_options
2025-11-03T20:55:00Z,2025-11-03T21:31:00Z,5.0,0.6,both_options
2025-11-03T21:31:00Z,2025-11-03T21:43:00Z,2.0,0.2,both_options
2025-11-03T21:43:00Z,2025-11-03T21:55:00Z,3.0,0.2,both_options
2025-11-03T21:55:00Z,2025-11-03T22:07:00Z,4.0,0.2,both_options
2025-11-03T22:07:00Z,2025-11-03T22:45:00Z,3.0,0.6333333333333333,both_options
2025-11-03T22:45:00Z,2025-11-03T22:55:00Z,4.0,0.16666666666666666,both_options
2025-11-03T22:55:00Z,2025-11-03T23:20:00Z,5.0,0.4166666666666667,both_options
2025-11-03T23:20:00Z,2025-11-03T23:35:00Z,4.0,0.25,both_options
2025-11-03T23:35:00Z,2025-11-03T23:55:00Z,4.0,0.3333333333333333,both_options
2025-11-03T23:55:00Z,2025-11-04T00:17:00Z,4.0,0.36666666666666664,both_options
2025-11-04T00:17:00Z,2025-11-04T00:27:00Z,3.0,0.16666666666666666,both_options
2025-11-04T00:27:00Z,2025-11-04T00:41:00Z,4.0,0.23333333333333334,both_options
2025-11-04T00:41:00Z,2025-11-04T00:45:00Z,2.5,0.06666666666666667,both_options
2025-11-04T00:45:00Z,2025-11-04T00:55:00Z,3.0,0.16666666666666666,both_options
2025-11-04T00:55:00Z,2025-11-04T01:16:00Z,5.0,0.35,both_options
2025-11-04T01:16:00Z,2025-11-04T01:29:00Z,7.0,0.21666666666666667,both_options
2025-11-04T01:29:00Z,2025-11-04T01:55:00Z,8.0,0.43333333333333335,both_options
2025-11-04T01:55:00Z,2025-11-04T02:40:00Z,7.0,0.75,both_options
2025-11-04T02:40:00Z,2025-11-04T02:55:00Z,8.0,0.25,both_options
2025-11-04T02:55:00Z,2025-11-04T03:55:00Z,8.0,1.0,both_options
2025-11-04T03:55:00Z,2025-11-04T04:55:00Z,10.0,1.0,both_options
2025-11-04T04:55:00Z,2025-11-04T05:55:00Z,10.0,1.0,both_options
2025-11-04T05:55:00Z,2025-11-04T06:55:00Z,10.0,1.0,both_options
2025-11-04T06:55:00Z,2025-11-04T07:55:00Z,10.0,1.0,both_options
2025-11-04T07:55:00Z,2025-11-04T08:55:00Z,10.0,1.0,both_options
2025-11-04T08:55:00Z,2025-11-04T09:15:00Z,10.0,0.3333333333333333,both_options
2025-11-04T09:15:00Z,2025-11-04T09:36:00Z,10.0,0.35,both_options
2025-11-04T09:36:00Z,2025-11-04T09:55:00Z,9.0,0.31666666666666665,both_options
2025-11-04T09:55:00Z,2025-11-04T10:55:00Z,10.0,1.0,both_options
2025-11-04T10:55:00Z,2025-11-04T11:09:00Z,10.0,0.23333333333333334,both_options
2025-11-04T11:09:00Z,2025-11-04T11:55:00Z,8.0,0.7666666666666667,both_options
2025-11-04T11:55:00Z,2025-11-04T12:02:00Z,1.5,0.11666666666666667,both_options
2025-11-04T12:02:00Z,2025-11-04T12:11:00Z,1.0,0.15,both_options
2025-11-04T12:11:00Z,2025-11-04T12:19:00Z,0.75,0.13333333333333333,lower_only
2025-11-04T12:19:00Z,2025-11-04T12:24:00Z,1.0,0.08333333333333333,both_options
2025-11-04T12:24:00Z,2025-11-04T12:26:00Z,2.5,0.03333333333333333,both_options
2025-11-04T12:26:00Z,2025-11-04T12:55:00Z,5.0,0.48333333333333334,both_options
2025-11-04T12:55:00Z,2025-11-04T13:55:00Z,10.0,1.0,both_options
2025-11-04T13:55:00Z,2025-11-04T14:55:00Z,10.0,1.0,both_options
2025-11-04T14:55:00Z,2025-11-04T15:55:00Z,10.0,1.0,both_options
2025-11-04T15:55:00Z,2025-11-04T16:55:00Z,9.0,1.0,both_options
2025-11-04T16:55:00Z,2025-11-04T17:19:00Z,10.0,0.4,both_options
2025-11-04T17:19:00Z,2025-11-04T17:55:00Z,8.0,0.6,both_options
2025-11-04T17:55:00Z,2025-11-04T18:55:00Z,10.0,1.0,both_options
2025-11-04T18:55:00Z,2025-11-04T19:55:00Z,10.0,1.0,both_options
2025-11-04T19:55:00Z,2025-11-04T20:55:00Z,10.0,1.0,both_options
2025-11-04T20:55:00Z,2025-11-04T21:55:00Z,9.0,1.0,both_options
2025-11-04T21:55:00Z,2025-11-04T22:55:00Z,10.0,1.0,both_options
2025-11-04T22:55:00Z,2025-11-04T23:55:00Z,10.0,1.0,both_options
2025-11-04T23:55:00Z,2025-11-05T00:55:00Z,10.0,1.0,both_options
2025-11-05T00:55:00Z,2025-11-05T01:55:00Z,8.0,1.0,both_options
2025-11-05T01:55:00Z,2025-11-05T02:55:00Z,10.0,1.0,both_options
2025-11-05T02:55:00Z,2025-11-05T03:55:00Z,7.0,1.0,both_options
2025-11-05T03:55:00Z,2025-11-05T04:55:00Z,8.0,1.0,both_options
2025-11-05T04:55:00Z,2025-11-05T05:55:00Z,10.0,1.0,both_options
2025-11-05T05:55:00Z,2025-11-05T06:55:00Z,7.0,1.0,both_options
2025-11-05T06:55:00Z,2025-11-05T07:55:00Z,5.0,1.0,both_options
2025-11-05T07:55:00Z,2025-11-05T08:55:00Z,9.0,1.0,both_options
2025-11-05T08:55:00Z,2025-11-05T09:55:00Z,8.0,1.0,both_options
2025-11-05T09:55:00Z,2025-11-05T10:55:00Z,10.0,1.0,both_options
2025-11-05T10:55:00Z,2025-11-05T11:55:00Z,10.0,1.0,both_options
2025-11-05T11:55:00Z,2025-11-05T12:55:00Z,10.0,1.0,both_options
2025-11-05T12:55:00Z,2025-11-05T13:55:00Z,10.0,1.0,both_options
2025-11-05T13:55:00Z,2025-11-05T14:55:00Z,6.0,1.0,both_options
2025-11-05T14:55:00Z,2025-11-05T15:55:00Z,9.0,1.0,both_options
2025-11-05T15:55:00Z,2025-11-05T16:55:00Z,10.0,1.0,both_options
2025-11-05T16:55:00Z,2025-11-05T17:28:00Z,8.0,0.55,both_options
2025-11-05T17:28:00Z,2025-11-05T17:55:00Z,6.0,0.45,both_options
2025-11-05T17:55:00Z,2025-11-05T18:22:00Z,6.0,0.45,both_options
2025-11-05T18:22:00Z,2025-11-05T18:34:00Z,5.0,0.2,both_options
2025-11-05T18:34:00Z,2025-11-05T18:55:00Z,6.0,0.35,both_options
2025-11-05T18:55:00Z,2025-11-05T19:55:00Z,5.0,1.0,both_options
2025-11-05T19:55:00Z,2025-11-05T20:55:00Z,6.0,1.0,both_options
2025-11-05T20:55:00Z,2025-11-05T20:59:00Z,3.0,0.06666666666666667,both_options
2025-11-05T20:59:00Z,2025-11-05T21:07:00Z,2.0,0.13333333333333333,both_options
2025-11-05T21:07:00Z,2025-11-05T21:28:00Z,1.75,0.35,both_options
2025-11-05T21:28:00Z,2025-11-05T21:36:00Z,2.0,0.13333333333333333,both_options
2025-11-05T21:36:00Z,2025-11-05T21:43:00Z,2.5,0.11666666666666667,both_options
2025-11-05T21:43:00Z,2025-11-05T21:51:00Z,5.0,0.13333333333333333,both_options
2025-11-05T21:51:00Z,2025-11-05T21:55:00Z,8.0,0.06666666666666667,both_options
2025-11-05T21:55:00Z,2025-11-05T22:10:00Z,8.0,0.25,both_options
2025-11-05T22:10:00Z,2025-11-05T22:32:00Z,1.75,0.36666666666666664,both_options
2025-11-05T22:32:00Z,2025-11-05T22:44:00Z,1.0,0.2,both_options
2025-11-05T22:44:00Z,2025-11-05T22:53:00Z,2.0,0.15,both_options
2025-11-05T22:53:00Z,2025-11-05T22:55:00Z,7.0,0.03333333333333333,both_options
2025-11-05T22:55:00Z,2025-11-05T23:33:00Z,7.0,0.6333333333333333,both_options
2025-11-05T23:33:00Z,2025-11-05T23:55:00Z,6.0,0.36666666666666664,both_options
2025-11-05T23:55:00Z,2025-11-06T00:10:00Z,6.0,0.25,both_options
2025-11-06T00:10:00Z,2025-11-06T00:55:00Z,5.0,0.75,both_options
2025-11-06T00:55:00Z,2025-11-06T01:55:00Z,6.0,1.0,both_options
2025-11-06T01:55:00Z,2025-11-06T02:55:00Z,7.0,1.0,both_options
2025-11-06T02:55:00Z,2025-11-06T03:55:00Z,6.0,1.0,both_options
2025-11-06T03:55:00Z,2025-11-06T04:55:00Z,7.0,1.0,both_options
2025-11-06T04:55:00Z,2025-11-06T05:04:00Z,7.0,0.15,both_options
2025-11-06T05:04:00Z,2025-11-06T05:55:00Z,7.0,0.85,both_options
2025-11-06T05:55:00Z,2025-11-06T06:09:00Z,7.0,0.23333333333333334,both_options
2025-11-06T06:09:00Z,2025-11-06T06:31:00Z,6.0,0.36666666666666664,both_options
2025-11-06T06:31:00Z,2025-11-06T06:55:00Z,7.0,0.4,both_options
2025-11-06T06:55:00Z,2025-11-06T07:55:00Z,7.0,1.0,both_options
2025-11-06T07:55:00Z,2025-11-06T08:55:00Z,7.0,1.0,both_options
2025-11-06T08:55:00Z,2025-11-06T09:55:00Z,9.0,1.0,both_options
2025-11-06T09:55:00Z,2025-11-06T10:02:00Z,3.0,0.11666666666666667,both_options
2025-11-06T10:02:00Z,2025-11-06T10:06:00Z,2.0,0.06666666666666667,both_options
2025-11-06T10:06:00Z,2025-11-06T10:15:00Z,3.0,0.15,both_options
2025-11-06T10:15:00Z,2025-11-06T10:21:00Z,2.5,0.1,both_options
2025-11-06T10:21:00Z,2025-11-06T10:28:00Z,1.5,0.11666666666666667,both_options
2025-11-06T10:28:00Z,2025-11-06T10:36:00Z,3.0,0.13333333333333333,both_options
2025-11-06T10:36:00Z,2025-11-06T10:55:00Z,7.0,0.31666666666666665,both_options
2025-11-06T10:55:00Z,2025-11-06T11:45:00Z,9.0,0.8333333333333334,both_options
2025-11-06T11:45:00Z,2025-11-06T11:55:00Z,8.0,0.16666666666666666,both_options
2025-11-06T11:55:00Z,2025-11-06T12:13:00Z,6.0,0.3,both_options
2025-11-06T12:13:00Z,2025-11-06T12:24:00Z,4.0,0.18333333333333332,both_options
2025-11-06T12:24:00Z,2025-11-06T12:55:00Z,5.0,0.5166666666666667,both_options
2025-11-06T12:55:00Z,2025-11-06T13:05:00Z,2.5,0.16666666666666666,both_options
2025-11-06T13:05:00Z,2025-11-06T13:28:00Z,5.0,0.38333333333333336,both_options
2025-11-06T13:28:00Z,2025-11-06T13:44:00Z,6.0,0.26666666666666666,both_options
2025-11-06T13:44:00Z,2025-11-06T13:48:00Z,4.0,0.06666666666666667,both_options
2025-11-06T13:48:00Z,2025-11-06T13:55:00Z,2.5,0.11666666666666667,both_options
2025-11-06T13:55:00Z,2025-11-06T14:27:00Z,3.0,0.5333333333333333,both_options
2025-11-06T14:27:00Z,2025-11-06T14:36:00Z,6.0,0.15,both_options
2025-11-06T14:36:00Z,2025-11-06T14:48:00Z,6.0,0.2,both_options
2025-11-06T14:48:00Z,2025-11-06T14:55:00Z,7.0,0.11666666666666667,both_options
2025-11-06T14:55:00Z,2025-11-06T15:55:00Z,7.0,1.0,both_options
2025-11-06T15:55:00Z,2025-11-06T16:55:00Z,5.0,1.0,both_options
2025-11-06T16:55:00Z,2025-11-06T17:55:00Z,7.0,1.0,both_options
2025-11-06T17:55:00Z,2025-11-06T18:41:00Z,5.0,0.7666666666666667,both_options
2025-11-06T18:41:00Z,2025-11-06T18:55:00Z,3.0,0.23333333333333334,both_options
2025-11-06T18:55:00Z,2025-11-06T19:26:00Z,4.0,0.5166666666666667,both_options
2025-11-06T19:26:00Z,2025-11-06T19:40:00Z,2.5,0.23333333333333334,both_options
2025-11-06T19:40:00Z,2025-11-06T19:47:00Z,2.0,0.11666666666666667,both_options
2025-11-06T19:47:00Z,2025-11-06T19:55:00Z,3.0,0.13333333333333333,both_options
2025-11-06T19:55:00Z,2025-11-06T20:26:00Z,7.0,0.5166666666666667,both_options
2025-11-06T20:26:00Z,2025-11-06T20:55:00Z,10.0,0.48333333333333334,both_options
2025-11-06T20:55:00Z,2025-11-06T21:13:00Z,8.0,0.3,both_options
2025-11-06T21:13:00Z,2025-11-06T21:20:00Z,2.0,0.11666666666666667,both_options
2025-11-06T21:20:00Z,2025-11-06T21:28:00Z,1.75,0.13333333333333333,both_options
2025-11-06T21:28:00Z,2025-11-06T21:40:00Z,3.0,0.2,both_options
2025-11-06T21:40:00Z,2025-11-06T21:55:00Z,2.5,0.25,both_options
2025-11-06T21:55:00Z,2025-11-06T22:03:00Z,2.0,0.13333333333333333,both_options
2025-11-06T22:03:00Z,2025-11-06T22:13:00Z,1.5,0.16666666666666666,both_options
2025-11-06T22:13:00Z,2025-11-06T22:32:00Z,2.5,0.31666666666666665,both_options
2025-11-06T22:32:00Z,2025-11-06T22:55:00Z,3.0,0.38333333333333336,both_options
2025-11-06T22:55:00Z,2025-11-06T23:07:00Z,3.0,0.2,both_options
2025-11-06T23:07:00Z,2025-11-06T23:21:00Z,2.5,0.23333333333333334,both_options
2025-11-06T23:21:00Z,2025-11-06T23:55:00Z,5.0,0.5666666666666667,both_options
2025-11-06T23:55:00Z,2025-11-07T00:55:00Z,7.0,1.0,both_options
2025-11-07T00:55:00Z,2025-11-07T01:08:00Z,6.0,0.21666666666666667,both_options
2025-11-07T01:08:00Z,2025-11-07T01:12:00Z,2.0,0.06666666666666667,both_options
2025-11-07T01:12:00Z,2025-11-07T01:17:00Z,1.5,0.08333333333333333,both_options
2025-11-07T01:17:00Z,2025-11-07T01:25:00Z,2.0,0.13333333333333333,both_options
2025-11-07T01:25:00Z,2025-11-07T01:55:00Z,4.0,0.5,both_options
2025-11-07T01:55:00Z,2025-11-07T02:55:00Z,7.0,1.0,both_options
2025-11-07T02:55:00Z,2025-11-07T03:12:00Z,8.0,0.2833333333333333,both_options
2025-11-07T03:12:00Z,2025-11-07T03:55:00Z,7.0,0.7166666666666667,both_options
2025-11-07T03:55:00Z,2025-11-07T04:55:00Z,8.0,1.0,both_options
2025-11-07T04:55:00Z,2025-11-07T05:55:00Z,8.0,1.0,both_options
2025-11-07T05:55:00Z,2025-11-07T06:55:00Z,10.0,1.0,both_options
2025-11-07T06:55:00Z,2025-11-07T07:55:00Z,9.0,1.0,both_options
2025-11-07T07:55:00Z,2025-11-07T08:55:00Z,10.0,1.0,both_options
2025-11-07T08:55:00Z,2025-11-07T09:55:00Z,9.0,1.0,both_options
2025-11-07T09:55:00Z,2025-11-07T10:19:00Z,9.0,0.4,both_options
2025-11-07T10:19:00Z,2025-11-07T10:26:00Z,8.0,0.11666666666666667,both_options
2025-11-07T10:26:00Z,2025-11-07T10:55:00Z,10.0,0.48333333333333334,both_options
2025-11-07T10:55:00Z,2025-11-07T11:55:00Z,9.0,1.0,both_options
2025-11-07T11:55:00Z,2025-11-07T12:55:00Z,8.0,1.0,both_options
2025-11-07T12:55:00Z,2025-11-07T13:55:00Z,6.0,1.0,both_options
2025-11-07T13:55:00Z,2025-11-07T14:55:00Z,6.0,1.0,both_options
2025-11-07T14:55:00Z,2025-11-07T15:19:00Z,6.0,0.4,both_options
2025-11-07T15:19:00Z,2025-11-07T15:55:00Z,5.0,0.6,both_options
2025-11-07T15:55:00Z,2025-11-07T16:23:00Z,4.0,0.4666666666666667,both_options
2025-11-07T16:23:00Z,2025-11-07T16:55:00Z,5.0,0.5333333333333333,both_options
2025-11-07T16:55:00Z,2025-11-07T17:15:00Z,5.0,0.3333333333333333,both_options
2025-11-07T17:15:00Z,2025-11-07T17:55:00Z,10.0,0.6666666666666666,both_options
2025-11-07T17:55:00Z,2025-11-07T17:58:00Z,4.0,0.05,both_options
2025-11-07T17:58:00Z,2025-11-07T18:05:00Z,1.75,0.11666666666666667,both_options
2025-11-07T18:05:00Z,2025-11-07T18:18:00Z,2.0,0.21666666666666667,both_options
2025-11-07T18:18:00Z,2025-11-07T18:30:00Z,3.0,0.2,both_options
2025-11-07T18:30:00Z,2025-11-07T18:55:00Z,5.0,0.4166666666666667,both_options
2025-11-07T18:55:00Z,2025-11-07T19:55:00Z,6.0,1.0,both_options
2025-11-07T19:55:00Z,2025-11-07T20:15:00Z,8.0,0.3333333333333333,both_options
2025-11-07T20:15:00Z,2025-11-07T20:27:00Z,9.0,0.2,both_options
2025-11-07T20:27:00Z,2025-11-07T20:51:00Z,9.0,0.4,both_options
2025-11-07T20:51:00Z,2025-11-07T20:55:00Z,10.0,0.06666666666666667,both_options
2025-11-07T20:55:00Z,2025-11-07T21:21:00Z,10.0,0.43333333333333335,both_options
2025-11-07T21:21:00Z,2025-11-07T21:55:00Z,10.0,0.5666666666666667,both_options
2025-11-07T21:55:00Z,2025-11-07T22:47:00Z,10.0,0.8666666666666667,both_options
2025-11-07T22:47:00Z,2025-11-07T22:55:00Z,10.0,0.13333333333333333,both_options
2025-11-07T22:55:00Z,2025-11-07T23:15:00Z,10.0,0.3333333333333333,both_options
2025-11-07T23:15:00Z,2025-11-07T23:55:00Z,8.0,0.6666666666666666,both_options
2025-11-07T23:55:00Z,2025-11-08T00:55:00Z,9.0,1.0,both_options
2025-11-08T00:55:00Z,2025-11-08T01:55:00Z,8.0,1.0,both_options
2025-11-08T01:55:00Z,2025-11-08T02:55:00Z,8.0,1.0,both_options
2025-11-08T02:55:00Z,2025-11-08T03:55:00Z,8.0,1.0,both_options
2025-11-08T03:55:00Z,2025-11-08T04:55:00Z,9.0,1.0,both_options
2025-11-08T04:55:00Z,2025-11-08T05:55:00Z,8.0,1.0,both_options
2025-11-08T05:55:00Z,2025-11-08T06:55:00Z,10.0,1.0,both_options
2025-11-08T06:55:00Z,2025-11-08T07:55:00Z,9.0,1.0,both_options
2025-11-08T07:55:00Z,2025-11-08T08:55:00Z,8.0,1.0,both_options
2025-11-08T08:55:00Z,2025-11-08T09:55:00Z,4.0,1.0,both_options
2025-11-08T09:55:00Z,2025-11-08T10:55:00Z,5.0,1.0,both_options
2025-11-08T10:55:00Z,2025-11-08T11:55:00Z,7.0,1.0,both_options
2025-11-08T11:55:00Z,2025-11-08T12:55:00Z,5.0,1.0,both_options
2025-11-08T12:55:00Z,2025-11-08T13:55:00Z,7.0,1.0,both_options
2025-11-08T13:55:00Z,2025-11-08T14:55:00Z,9.0,1.0,both_options
2025-11-08T14:55:00Z,2025-11-08T15:55:00Z,10.0,1.0,both_options
2025-11-08T15:55:00Z,2025-11-08T16:55:00Z,10.0,1.0,both_options
2025-11-08T16:55:00Z,2025-11-08T17:55:00Z,10.0,1.0,both_options
2025-11-08T17:55:00Z,2025-11-08T18:55:00Z,10.0,1.0,both_options
2025-11-08T18:55:00Z,2025-11-08T19:55:00Z,10.0,1.0,both_options
2025-11-08T19:55:00Z,2025-11-08T20:55:00Z,10.0,1.0,both_options
2025-11-08T20:55:00Z,2025-11-08T21:55:00Z,10.0,1.0,both_options
2025-11-08T21:55:00Z,2025-11-08T22:55:00Z,10.0,1.0,both_options
2025-11-08T22:55:00Z,2025-11-08T23:55:00Z,10.0,1.0,both_options
2025-11-08T23:55:00Z,2025-11-09T00:55:00Z,10.0,1.0,both_options
2025-11-09T00:55:00Z,2025-11-09T01:55:00Z,10.0,1.0,both_options
2025-11-09T01:55:00Z,2025-11-09T02:55:00Z,10.0,1.0,both_options
2025-11-09T02:55:00Z,2025-11-09T03:55:00Z,10.0,1.0,both_options
2025-11-09T03:55:00Z,2025-11-09T04:55:00Z,10.0,1.0,both_options
2025-11-09T04:55:00Z,2025-11-09T05:55:00Z,10.0,1.0,both_options
2025-11-09T05:55:00Z,2025-11-09T06:55:00Z,10.0,1.0,both_options
2025-11-09T06:55:00Z,2025-11-09T07:55:00Z,10.0,1.0,both_options
2025-11-09T07:55:00Z,2025-11-09T08:55:00Z,10.0,1.0,both_options
2025-11-09T08:55:00Z,2025-11-09T09:55:00Z,10.0,1.0,both_options
2025-11-09T09:55:00Z,2025-11-09T10:55:00Z,10.0,1.0,both_options
2025-11-09T10:55:00Z,2025-11-09T11:55:00Z,10.0,1.0,both_options
2025-11-09T11:55:00Z,2025-11-09T12:55:00Z,10.0,1.0,both_options
2025-11-09T12:55:00Z,2025-11-09T13:55:00Z,10.0,1.0,both_options
2025-11-09T13:55:00Z,2025-11-09T14:55:00Z,10.0,1.0,both_options
2025-11-09T14:55:00Z,2025-11-09T15:55:00Z,10.0,1.0,both_options
2025-11-09T15:55:00Z,2025-11-09T16:55:00Z,10.0,1.0,both_options
2025-11-09T16:55:00Z,2025-11-09T17:55:00Z,10.0,1.0,both_options
2025-11-09T17:55:00Z,2025-11-09T18:55:00Z,10.0,1.0,both_options
2025-11-09T18:55:00Z,2025-11-09T19:55:00Z,10.0,1.0,both_options
2025-11-09T19:55:00Z,2025-11-09T20:55:00Z,10.0,1.0,both_options
2025-11-09T20:55:00Z,2025-11-09T21:55:00Z,10.0,1.0,both_options
2025-11-09T21:55:00Z,2025-11-09T22:55:00Z,10.0,1.0,both_options
2025-11-09T22:55:00Z,2025-11-09T23:55:00Z,10.0,1.0,both_options
2025-11-09T23:55:00Z,2025-11-10T00:55:00Z,10.0,1.0,both_options
2025-11-10T00:55:00Z,2025-11-10T01:55:00Z,10.0,1.0,both_options
2025-11-10T01:55:00Z,2025-11-10T02:55:00Z,10.0,1.0,both_options
2025-11-10T02:55:00Z,2025-11-10T03:55:00Z,10.0,1.0,both_options
2025-11-10T03:55:00Z,2025-11-10T04:55:00Z,10.0,1.0,both_options
2025-11-10T04:55:00Z,2025-11-10T05:55:00Z,10.0,1.0,both_options
2025-11-10T05:55:00Z,2025-11-10T06:47:00Z,10.0,0.8666666666666667,both_options
2025-11-10T06:47:00Z,2025-11-10T06:55:00Z,10.0,0.13333333333333333,both_options
2025-11-10T06:55:00Z,2025-11-10T07:34:00Z,10.0,0.65,both_options
2025-11-10T07:34:00Z,2025-11-10T07:55:00Z,2.5,0.35,both_options
2025-11-10T07:55:00Z,2025-11-10T08:11:00Z,2.0,0.26666666666666666,both_options
2025-11-10T08:11:00Z,2025-11-10T08:35:00Z,2.5,0.4,both_options
2025-11-10T08:35:00Z,2025-11-10T08:55:00Z,2.5,0.3333333333333333,both_options
2025-11-10T08:55:00Z,2025-11-10T09:55:00Z,2.0,1.0,both_options
2025-11-10T09:55:00Z,2025-11-10T10:06:00Z,2.0,0.18333333333333332,both_options
2025-11-10T10:06:00Z,2025-11-10T10:55:00Z,3.0,0.8166666666666667,both_options
2025-11-10T10:55:00Z,2025-11-10T11:36:00Z,9.0,0.6833333333333333,both_options
2025-11-10T11:36:00Z,2025-11-10T11:55:00Z,10.0,0.31666666666666665,both_options
2025-11-10T11:55:00Z,2025-11-10T12:55:00Z,10.0,1.0,both_options
2025-11-10T12:55:00Z,2025-11-10T13:22:00Z,8.0,0.45,both_options
2025-11-10T13:22:00Z,2025-11-10T13:35:00Z,3.0,0.21666666666666667,both_options
2025-11-10T13:35:00Z,2025-11-10T13:52:00Z,1.75,0.2833333333333333,both_options
2025-11-10T13:52:00Z,2025-11-10T13:55:00Z,1.25,0.05,both_options
2025-11-10T13:55:00Z,2025-11-10T14:19:00Z,1.25,0.4,both_options
2025-11-10T14:19:00Z,2025-11-10T14:28:00Z,1.75,0.15,both_options
2025-11-10T14:28:00Z,2025-11-10T14:55:00Z,2.5,0.45,both_options
2025-11-10T14:55:00Z,2025-11-10T15:09:00Z,2.0,0.23333333333333334,both_options
2025-11-10T15:09:00Z,2025-11-10T15:52:00Z,3.0,0.7166666666666667,both_options
2025-11-10T15:52:00Z,2025-11-10T15:55:00Z,2.5,0.05,both_options
2025-11-10T15:55:00Z,2025-11-10T16:55:00Z,3.0,1.0,both_options
2025-11-10T16:55:00Z,2025-11-10T17:04:00Z,4.0,0.15,both_options
2025-11-10T17:04:00Z,2025-11-10T17:11:00Z,1.75,0.11666666666666667,both_options
2025-11-10T17:11:00Z,2025-11-10T17:33:00Z,0.75,0.36666666666666664,lower_only
2025-11-10T17:33:00Z,2025-11-10T17:40:00Z,1.25,0.11666666666666667,both_options
2025-11-10T17:40:00Z,2025-11-10T17:55:00Z,1.5,0.25,both_options
2025-11-10T17:55:00Z,2025-11-10T18:16:00Z,0.75,0.35,lower_only
2025-11-10T18:16:00Z,2025-11-10T18:24:00Z,1.5,0.13333333333333333,both_options
2025-11-10T18:24:00Z,2025-11-10T18:55:00Z,3.0,0.5166666666666667,both_options
2025-11-10T18:55:00Z,2025-11-10T19:55:00Z,9.0,1.0,both_options
2025-11-10T19:55:00Z,2025-11-10T20:03:00Z,8.0,0.13333333333333333,both_options
2025-11-10T20:03:00Z,2025-11-10T20:18:00Z,1.75,0.25,both_options
2025-11-10T20:18:00Z,2025-11-10T20:33:00Z,2.0,0.25,both_options
2025-11-10T20:33:00Z,2025-11-10T20:51:00Z,2.5,0.3,both_options
2025-11-10T20:51:00Z,2025-11-10T20:55:00Z,4.0,0.06666666666666667,both_options
2025-11-10T20:55:00Z,2025-11-10T21:28:00Z,5.0,0.55,both_options
2025-11-10T21:28:00Z,2025-11-10T21:55:00Z,10.0,0.45,both_options
2025-11-10T21:55:00Z,2025-11-10T22:19:00Z,10.0,0.4,both_options
2025-11-10T22:19:00Z,2025-11-10T22:55:00Z,10.0,0.6,both_options
2025-11-10T22:55:00Z,2025-11-10T23:53:00Z,10.0,0.9666666666666667,both_options
2025-11-10T23:53:00Z,2025-11-10T23:55:00Z,10.0,0.03333333333333333,both_options
2025-11-10T23:55:00Z,2025-11-11T00:08:00Z,10.0,0.21666666666666667,both_options
2025-11-11T00:08:00Z,2025-11-11T00:42:00Z,10.0,0.5666666666666667,both_options
2025-11-11T00:42:00Z,2025-11-11T00:55:00Z,10.0,0.21666666666666667,both_options
2025-11-11T00:55:00Z,2025-11-11T01:55:00Z,10.0,1.0,both_options
2025-11-11T01:55:00Z,2025-11-11T02:02:00Z,10.0,0.11666666666666667,both_options
2025-11-11T02:02:00Z,2025-11-11T02:35:00Z,10.0,0.55,both_options
2025-11-11T02:35:00Z,2025-11-11T02:55:00Z,10.0,0.3333333333333333,both_options
2025-11-11T02:55:00Z,2025-11-11T03:26:00Z,10.0,0.5166666666666667,both_options
2025-11-11T03:26:00Z,2025-11-11T03:55:00Z,10.0,0.48333333333333334,both_options
2025-11-11T03:55:00Z,2025-11-11T04:55:00Z,10.0,1.0,both_options
2025-11-11T04:55:00Z,2025-11-11T05:18:00Z,10.0,0.38333333333333336,both_options
2025-11-11T05:18:00Z,2025-11-11T05:22:00Z,2.5,0.06666666666666667,both_options
2025-11-11T05:22:00Z,2025-11-11T05:30:00Z,1.25,0.13333333333333333,both_options
2025-11-11T05:30:00Z,2025-11-11T05:37:00Z,1.0,0.11666666666666667,both_options
2025-11-11T05:37:00Z,2025-11-11T05:52:00Z,0.75,0.25,lower_only
2025-11-11T05:52:00Z,2025-11-11T05:55:00Z,0.25,0.05,neither_option
2025-11-11T05:55:00Z,2025-11-11T06:06:00Z,0.25,0.18333333333333332,neither_option
2025-11-11T06:06:00Z,2025-11-11T06:55:00Z,0.5,0.8166666666666667,neither_option
2025-11-11T06:55:00Z,2025-11-11T07:01:00Z,0.75,0.1,lower_only
2025-11-11T07:01:00Z,2025-11-11T07:04:00Z,1.5,0.05,both_options
2025-11-11T07:04:00Z,2025-11-11T07:10:00Z,3.0,0.1,both_options
2025-11-11T07:10:00Z,2025-11-11T07:30:00Z,10.0,0.3333333333333333,both_options
2025-11-11T07:30:00Z,2025-11-11T07:50:00Z,10.0,0.3333333333333333,both_options
2025-11-11T07:50:00Z,2025-11-11T07:55:00Z,8.0,0.08333333333333333,both_options
2025-11-11T07:55:00Z,2025-11-11T08:28:00Z,9.0,0.55,both_options
2025-11-11T08:28:00Z,2025-11-11T08:30:00Z,2.0,0.03333333333333333,both_options
2025-11-11T08:30:00Z,2025-11-11T08:37:00Z,1.25,0.11666666666666667,both_options
2025-11-11T08:37:00Z,2025-11-11T08:55:00Z,0.25,0.3,neither_option
2025-11-11T08:55:00Z,2025-11-11T09:10:00Z,0.25,0.25,neither_option
2025-11-11T09:10:00Z,2025-11-11T09:18:00Z,0.5,0.13333333333333333,neither_option
2025-11-11T09:18:00Z,2025-11-11T09:21:00Z,1.5,0.05,both_options
2025-11-11T09:21:00Z,2025-11-11T09:28:00Z,2.0,0.11666666666666667,both_options
2025-11-11T09:28:00Z,2025-11-11T09:55:00Z,9.0,0.45,both_options
2025-11-11T09:55:00Z,2025-11-11T10:03:00Z,6.0,0.13333333333333333,both_options
2025-11-11T10:03:00Z,2025-11-11T10:05:00Z,2.5,0.03333333333333333,both_options
2025-11-11T10:05:00Z,2025-11-11T10:07:00Z,1.25,0.03333333333333333,both_options
2025-11-11T10:07:00Z,2025-11-11T10:26:00Z,0.75,0.31666666666666665,lower_only
2025-11-11T10:26:00Z,2025-11-11T10:36:00Z,0.25,0.16666666666666666,neither_option
2025-11-11T10:36:00Z,2025-11-11T10:38:00Z,1.0,0.03333333333333333,both_options
2025-11-11T10:38:00Z,2025-11-11T10:45:00Z,2.0,0.11666666666666667,both_options
2025-11-11T10:45:00Z,2025-11-11T10:50:00Z,7.0,0.08333333333333333,both_options
2025-11-11T10:50:00Z,2025-11-11T10:53:00Z,1.75,0.05,both_options
2025-11-11T10:53:00Z,2025-11-11T10:55:00Z,0.75,0.03333333333333333,lower_only
2025-11-11T10:55:00Z,2025-11-11T11:20:00Z,0.75,0.4166666666666667,lower_only
2025-11-11T11:20:00Z,2025-11-11T11:37:00Z,0.25,0.2833333333333333,neither_option
2025-11-11T11:37:00Z,2025-11-11T11:55:00Z,0.5,0.3,neither_option
2025-11-11T11:55:00Z,2025-11-11T12:55:00Z,0.25,1.0,neither_option
2025-11-11T12:55:00Z,2025-11-11T13:55:00Z,0.25,1.0,neither_option
2025-11-11T13:55:00Z,2025-11-11T14:17:00Z,0.25,0.36666666666666664,neither_option
2025-11-11T14:17:00Z,2025-11-11T14:55:00Z,0.75,0.6333333333333333,lower_only
2025-11-11T14:55:00Z,2025-11-11T15:16:00Z,0.5,0.35,neither_option
2025-11-11T15:16:00Z,2025-11-11T15:23:00Z,0.25,0.11666666666666667,neither_option
2025-11-11T15:23:00Z,2025-11-11T15:33:00Z,0.5,0.16666666666666666,neither_option
2025-11-11T15:33:00Z,2025-11-11T15:55:00Z,0.25,0.36666666666666664,neither_option
2025-11-11T15:55:00Z,2025-11-11T16:38:00Z,0.25,0.7166666666666667,neither_option
2025-11-11T16:38:00Z,2025-11-11T16:45:00Z,0.75,0.11666666666666667,lower_only
2025-11-11T16:45:00Z,2025-11-11T16:55:00Z,1.0,0.16666666666666666,both_options
2025-11-11T16:55:00Z,2025-11-11T17:07:00Z,1.0,0.2,both_options
2025-11-11T17:07:00Z,2025-11-11T17:43:00Z,2.0,0.6,both_options
2025-11-11T17:43:00Z,2025-11-11T17:55:00Z,4.0,0.2,both_options
2025-11-11T17:55:00Z,2025-11-11T18:55:00Z,6.0,1.0,both_options
2025-11-11T18:55:00Z,2025-11-11T19:55:00Z,8.0,1.0,both_options
2025-11-11T19:55:00Z,2025-11-11T20:55:00Z,10.0,1.0,both_options
2025-11-11T20:55:00Z,2025-11-11T21:55:00Z,10.0,1.0,both_options
2025-11-11T21:55:00Z,2025-11-11T22:55:00Z,10.0,1.0,both_options
2025-11-11T22:55:00Z,2025-11-11T23:55:00Z,10.0,1.0,both_options
2025-11-11T23:55:00Z,2025-11-12T00:55:00Z,10.0,1.0,both_options
2025-11-12T00:55:00Z,2025-11-12T01:55:00Z,10.0,1.0,both_options
2025-11-12T01:55:00Z,2025-11-12T02:55:00Z,10.0,1.0,both_options
2025-11-12T02:55:00Z,2025-11-12T03:55:00Z,8.0,1.0,both_options
2025-11-12T03:55:00Z,2025-11-12T04:55:00Z,7.0,1.0,both_options
2025-11-12T04:55:00Z,2025-11-12T05:55:00Z,7.0,1.0,both_options
2025-11-12T05:55:00Z,2025-11-12T06:55:00Z,5.0,1.0,both_options
2025-11-12T06:55:00Z,2025-11-12T07:55:00Z,8.0,1.0,both_options
2025-11-12T07:55:00Z,2025-11-12T08:55:00Z,8.0,1.0,both_options
2025-11-12T08:55:00Z,2025-11-12T09:55:00Z,8.0,1.0,both_options
2025-11-12T09:55:00Z,2025-11-12T10:55:00Z,6.0,1.0,both_options
2025-11-12T10:55:00Z,2025-11-12T11:55:00Z,8.0,1.0,both_options
2025-11-12T11:55:00Z,2025-11-12T12:55:00Z,8.0,1.0,both_options
2025-11-12T12:55:00Z,2025-11-12T13:55:00Z,8.0,1.0,both_options
2025-11-12T13:55:00Z,2025-11-12T14:55:00Z,8.0,1.0,both_options
2025-11-12T14:55:00Z,2025-11-12T15:55:00Z,8.0,1.0,both_options
2025-11-12T15:55:00Z,2025-11-12T16:55:00Z,7.0,1.0,both_options
2025-11-12T16:55:00Z,2025-11-12T17:18:00Z,7.0,0.38333333333333336,both_options
2025-11-12T17:18:00Z,2025-11-12T17:26:00Z,7.0,0.13333333333333333,both_options
2025-11-12T17:26:00Z,2025-11-12T17:40:00Z,7.0,0.23333333333333334,both_options
2025-11-12T17:40:00Z,2025-11-12T17:55:00Z,8.0,0.25,both_options
2025-11-12T17:55:00Z,2025-11-12T18:55:00Z,9.0,1.0,both_options
2025-11-12T18:55:00Z,2025-11-12T19:55:00Z,10.0,1.0,both_options
2025-11-12T19:55:00Z,2025-11-12T20:55:00Z,10.0,1.0,both_options
2025-11-12T20:55:00Z,2025-11-12T21:19:00Z,10.0,0.4,both_options
2025-11-12T21:19:00Z,2025-11-12T21:38:00Z,9.0,0.31666666666666665,both_options
2025-11-12T21:38:00Z,2025-11-12T21:55:00Z,9.0,0.2833333333333333,both_options
2025-11-12T21:55:00Z,2025-11-12T22:12:00Z,8.0,0.2833333333333333,both_options
2025-11-12T22:12:00Z,2025-11-12T22:37:00Z,3.0,0.4166666666666667,both_options
2025-11-12T22:37:00Z,2025-11-12T22:55:00Z,9.0,0.3,both_options
2025-11-12T22:55:00Z,2025-11-12T23:36:00Z,9.0,0.6833333333333333,both_options
2025-11-12T23:36:00Z,2025-11-12T23:55:00Z,10.0,0.31666666666666665,both_options
2025-11-12T23:55:00Z,2025-11-13T00:12:00Z,10.0,0.2833333333333333,both_options
2025-11-13T00:12:00Z,2025-11-13T00:42:00Z,10.0,0.5,both_options
2025-11-13T00:42:00Z,2025-11-13T00:55:00Z,10.0,0.21666666666666667,both_options
2025-11-13T00:55:00Z,2025-11-13T01:36:00Z,10.0,0.6833333333333333,both_options
2025-11-13T01:36:00Z,2025-11-13T01:55:00Z,10.0,0.31666666666666665,both_options
2025-11-13T01:55:00Z,2025-11-13T02:55:00Z,10.0,1.0,both_options
2025-11-13T02:55:00Z,2025-11-13T03:30:00Z,10.0,0.5833333333333334,both_options
2025-11-13T03:30:00Z,2025-11-13T03:55:00Z,10.0,0.4166666666666667,both_options
2025-11-13T03:55:00Z,2025-11-13T04:55:00Z,9.0,1.0,both_options
2025-11-13T04:55:00Z,2025-11-13T05:09:00Z,8.0,0.23333333333333334,both_options
2025-11-13T05:09:00Z,2025-11-13T05:55:00Z,10.0,0.7666666666666667,both_options
2025-11-13T05:55:00Z,2025-11-13T06:30:00Z,8.0,0.5833333333333334,both_options
2025-11-13T06:30:00Z,2025-11-13T06:55:00Z,7.0,0.4166666666666667,both_options
2025-11-13T06:55:00Z,2025-11-13T07:05:00Z,7.0,0.16666666666666666,both_options
2025-11-13T07:05:00Z,2025-11-13T07:55:00Z,8.0,0.8333333333333334,both_options
2025-11-13T07:55:00Z,2025-11-13T08:55:00Z,9.0,1.0,both_options
2025-11-13T08:55:00Z,2025-11-13T09:55:00Z,5.0,1.0,both_options
2025-11-13T09:55:00Z,2025-11-13T10:55:00Z,4.0,1.0,both_options
2025-11-13T10:55:00Z,2025-11-13T11:55:00Z,5.0,1.0,both_options
2025-11-13T11:55:00Z,2025-11-13T12:39:00Z,5.0,0.7333333333333333,both_options
2025-11-13T12:39:00Z,2025-11-13T12:55:00Z,2.5,0.26666666666666666,both_options
2025-11-13T12:55:00Z,2025-11-13T13:10:00Z,2.5,0.25,both_options
2025-11-13T13:10:00Z,2025-11-13T13:46:00Z,3.0,0.6,both_options
2025-11-13T13:46:00Z,2025-11-13T13:55:00Z,2.5,0.15,both_options
2025-11-13T13:55:00Z,2025-11-13T14:10:00Z,4.0,0.25,both_options
2025-11-13T14:10:00Z,2025-11-13T14:44:00Z,5.0,0.5666666666666667,both_options
2025-11-13T14:44:00Z,2025-11-13T14:55:00Z,6.0,0.18333333333333332,both_options
2025-11-13T14:55:00Z,2025-11-13T15:55:00Z,6.0,1.0,both_options
2025-11-13T15:55:00Z,2025-11-13T16:55:00Z,5.0,1.0,both_options
2025-11-13T16:55:00Z,2025-11-13T17:55:00Z,3.0,1.0,both_options
2025-11-13T17:55:00Z,2025-11-13T18:55:00Z,3.0,1.0,both_options
2025-11-13T18:55:00Z,2025-11-13T19:52:00Z,7.0,0.95,both_options
2025-11-13T19:52:00Z,2025-11-13T19:55:00Z,1.75,0.05,both_options
2025-11-13T19:55:00Z,2025-11-13T20:07:00Z,1.25,0.2,both_options
2025-11-13T20:07:00Z,2025-11-13T20:26:00Z,1.5,0.31666666666666665,both_options
2025-11-13T20:26:00Z,2025-11-13T20:33:00Z,1.5,0.11666666666666667,both_options
2025-11-13T20:33:00Z,2025-11-13T20:55:00Z,3.0,0.36666666666666664,both_options
2025-11-13T20:55:00Z,2025-11-13T21:55:00Z,3.0,1.0,both_options
2025-11-13T21:55:00Z,2025-11-13T22:55:00Z,9.0,1.0,both_options
2025-11-13T22:55:00Z,2025-11-13T23:11:00Z,10.0,0.26666666666666666,both_options
2025-11-13T23:11:00Z,2025-11-13T23:55:00Z,8.0,0.7333333333333333,both_options
2025-11-13T23:55:00Z,2025-11-14T00:55:00Z,8.0,1.0,both_options
2025-11-14T00:55:00Z,2025-11-14T01:55:00Z,8.0,1.0,both_options
2025-11-14T01:55:00Z,2025-11-14T02:55:00Z,9.0,1.0,both_options
2025-11-14T02:55:00Z,2025-11-14T03:55:00Z,10.0,1.0,both_options
2025-11-14T03:55:00Z,2025-11-14T04:11:00Z,10.0,0.26666666666666666,both_options
2025-11-14T04:11:00Z,2025-11-14T04:29:00Z,9.0,0.3,both_options
2025-11-14T04:29:00Z,2025-11-14T04:47:00Z,9.0,0.3,both_options
2025-11-14T04:47:00Z,2025-11-14T04:55:00Z,8.0,0.13333333333333333,both_options
2025-11-14T04:55:00Z,2025-11-14T05:55:00Z,8.0,1.0,both_options
2025-11-14T05:55:00Z,2025-11-14T06:55:00Z,6.0,1.0,both_options
2025-11-14T06:55:00Z,2025-11-14T07:55:00Z,8.0,1.0,both_options
2025-11-14T07:55:00Z,2025-11-14T08:55:00Z,8.0,1.0,both_options
2025-11-14T08:55:00Z,2025-11-14T09:55:00Z,8.0,1.0,both_options
2025-11-14T09:55:00Z,2025-11-14T10:14:00Z,8.0,0.31666666666666665,both_options
2025-11-14T10:14:00Z,2025-11-14T10:21:00Z,8.0,0.11666666666666667,both_options
2025-11-14T10:21:00Z,2025-11-14T10:36:00Z,8.0,0.25,both_options
2025-11-14T10:36:00Z,2025-11-14T10:48:00Z,7.0,0.2,both_options
2025-11-14T10:48:00Z,2025-11-14T10:55:00Z,5.0,0.11666666666666667,both_options
2025-11-14T10:55:00Z,2025-11-14T11:55:00Z,3.0,1.0,both_options
2025-11-14T11:55:00Z,2025-11-14T12:55:00Z,8.0,1.0,both_options
2025-11-14T12:55:00Z,2025-11-14T13:34:00Z,9.0,0.65,both_options
2025-11-14T13:34:00Z,2025-11-14T13:55:00Z,9.0,0.35,both_options
2025-11-14T13:55:00Z,2025-11-14T14:55:00Z,9.0,1.0,both_options
2025-11-14T14:55:00Z,2025-11-14T15:22:00Z,9.0,0.45,both_options
2025-11-14T15:22:00Z,2025-11-14T15:36:00Z,6.0,0.23333333333333334,both_options
2025-11-14T15:36:00Z,2025-11-14T15:55:00Z,6.0,0.31666666666666665,both_options
2025-11-14T15:55:00Z,2025-11-14T16:28:00Z,7.0,0.55,both_options
2025-11-14T16:28:00Z,2025-11-14T16:35:00Z,2.0,0.11666666666666667,both_options
2025-11-14T16:35:00Z,2025-11-14T16:48:00Z,1.75,0.21666666666666667,both_options
2025-11-14T16:48:00Z,2025-11-14T16:55:00Z,1.5,0.11666666666666667,both_options
2025-11-14T16:55:00Z,2025-11-14T17:03:00Z,1.5,0.13333333333333333,both_options
2025-11-14T17:03:00Z,2025-11-14T17:09:00Z,1.25,0.1,both_options
2025-11-14T17:09:00Z,2025-11-14T17:17:00Z,2.0,0.13333333333333333,both_options
2025-11-14T17:17:00Z,2025-11-14T17:19:00Z,3.0,0.03333333333333333,both_options
2025-11-14T17:19:00Z,2025-11-14T17:30:00Z,2.5,0.18333333333333332,both_options
2025-11-14T17:30:00Z,2025-11-14T17:37:00Z,1.75,0.11666666666666667,both_options
2025-11-14T17:37:00Z,2025-11-14T17:46:00Z,3.0,0.15,both_options
2025-11-14T17:46:00Z,2025-11-14T17:51:00Z,2.0,0.08333333333333333,both_options
2025-11-14T17:51:00Z,2025-11-14T17:55:00Z,1.75,0.06666666666666667,both_options
2025-11-14T17:55:00Z,2025-11-14T18:05:00Z,1.5,0.16666666666666666,both_options
2025-11-14T18:05:00Z,2025-11-14T18:13:00Z,1.75,0.13333333333333333,both_options
2025-11-14T18:13:00Z,2025-11-14T18:28:00Z,3.0,0.25,both_options
2025-11-14T18:28:00Z,2025-11-14T18:55:00Z,2.0,0.45,both_options
2025-11-14T18:55:00Z,2025-11-14T19:21:00Z,1.75,0.43333333333333335,both_options
2025-11-14T19:21:00Z,2025-11-14T19:39:00Z,1.75,0.3,both_options
2025-11-14T19:39:00Z,2025-11-14T19:55:00Z,1.25,0.26666666666666666,both_options
2025-11-14T19:55:00Z,2025-11-14T20:13:00Z,1.0,0.3,both_options
2025-11-14T20:13:00Z,2025-11-14T20:46:00Z,1.5,0.55,both_options
2025-11-14T20:46:00Z,2025-11-14T20:55:00Z,2.5,0.15,both_options
2025-11-14T20:55:00Z,2025-11-14T21:11:00Z,2.5,0.26666666666666666,both_options
2025-11-14T21:11:00Z,2025-11-14T21:21:00Z,1.5,0.16666666666666666,both_options
2025-11-14T21:21:00Z,2025-11-14T21:32:00Z,1.25,0.18333333333333332,both_options
2025-11-14T21:32:00Z,2025-11-14T21:39:00Z,1.75,0.11666666666666667,both_options
2025-11-14T21:39:00Z,2025-11-14T21:46:00Z,2.0,0.11666666666666667,both_options
2025-11-14T21:46:00Z,2025-11-14T21:55:00Z,1.75,0.15,both_options
2025-11-14T21:55:00Z,2025-11-14T22:10:00Z,1.75,0.25,both_options
2025-11-14T22:10:00Z,2025-11-14T22:18:00Z,2.0,0.13333333333333333,both_options
2025-11-14T22:18:00Z,2025-11-14T22:55:00Z,1.25,0.6166666666666667,both_options
2025-11-14T22:55:00Z,2025-11-14T23:04:00Z,1.5,0.15,both_options
2025-11-14T23:04:00Z,2025-11-14T23:28:00Z,1.25,0.4,both_options
2025-11-14T23:28:00Z,2025-11-14T23:30:00Z,2.0,0.03333333333333333,both_options
2025-11-14T23:30:00Z,2025-11-14T23:55:00Z,3.0,0.4166666666666667,both_options
2025-11-14T23:55:00Z,2025-11-15T00:55:00Z,9.0,1.0,both_options
2025-11-15T00:55:00Z,2025-11-15T01:55:00Z,10.0,1.0,both_options
2025-11-15T01:55:00Z,2025-11-15T02:23:00Z,10.0,0.4666666666666667,both_options
2025-11-15T02:23:00Z,2025-11-15T02:55:00Z,10.0,0.5333333333333333,both_options
2025-11-15T02:55:00Z,2025-11-15T03:55:00Z,10.0,1.0,both_options
2025-11-15T03:55:00Z,2025-11-15T04:18:00Z,6.0,0.38333333333333336,both_options
2025-11-15T04:18:00Z,2025-11-15T04:55:00Z,3.0,0.6166666666666667,both_options
2025-11-15T04:55:00Z,2025-11-15T05:25:00Z,4.0,0.5,both_options
2025-11-15T05:25:00Z,2025-11-15T05:36:00Z,2.5,0.18333333333333332,both_options
2025-11-15T05:36:00Z,2025-11-15T05:46:00Z,3.0,0.16666666666666666,both_options
2025-11-15T05:46:00Z,2025-11-15T05:55:00Z,4.0,0.15,both_options
2025-11-15T05:55:00Z,2025-11-15T06:14:00Z,4.0,0.31666666666666665,both_options
2025-11-15T06:14:00Z,2025-11-15T06:40:00Z,7.0,0.43333333333333335,both_options
2025-11-15T06:40:00Z,2025-11-15T06:55:00Z,7.0,0.25,both_options
2025-11-15T06:55:00Z,2025-11-15T07:24:00Z,2.0,0.48333333333333334,both_options
2025-11-15T07:24:00Z,2025-11-15T07:55:00Z,2.5,0.5166666666666667,both_options
2025-11-15T07:55:00Z,2025-11-15T08:41:00Z,2.5,0.7666666666666667,both_options
2025-11-15T08:41:00Z,2025-11-15T08:55:00Z,3.0,0.23333333333333334,both_options
2025-11-15T08:55:00Z,2025-11-15T09:11:00Z,4.0,0.26666666666666666,both_options
2025-11-15T09:11:00Z,2025-11-15T09:26:00Z,2.5,0.25,both_options
2025-11-15T09:26:00Z,2025-11-15T09:52:00Z,3.0,0.43333333333333335,both_options
2025-11-15T09:52:00Z,2025-11-15T09:55:00Z,2.5,0.05,both_options
2025-11-15T09:55:00Z,2025-11-15T10:04:00Z,2.5,0.15,both_options
2025-11-15T10:04:00Z,2025-11-15T10:24:00Z,3.0,0.3333333333333333,both_options
2025-11-15T10:24:00Z,2025-11-15T10:34:00Z,2.5,0.16666666666666666,both_options
2025-11-15T10:34:00Z,2025-11-15T10:55:00Z,4.0,0.35,both_options
2025-11-15T10:55:00Z,2025-11-15T11:17:00Z,4.0,0.36666666666666664,both_options
2025-11-15T11:17:00Z,2025-11-15T11:26:00Z,2.5,0.15,both_options
2025-11-15T11:26:00Z,2025-11-15T11:37:00Z,3.0,0.18333333333333332,both_options
2025-11-15T11:37:00Z,2025-11-15T11:55:00Z,2.5,0.3,both_options
2025-11-15T11:55:00Z,2025-11-15T12:19:00Z,2.5,0.4,both_options
2025-11-15T12:19:00Z,2025-11-15T12:53:00Z,3.0,0.5666666666666667,both_options
2025-11-15T12:53:00Z,2025-11-15T12:55:00Z,4.0,0.03333333333333333,both_options
2025-11-15T12:55:00Z,2025-11-15T13:27:00Z,4.0,0.5333333333333333,both_options
2025-11-15T13:27:00Z,2025-11-15T13:34:00Z,3.0,0.11666666666666667,both_options
2025-11-15T13:34:00Z,2025-11-15T13:41:00Z,3.0,0.11666666666666667,both_options
2025-11-15T13:41:00Z,2025-11-15T13:50:00Z,3.0,0.15,both_options
2025-11-15T13:50:00Z,2025-11-15T13:55:00Z,3.0,0.08333333333333333,both_options
2025-11-15T13:55:00Z,2025-11-15T14:24:00Z,3.0,0.48333333333333334,both_options
2025-11-15T14:24:00Z,2025-11-15T14:46:00Z,4.0,0.36666666666666664,both_options
2025-11-15T14:46:00Z,2025-11-15T14:55:00Z,4.0,0.15,both_options
2025-11-15T14:55:00Z,2025-11-15T15:08:00Z,4.0,0.21666666666666667,both_options
2025-11-15T15:08:00Z,2025-11-15T15:55:00Z,5.0,0.7833333333333333,both_options
2025-11-15T15:55:00Z,2025-11-15T16:37:00Z,5.0,0.7,both_options
2025-11-15T16:37:00Z,2025-11-15T16:47:00Z,2.5,0.16666666666666666,both_options
2025-11-15T16:47:00Z,2025-11-15T16:55:00Z,4.0,0.13333333333333333,both_options
2025-11-15T16:55:00Z,2025-11-15T17:14:00Z,4.0,0.31666666666666665,both_options
2025-11-15T17:14:00Z,2025-11-15T17:30:00Z,2.5,0.26666666666666666,both_options
2025-11-15T17:30:00Z,2025-11-15T17:46:00Z,6.0,0.26666666666666666,both_options
2025-11-15T17:46:00Z,2025-11-15T17:55:00Z,1.75,0.15,both_options
2025-11-15T17:55:00Z,2025-11-15T18:26:00Z,1.75,0.5166666666666667,both_options
2025-11-15T18:26:00Z,2025-11-15T18:34:00Z,2.0,0.13333333333333333,both_options
2025-11-15T18:34:00Z,2025-11-15T18:55:00Z,1.5,0.35,both_options
2025-11-15T18:55:00Z,2025-11-15T19:02:00Z,1.5,0.11666666666666667,both_options
2025-11-15T19:02:00Z,2025-11-15T19:09:00Z,1.75,0.11666666666666667,both_options
2025-11-15T19:09:00Z,2025-11-15T19:12:00Z,2.0,0.05,both_options
2025-11-15T19:12:00Z,2025-11-15T19:19:00Z,1.75,0.11666666666666667,both_options
2025-11-15T19:19:00Z,2025-11-15T19:55:00Z,1.75,0.6,both_options
2025-11-15T19:55:00Z,2025-11-15T20:08:00Z,1.75,0.21666666666666667,both_options
2025-11-15T20:08:00Z,2025-11-15T20:22:00Z,2.5,0.23333333333333334,both_options
2025-11-15T20:22:00Z,2025-11-15T20:29:00Z,3.0,0.11666666666666667,both_options
2025-11-15T20:29:00Z,2025-11-15T20:36:00Z,4.0,0.11666666666666667,both_options
2025-11-15T20:36:00Z,2025-11-15T20:45:00Z,5.0,0.15,both_options
2025-11-15T20:45:00Z,2025-11-15T20:55:00Z,4.0,0.16666666666666666,both_options
2025-11-15T20:55:00Z,2025-11-15T21:25:00Z,5.0,0.5,both_options
2025-11-15T21:25:00Z,2025-11-15T21:32:00Z,2.5,0.11666666666666667,both_options
2025-11-15T21:32:00Z,2025-11-15T21:40:00Z,2.5,0.13333333333333333,both_options
2025-11-15T21:40:00Z,2025-11-15T21:51:00Z,2.5,0.18333333333333332,both_options
2025-11-15T21:51:00Z,2025-11-15T21:55:00Z,1.75,0.06666666666666667,both_options
2025-11-15T21:55:00Z,2025-11-15T22:05:00Z,2.5,0.16666666666666666,both_options
2025-11-15T22:05:00Z,2025-11-15T22:29:00Z,3.0,0.4,both_options
2025-11-15T22:29:00Z,2025-11-15T22:55:00Z,2.5,0.43333333333333335,both_options
2025-11-15T22:55:00Z,2025-11-15T23:37:00Z,5.0,0.7,both_options
2025-11-15T23:37:00Z,2025-11-15T23:55:00Z,7.0,0.3,both_options
2025-11-15T23:55:00Z,2025-11-16T00:55:00Z,9.0,1.0,both_options
2025-11-16T00:55:00Z,2025-11-16T01:17:00Z,8.0,0.36666666666666664,both_options
2025-11-16T01:17:00Z,2025-11-16T01:27:00Z,1.75,0.16666666666666666,both_options
2025-11-16T01:27:00Z,2025-11-16T01:55:00Z,3.0,0.4666666666666667,both_options
2025-11-16T01:55:00Z,2025-11-16T02:47:00Z,9.0,0.8666666666666667,both_options
2025-11-16T02:47:00Z,2025-11-16T02:55:00Z,6.0,0.13333333333333333,both_options
2025-11-16T02:55:00Z,2025-11-16T03:15:00Z,7.0,0.3333333333333333,both_options
2025-11-16T03:15:00Z,2025-11-16T03:41:00Z,9.0,0.43333333333333335,both_options
2025-11-16T03:41:00Z,2025-11-16T03:55:00Z,10.0,0.23333333333333334,both_options
2025-11-16T03:55:00Z,2025-11-16T04:44:00Z,10.0,0.8166666666666667,both_options
2025-11-16T04:44:00Z,2025-11-16T04:55:00Z,8.0,0.18333333333333332,both_options
2025-11-16T04:55:00Z,2025-11-16T05:25:00Z,7.0,0.5,both_options
2025-11-16T05:25:00Z,2025-11-16T05:55:00Z,5.0,0.5,both_options
2025-11-16T05:55:00Z,2025-11-16T06:01:00Z,4.0,0.1,both_options
2025-11-16T06:01:00Z,2025-11-16T06:06:00Z,1.5,0.08333333333333333,both_options
2025-11-16T06:06:00Z,2025-11-16T06:14:00Z,0.75,0.13333333333333333,lower_only
2025-11-16T06:14:00Z,2025-11-16T06:22:00Z,1.5,0.13333333333333333,both_options
2025-11-16T06:22:00Z,2025-11-16T06:32:00Z,0.75,0.16666666666666666,lower_only
2025-11-16T06:32:00Z,2025-11-16T06:41:00Z,1.0,0.15,both_options
2025-11-16T06:41:00Z,2025-11-16T06:51:00Z,2.0,0.16666666666666666,both_options
2025-11-16T06:51:00Z,2025-11-16T06:55:00Z,5.0,0.06666666666666667,both_options
2025-11-16T06:55:00Z,2025-11-16T07:50:00Z,5.0,0.9166666666666666,both_options
2025-11-16T07:50:00Z,2025-11-16T07:55:00Z,1.75,0.08333333333333333,both_options
2025-11-16T07:55:00Z,2025-11-16T08:03:00Z,0.75,0.13333333333333333,lower_only
2025-11-16T08:03:00Z,2025-11-16T08:13:00Z,1.25,0.16666666666666666,both_options
2025-11-16T08:13:00Z,2025-11-16T08:15:00Z,2.0,0.03333333333333333,both_options
2025-11-16T08:15:00Z,2025-11-16T08:43:00Z,3.0,0.4666666666666667,both_options
2025-11-16T08:43:00Z,2025-11-16T08:49:00Z,1.75,0.1,both_options
2025-11-16T08:49:00Z,2025-11-16T08:55:00Z,0.75,0.1,lower_only
2025-11-16T08:55:00Z,2025-11-16T09:12:00Z,0.5,0.2833333333333333,neither_option
2025-11-16T09:12:00Z,2025-11-16T09:55:00Z,0.25,0.7166666666666667,neither_option
2025-11-16T09:55:00Z,2025-11-16T10:55:00Z,0.25,1.0,neither_option
2025-11-16T10:55:00Z,2025-11-16T11:55:00Z,0.25,1.0,neither_option
2025-11-16T11:55:00Z,2025-11-16T12:08:00Z,1.5,0.21666666666666667,both_options
2025-11-16T12:08:00Z,2025-11-16T12:53:00Z,3.0,0.75,both_options
2025-11-16T12:53:00Z,2025-11-16T12:55:00Z,6.0,0.03333333333333333,both_options
2025-11-16T12:55:00Z,2025-11-16T13:16:00Z,5.0,0.35,both_options
2025-11-16T13:16:00Z,2025-11-16T13:25:00Z,1.75,0.15,both_options
2025-11-16T13:25:00Z,2025-11-16T13:53:00Z,3.0,0.4666666666666667,both_options
2025-11-16T13:53:00Z,2025-11-16T13:55:00Z,5.0,0.03333333333333333,both_options
2025-11-16T13:55:00Z,2025-11-16T14:55:00Z,5.0,1.0,both_options
2025-11-16T14:55:00Z,2025-11-16T15:00:00Z,6.0,0.08333333333333333,both_options
2025-11-16T15:00:00Z,2025-11-16T15:35:00Z,5.0,0.5833333333333334,both_options
2025-11-16T15:35:00Z,2025-11-16T15:50:00Z,2.0,0.25,both_options
2025-11-16T15:50:00Z,2025-11-16T15:55:00Z,3.0,0.08333333333333333,both_options
2025-11-16T15:55:00Z,2025-11-16T16:01:00Z,2.0,0.1,both_options
2025-11-16T16:01:00Z,2025-11-16T16:55:00Z,1.25,0.9,both_options
2025-11-16T16:55:00Z,2025-11-16T17:06:00Z,1.25,0.18333333333333332,both_options
2025-11-16T17:06:00Z,2025-11-16T17:17:00Z,1.75,0.18333333333333332,both_options
2025-11-16T17:17:00Z,2025-11-16T17:52:00Z,3.0,0.5833333333333334,both_options
2025-11-16T17:52:00Z,2025-11-16T17:55:00Z,10.0,0.05,both_options
2025-11-16T17:55:00Z,2025-11-16T18:08:00Z,9.0,0.21666666666666667,both_options
2025-11-16T18:08:00Z,2025-11-16T18:17:00Z,2.5,0.15,both_options
2025-11-16T18:17:00Z,2025-11-16T18:25:00Z,1.5,0.13333333333333333,both_options
2025-11-16T18:25:00Z,2025-11-16T18:41:00Z,2.0,0.26666666666666666,both_options
2025-11-16T18:41:00Z,2025-11-16T18:55:00Z,2.5,0.23333333333333334,both_options
2025-11-16T18:55:00Z,2025-11-16T19:55:00Z,3.0,1.0,both_options
2025-11-16T19:55:00Z,2025-11-16T20:32:00Z,10.0,0.6166666666666667,both_options
2025-11-16T20:32:00Z,2025-11-16T20:44:00Z,10.0,0.2,both_options
2025-11-16T20:44:00Z,2025-11-16T20:55:00Z,10.0,0.18333333333333332,both_options
2025-11-16T20:55:00Z,2025-11-16T21:15:00Z,10.0,0.3333333333333333,both_options
2025-11-16T21:15:00Z,2025-11-16T21:22:00Z,10.0,0.11666666666666667,both_options
2025-11-16T21:22:00Z,2025-11-16T21:55:00Z,8.0,0.55,both_options
2025-11-16T21:55:00Z,2025-11-16T22:55:00Z,10.0,1.0,both_options
2025-11-16T22:55:00Z,2025-11-16T23:53:00Z,10.0,0.9666666666666667,both_options
2025-11-16T23:53:00Z,2025-11-16T23:55:00Z,7.0,0.03333333333333333,both_options
2025-11-16T23:55:00Z,2025-11-17T00:18:00Z,7.0,0.38333333333333336,both_options
2025-11-17T00:18:00Z,2025-11-17T00:31:00Z,2.5,0.21666666666666667,both_options
2025-11-17T00:31:00Z,2025-11-17T00:50:00Z,4.0,0.31666666666666665,both_options
2025-11-17T00:50:00Z,2025-11-17T00:55:00Z,2.0,0.08333333333333333,both_options
2025-11-17T00:55:00Z,2025-11-17T01:06:00Z,2.5,0.18333333333333332,both_options
2025-11-17T01:06:00Z,2025-11-17T01:12:00Z,3.0,0.1,both_options
2025-11-17T01:12:00Z,2025-11-17T01:34:00Z,2.5,0.36666666666666664,both_options
2025-11-17T01:34:00Z,2025-11-17T01:55:00Z,1.75,0.35,both_options
2025-11-17T01:55:00Z,2025-11-17T02:09:00Z,1.5,0.23333333333333334,both_options
2025-11-17T02:09:00Z,2025-11-17T02:16:00Z,2.0,0.11666666666666667,both_options
2025-11-17T02:16:00Z,2025-11-17T02:37:00Z,2.5,0.35,both_options
2025-11-17T02:37:00Z,2025-11-17T02:55:00Z,3.0,0.3,both_options
2025-11-17T02:55:00Z,2025-11-17T03:08:00Z,4.0,0.21666666666666667,both_options
2025-11-17T03:08:00Z,2025-11-17T03:22:00Z,3.0,0.23333333333333334,both_options
2025-11-17T03:22:00Z,2025-11-17T03:55:00Z,4.0,0.55,both_options
2025-11-17T03:55:00Z,2025-11-17T04:33:00Z,8.0,0.6333333333333333,both_options
2025-11-17T04:33:00Z,2025-11-17T04:55:00Z,4.0,0.36666666666666664,both_options
2025-11-17T04:55:00Z,2025-11-17T05:25:00Z,5.0,0.5,both_options
2025-11-17T05:25:00Z,2025-11-17T05:55:00Z,6.0,0.5,both_options
2025-11-17T05:55:00Z,2025-11-17T06:43:00Z,8.0,0.8,both_options
2025-11-17T06:43:00Z,2025-11-17T06:55:00Z,10.0,0.2,both_options
2025-11-17T06:55:00Z,2025-11-17T07:25:00Z,10.0,0.5,both_options
2025-11-17T07:25:00Z,2025-11-17T07:37:00Z,7.0,0.2,both_options
2025-11-17T07:37:00Z,2025-11-17T07:55:00Z,7.0,0.3,both_options
2025-11-17T07:55:00Z,2025-11-17T08:55:00Z,7.0,1.0,both_options
2025-11-17T08:55:00Z,2025-11-17T09:14:00Z,10.0,0.31666666666666665,both_options
2025-11-17T09:14:00Z,2025-11-17T09:55:00Z,10.0,0.6833333333333333,both_options
2025-11-17T09:55:00Z,2025-11-17T10:55:00Z,10.0,1.0,both_options
2025-11-17T10:55:00Z,2025-11-17T11:41:00Z,10.0,0.7666666666666667,both_options
2025-11-17T11:41:00Z,2025-11-17T11:48:00Z,2.5,0.11666666666666667,both_options
2025-11-17T11:48:00Z,2025-11-17T11:55:00Z,6.0,0.11666666666666667,both_options
2025-11-17T11:55:00Z,2025-11-17T12:55:00Z,10.0,1.0,both_options
2025-11-17T12:55:00Z,2025-11-17T13:55:00Z,10.0,1.0,both_options
2025-11-17T13:55:00Z,2025-11-17T14:55:00Z,10.0,1.0,both_options
2025-11-17T14:55:00Z,2025-11-17T15:55:00Z,10.0,1.0,both_options
2025-11-17T15:55:00Z,2025-11-17T16:55:00Z,10.0,1.0,both_options
2025-11-17T16:55:00Z,2025-11-17T17:55:00Z,10.0,1.0,both_options
2025-11-17T17:55:00Z,2025-11-17T18:55:00Z,10.0,1.0,both_options
2025-11-17T18:55:00Z,2025-11-17T19:55:00Z,10.0,1.0,both_options
2025-11-17T19:55:00Z,2025-11-17T20:55:00Z,10.0,1.0,both_options
2025-11-17T20:55:00Z,2025-11-17T21:55:00Z,10.0,1.0,both_options
2025-11-17T21:55:00Z,2025-11-17T22:55:00Z,10.0,1.0,both_options
2025-11-17T22:55:00Z,2025-11-17T23:55:00Z,10.0,1.0,both_options
2025-11-17T23:55:00Z,2025-11-18T00:55:00Z,10.0,1.0,both_options
2025-11-18T00:55:00Z,2025-11-18T01:55:00Z,10.0,1.0,both_options
2025-11-18T01:55:00Z,2025-11-18T02:55:00Z,10.0,1.0,both_options
2025-11-18T02:55:00Z,2025-11-18T03:55:00Z,10.0,1.0,both_options
2025-11-18T03:55:00Z,2025-11-18T04:55:00Z,10.0,1.0,both_options
2025-11-18T04:55:00Z,2025-11-18T05:26:00Z,9.0,0.5166666666666667,both_options
2025-11-18T05:26:00Z,2025-11-18T05:43:00Z,10.0,0.2833333333333333,both_options
2025-11-18T05:43:00Z,2025-11-18T05:55:00Z,9.0,0.2,both_options
2025-11-18T05:55:00Z,2025-11-18T06:55:00Z,10.0,1.0,both_options
2025-11-18T06:55:00Z,2025-11-18T07:55:00Z,10.0,1.0,both_options
2025-11-18T07:55:00Z,2025-11-18T08:55:00Z,10.0,1.0,both_options
2025-11-18T08:55:00Z,2025-11-18T09:55:00Z,10.0,1.0,both_options
2025-11-18T09:55:00Z,2025-11-18T10:55:00Z,10.0,1.0,both_options
2025-11-18T10:55:00Z,2025-11-18T11:55:00Z,10.0,1.0,both_options
2025-11-18T11:55:00Z,2025-11-18T12:55:00Z,10.0,1.0,both_options
2025-11-18T12:55:00Z,2025-11-18T13:55:00Z,7.0,1.0,both_options
2025-11-18T13:55:00Z,2025-11-18T14:55:00Z,10.0,1.0,both_options
2025-11-18T14:55:00Z,2025-11-18T15:55:00Z,10.0,1.0,both_options
2025-11-18T15:55:00Z,2025-11-18T16:55:00Z,8.0,1.0,both_options
2025-11-18T16:55:00Z,2025-11-18T17:55:00Z,10.0,1.0,both_options
2025-11-18T17:55:00Z,2025-11-18T18:55:00Z,10.0,1.0,both_options
2025-11-18T18:55:00Z,2025-11-18T19:55:00Z,10.0,1.0,both_options
2025-11-18T19:55:00Z,2025-11-18T20:55:00Z,9.0,1.0,both_options
2025-11-18T20:55:00Z,2025-11-18T21:55:00Z,10.0,1.0,both_options
2025-11-18T21:55:00Z,2025-11-18T22:55:00Z,10.0,1.0,both_options
2025-11-18T22:55:00Z,2025-11-18T23:55:00Z,10.0,1.0,both_options
2025-11-18T23:55:00Z,2025-11-19T00:55:00Z,10.0,1.0,both_options
2025-11-19T00:55:00Z,2025-11-19T01:55:00Z,10.0,1.0,both_options
2025-11-19T01:55:00Z,2025-11-19T02:55:00Z,10.0,1.0,both_options
2025-11-19T02:55:00Z,2025-11-19T03:55:00Z,10.0,1.0,both_options
2025-11-19T03:55:00Z,2025-11-19T04:23:00Z,9.0,0.4666666666666667,both_options
2025-11-19T04:23:00Z,2025-11-19T04:55:00Z,7.0,0.5333333333333333,both_options
2025-11-19T04:55:00Z,2025-11-19T05:03:00Z,8.0,0.13333333333333333,both_options
2025-11-19T05:03:00Z,2025-11-19T05:20:00Z,5.0,0.2833333333333333,both_options
2025-11-19T05:20:00Z,2025-11-19T05:30:00Z,1.75,0.16666666666666666,both_options
2025-11-19T05:30:00Z,2025-11-19T05:55:00Z,4.0,0.4166666666666667,both_options
2025-11-19T05:55:00Z,2025-11-19T06:09:00Z,9.0,0.23333333333333334,both_options
2025-11-19T06:09:00Z,2025-11-19T06:55:00Z,8.0,0.7666666666666667,both_options
2025-11-19T06:55:00Z,2025-11-19T07:07:00Z,10.0,0.2,both_options
2025-11-19T07:07:00Z,2025-11-19T07:55:00Z,10.0,0.8,both_options
2025-11-19T07:55:00Z,2025-11-19T08:36:00Z,10.0,0.6833333333333333,both_options
2025-11-19T08:36:00Z,2025-11-19T08:48:00Z,10.0,0.2,both_options
2025-11-19T08:48:00Z,2025-11-19T08:53:00Z,1.75,0.08333333333333333,both_options
2025-11-19T08:53:00Z,2025-11-19T08:55:00Z,0.75,0.03333333333333333,lower_only
2025-11-19T08:55:00Z,2025-11-19T09:06:00Z,0.5,0.18333333333333332,neither_option
2025-11-19T09:06:00Z,2025-11-19T09:15:00Z,0.25,0.15,neither_option
2025-11-19T09:15:00Z,2025-11-19T09:35:00Z,0.5,0.3333333333333333,neither_option
2025-11-19T09:35:00Z,2025-11-19T09:39:00Z,1.5,0.06666666666666667,both_options
2025-11-19T09:39:00Z,2025-11-19T09:55:00Z,3.0,0.26666666666666666,both_options
2025-11-19T09:55:00Z,2025-11-19T09:58:00Z,2.0,0.05,both_options
2025-11-19T09:58:00Z,2025-11-19T10:07:00Z,1.25,0.15,both_options
2025-11-19T10:07:00Z,2025-11-19T10:42:00Z,0.5,0.5833333333333334,neither_option
2025-11-19T10:42:00Z,2025-11-19T10:50:00Z,1.5,0.13333333333333333,both_options
2025-11-19T10:50:00Z,2025-11-19T10:55:00Z,2.0,0.08333333333333333,both_options
2025-11-19T10:55:00Z,2025-11-19T11:17:00Z,1.25,0.36666666666666664,both_options
2025-11-19T11:17:00Z,2025-11-19T11:48:00Z,0.5,0.5166666666666667,neither_option
2025-11-19T11:48:00Z,2025-11-19T11:51:00Z,1.5,0.05,both_options
2025-11-19T11:51:00Z,2025-11-19T11:55:00Z,4.0,0.06666666666666667,both_options
2025-11-19T11:55:00Z,2025-11-19T12:55:00Z,6.0,1.0,both_options
2025-11-19T12:55:00Z,2025-11-19T13:55:00Z,8.0,1.0,both_options
2025-11-19T13:55:00Z,2025-11-19T14:55:00Z,9.0,1.0,both_options
2025-11-19T14:55:00Z,2025-11-19T15:55:00Z,10.0,1.0,both_options
2025-11-21T00:03:00Z,2025-11-21T01:03:00Z,8.0,1.0,both_options
2025-11-21T03:56:00Z,2025-11-21T04:53:00Z,10.0,0.95,both_options
2025-11-21T04:53:00Z,2025-11-21T05:53:00Z,10.0,1.0,both_options
2025-11-21T16:02:00Z,2025-11-21T17:02:00Z,5.0,1.0,both_options
2025-11-21T18:50:00Z,2025-11-21T19:50:00Z,10.0,1.0,both_options
2025-11-21T22:53:00Z,2025-11-21T23:53:00Z,8.0,1.0,both_options
2025-11-22T01:05:00Z,2025-11-22T02:05:00Z,9.0,1.0,both_options
2025-11-22T02:52:00Z,2025-11-22T03:52:00Z,8.0,1.0,both_options
2025-11-22T14:00:00Z,2025-11-22T14:59:00Z,8.0,0.9833333333333333,both_options
2025-11-22T14:59:00Z,2025-11-22T15:46:00Z,10.0,0.7833333333333333,both_options
2025-11-22T15:46:00Z,2025-11-22T16:46:00Z,9.0,1.0,both_options
2025-11-22T16:48:00Z,2025-11-22T17:38:00Z,5.0,0.8333333333333334,both_options
2025-11-22T17:38:00Z,2025-11-22T18:38:00Z,1.5,1.0,both_options
2025-11-22T18:43:00Z,2025-11-22T19:43:00Z,7.0,1.0,both_options
2025-11-22T20:45:00Z,2025-11-22T21:45:00Z,6.0,1.0,both_options
2025-11-23T05:57:00Z,2025-11-23T06:57:00Z,10.0,1.0,both_options
2025-11-23T07:59:00Z,2025-11-23T08:59:00Z,7.0,1.0,both_options
2025-11-23T09:43:00Z,2025-11-23T10:43:00Z,5.0,1.0,both_options
2025-11-23T10:59:00Z,2025-11-23T11:59:00Z,6.0,1.0,both_options
2025-11-23T12:51:00Z,2025-11-23T13:51:00Z,3.0,1.0,both_options
2025-11-23T14:10:00Z,2025-11-23T14:42:00Z,3.0,0.5333333333333333,both_options
2025-11-23T14:42:00Z,2025-11-23T15:42:00Z,4.0,1.0,both_options
2025-11-23T16:44:00Z,2025-11-23T17:44:00Z,2.5,1.0,both_options
2025-11-23T18:43:00Z,2025-11-23T19:43:00Z,10.0,1.0,both_options
2025-11-23T20:44:00Z,2025-11-23T21:44:00Z,10.0,1.0,both_options
2025-11-24T07:48:00Z,2025-11-24T08:48:00Z,9.0,1.0,both_options
2025-11-24T09:50:00Z,2025-11-24T10:50:00Z,9.0,1.0,both_options
2025-11-24T10:51:00Z,2025-11-24T11:51:00Z,9.0,1.0,both_options
2025-11-24T11:51:00Z,2025-11-24T12:43:00Z,9.0,0.8666666666666667,both_options
2025-11-24T12:43:00Z,2025-11-24T13:43:00Z,9.0,1.0,both_options
2025-11-26T23:48:00Z,2025-11-27T00:48:00Z,5.0,1.0,both_options
2025-11-27T22:02:00Z,2025-11-27T23:02:00Z,10.0,1.0,both_options
2025-11-28T00:06:00Z,2025-11-28T01:00:00Z,1.75,0.9,both_options
2025-11-28T01:00:00Z,2025-11-28T02:00:00Z,3.0,1.0,both_options
2025-11-28T02:12:00Z,2025-11-28T02:49:00Z,2.5,0.6166666666666667,both_options
2025-11-28T02:49:00Z,2025-11-28T03:49:00Z,2.5,1.0,both_options
2025-11-28T03:50:00Z,2025-11-28T04:47:00Z,1.75,0.95,both_options
2025-11-28T04:47:00Z,2025-11-28T05:47:00Z,2.0,1.0,both_options
2025-11-28T15:56:00Z,2025-11-28T16:56:00Z,10.0,1.0,both_options
2025-11-28T17:47:00Z,2025-11-28T18:47:00Z,10.0,1.0,both_options
2025-11-28T20:29:00Z,2025-11-28T21:29:00Z,10.0,1.0,both_options
2025-11-28T21:51:00Z,2025-11-28T22:51:00Z,10.0,1.0,both_options
2025-11-28T22:52:00Z,2025-11-28T23:52:00Z,10.0,1.0,both_options
2025-11-29T01:03:00Z,2025-11-29T02:03:00Z,10.0,1.0,both_options
2025-11-29T03:01:00Z,2025-11-29T04:01:00Z,10.0,1.0,both_options
2025-11-29T13:54:00Z,2025-11-29T14:51:00Z,10.0,0.95,both_options
2025-11-29T14:51:00Z,2025-11-29T15:47:00Z,10.0,0.9333333333333333,both_options
2025-11-29T15:47:00Z,2025-11-29T16:47:00Z,10.0,1.0,both_options
2025-11-29T16:47:00Z,2025-11-29T17:47:00Z,10.0,1.0,both_options
2025-11-29T19:36:00Z,2025-11-29T20:36:00Z,10.0,1.0,both_options
2025-11-29T20:50:00Z,2025-11-29T21:50:00Z,10.0,1.0,both_options
2025-11-29T23:03:00Z,2025-11-30T00:03:00Z,10.0,1.0,both_options
2025-11-30T01:05:00Z,2025-11-30T02:05:00Z,10.0,1.0,both_options
2025-11-30T02:46:00Z,2025-11-30T03:46:00Z,5.0,1.0,both_options
2025-11-30T05:56:00Z,2025-11-30T06:56:00Z,10.0,1.0,both_options
2025-11-30T06:56:00Z,2025-11-30T07:51:00Z,10.0,0.9166666666666666,both_options
2025-11-30T07:51:00Z,2025-11-30T08:51:00Z,10.0,1.0,both_options
2025-11-30T09:04:00Z,2025-11-30T10:04:00Z,6.0,1.0,both_options
2025-11-30T11:05:00Z,2025-11-30T12:01:00Z,7.0,0.9333333333333333,both_options
2025-11-30T12:01:00Z,2025-11-30T12:51:00Z,10.0,0.8333333333333334,both_options
2025-11-30T12:51:00Z,2025-11-30T13:51:00Z,10.0,1.0,both_options
2025-11-30T13:55:00Z,2025-11-30T14:41:00Z,10.0,0.7666666666666667,both_options
2025-11-30T14:41:00Z,2025-11-30T15:41:00Z,10.0,1.0,both_options
2025-11-30T16:39:00Z,2025-11-30T17:39:00Z,10.0,1.0,both_options
2025-11-30T18:42:00Z,2025-11-30T19:42:00Z,10.0,1.0,both_options
2025-11-30T20:19:00Z,2025-11-30T20:48:00Z,10.0,0.48333333333333334,both_options
2025-11-30T20:48:00Z,2025-11-30T21:48:00Z,10.0,1.0,both_options
2025-12-01T07:33:00Z,2025-12-01T08:33:00Z,10.0,1.0,both_options
2025-12-01T08:51:00Z,2025-12-01T09:50:00Z,10.0,0.9833333333333333,both_options
2025-12-01T09:50:00Z,2025-12-01T10:50:00Z,10.0,1.0,both_options
2025-12-01T10:57:00Z,2025-12-01T11:57:00Z,10.0,1.0,both_options
2025-12-01T12:02:00Z,2025-12-01T12:54:00Z,10.0,0.8666666666666667,both_options
2025-12-01T12:54:00Z,2025-12-01T13:54:00Z,10.0,1.0,both_options
2025-12-04T01:53:00Z,2025-12-04T02:53:00Z,10.0,1.0,both_options
2025-12-04T04:47:00Z,2025-12-04T05:47:00Z,8.0,1.0,both_options
2025-12-04T22:50:00Z,2025-12-04T23:50:00Z,1.5,1.0,both_options
2025-12-04T23:53:00Z,2025-12-05T00:53:00Z,1.5,1.0,both_options
2025-12-05T01:06:00Z,2025-12-05T02:02:00Z,2.0,0.9333333333333333,both_options
2025-12-05T02:02:00Z,2025-12-05T02:48:00Z,1.5,0.7666666666666667,both_options
2025-12-05T02:48:00Z,2025-12-05T03:48:00Z,1.25,1.0,both_options
2025-12-05T03:53:00Z,2025-12-05T04:51:00Z,1.5,0.9666666666666667,both_options
2025-12-05T04:51:00Z,2025-12-05T05:51:00Z,1.5,1.0,both_options
2025-12-05T15:50:00Z,2025-12-05T16:50:00Z,4.0,1.0,both_options
2025-12-05T17:51:00Z,2025-12-05T18:51:00Z,1.0,1.0,both_options
2025-12-05T20:07:00Z,2025-12-05T21:07:00Z,0.75,1.0,lower_only
2025-12-05T23:06:00Z,2025-12-06T00:06:00Z,2.5,1.0,both_options
2025-12-06T00:54:00Z,2025-12-06T01:54:00Z,6.0,1.0,both_options
2025-12-06T02:45:00Z,2025-12-06T03:45:00Z,2.0,1.0,both_options
2025-12-06T13:59:00Z,2025-12-06T14:53:00Z,9.0,0.9,both_options
2025-12-06T14:53:00Z,2025-12-06T15:53:00Z,9.0,1.0,both_options
2025-12-06T15:59:00Z,2025-12-06T16:57:00Z,8.0,0.9666666666666667,both_options
2025-12-06T16:57:00Z,2025-12-06T17:48:00Z,7.0,0.85,both_options
2025-12-06T17:48:00Z,2025-12-06T18:48:00Z,7.0,1.0,both_options
2025-12-06T18:50:00Z,2025-12-06T19:50:00Z,4.0,1.0,both_options
2025-12-06T19:52:00Z,2025-12-06T19:54:00Z,10.0,0.03333333333333333,both_options
2025-12-06T19:54:00Z,2025-12-06T20:50:00Z,7.0,0.9333333333333333,both_options
2025-12-06T20:50:00Z,2025-12-06T21:50:00Z,9.0,1.0,both_options
2025-12-06T22:49:00Z,2025-12-06T23:49:00Z,8.0,1.0,both_options
2025-12-07T01:00:00Z,2025-12-07T01:49:00Z,10.0,0.8166666666666667,both_options
2025-12-07T01:49:00Z,2025-12-07T02:49:00Z,9.0,1.0,both_options
2025-12-07T07:03:00Z,2025-12-07T08:01:00Z,7.0,0.9666666666666667,both_options
2025-12-07T08:01:00Z,2025-12-07T09:00:00Z,6.0,0.9833333333333333,both_options
2025-12-07T09:00:00Z,2025-12-07T10:00:00Z,4.0,1.0,both_options
2025-12-07T11:09:00Z,2025-12-07T12:09:00Z,5.0,1.0,both_options
2025-12-07T12:51:00Z,2025-12-07T13:51:00Z,3.0,1.0,both_options
2025-12-07T14:13:00Z,2025-12-07T14:53:00Z,5.0,0.6666666666666666,both_options
2025-12-07T14:53:00Z,2025-12-07T15:53:00Z,2.5,1.0,both_options
2025-12-07T17:03:00Z,2025-12-07T18:03:00Z,1.0,1.0,both_options
2025-12-07T18:44:00Z,2025-12-07T19:44:00Z,6.0,1.0,both_options
2025-12-07T20:41:00Z,2025-12-07T21:41:00Z,8.0,1.0,both_options
2025-12-08T06:05:00Z,2025-12-08T07:05:00Z,8.0,1.0,both_options
2025-12-08T07:46:00Z,2025-12-08T08:46:00Z,9.0,1.0,both_options
2025-12-08T09:17:00Z,2025-12-08T09:42:00Z,10.0,0.4166666666666667,both_options
2025-12-08T09:42:00Z,2025-12-08T10:42:00Z,10.0,1.0,both_options
2025-12-08T10:46:00Z,2025-12-08T11:46:00Z,10.0,1.0,both_options
2025-12-08T11:53:00Z,2025-12-08T12:46:00Z,10.0,0.8833333333333333,both_options
2025-12-08T12:46:00Z,2025-12-08T13:46:00Z,9.0,1.0,both_options
2025-12-09T21:49:00Z,2025-12-09T22:49:00Z,10.0,1.0,both_options
2025-12-09T22:58:00Z,2025-12-09T23:52:00Z,10.0,0.9,both_options
2025-12-09T23:52:00Z,2025-12-10T00:52:00Z,10.0,1.0,both_options
2025-12-10T01:10:00Z,2025-12-10T02:01:00Z,4.0,0.85,both_options
2025-12-10T02:01:00Z,2025-12-10T03:01:00Z,2.5,1.0,both_options
2025-12-10T03:56:00Z,2025-12-10T04:51:00Z,2.5,0.9166666666666666,both_options
2025-12-10T04:51:00Z,2025-12-10T05:51:00Z,2.0,1.0,both_options
2025-12-10T22:00:00Z,2025-12-10T23:00:00Z,1.75,1.0,both_options
2025-12-10T23:02:00Z,2025-12-11T00:02:00Z,2.5,1.0,both_options
2025-12-11T00:03:00Z,2025-12-11T01:03:00Z,1.25,1.0,both_options
2025-12-11T01:56:00Z,2025-12-11T02:56:00Z,1.75,1.0,both_options
2025-12-11T03:58:00Z,2025-12-11T04:48:00Z,1.75,0.8333333333333334,both_options
2025-12-11T04:48:00Z,2025-12-11T05:48:00Z,1.75,1.0,both_options
2025-12-12T01:59:00Z,2025-12-12T02:52:00Z,3.0,0.8833333333333333,both_options
2025-12-12T02:52:00Z,2025-12-12T03:52:00Z,3.0,1.0,both_options
2025-12-12T04:02:00Z,2025-12-12T04:43:00Z,2.0,0.6833333333333333,both_options
2025-12-12T04:43:00Z,2025-12-12T05:43:00Z,2.5,1.0,both_options
2025-12-12T14:57:00Z,2025-12-12T15:57:00Z,6.0,1.0,both_options
2025-12-12T17:02:00Z,2025-12-12T18:02:00Z,1.0,1.0,both_options
2025-12-12T18:54:00Z,2025-12-12T19:54:00Z,10.0,1.0,both_options
2025-12-12T20:02:00Z,2025-12-12T20:52:00Z,9.0,0.8333333333333334,both_options
2025-12-12T20:52:00Z,2025-12-12T21:50:00Z,10.0,0.9666666666666667,both_options
2025-12-12T21:50:00Z,2025-12-12T22:50:00Z,10.0,1.0,both_options
2025-12-12T23:06:00Z,2025-12-13T00:06:00Z,10.0,1.0,both_options
2025-12-13T01:17:00Z,2025-12-13T02:17:00Z,9.0,1.0,both_options
2025-12-13T03:00:00Z,2025-12-13T04:00:00Z,0.25,1.0,neither_option
2025-12-13T13:53:00Z,2025-12-13T14:53:00Z,10.0,1.0,both_options
2025-12-13T14:59:00Z,2025-12-13T15:57:00Z,10.0,0.9666666666666667,both_options
2025-12-13T15:57:00Z,2025-12-13T16:45:00Z,10.0,0.8,both_options
2025-12-13T16:45:00Z,2025-12-13T17:45:00Z,10.0,1.0,both_options
2025-12-13T17:46:00Z,2025-12-13T18:46:00Z,10.0,1.0,both_options
2025-12-13T18:49:00Z,2025-12-13T19:49:00Z,10.0,1.0,both_options
2025-12-13T20:53:00Z,2025-12-13T21:53:00Z,10.0,1.0,both_options
2025-12-14T06:00:00Z,2025-12-14T07:00:00Z,10.0,1.0,both_options
2025-12-14T08:56:00Z,2025-12-14T09:56:00Z,10.0,1.0,both_options
2025-12-14T12:53:00Z,2025-12-14T13:53:00Z,7.0,1.0,both_options
2025-12-15T06:17:00Z,2025-12-15T07:17:00Z,9.0,1.0,both_options
2025-12-15T07:56:00Z,2025-12-15T08:56:00Z,10.0,1.0,both_options
2025-12-15T09:59:00Z,2025-12-15T10:57:00Z,10.0,0.9666666666666667,both_options
2025-12-15T10:57:00Z,2025-12-15T11:57:00Z,4.0,1.0,both_options
2025-12-15T12:03:00Z,2025-12-15T12:51:00Z,6.0,0.8,both_options
2025-12-15T12:51:00Z,2025-12-15T13:51:00Z,4.0,1.0,both_options
2025-12-15T15:24:00Z,2025-12-15T15:31:00Z,2.0,0.11666666666666667,both_options
2025-12-15T15:31:00Z,2025-12-15T15:38:00Z,1.5,0.11666666666666667,both_options
2025-12-15T15:38:00Z,2025-12-15T15:48:00Z,2.0,0.16666666666666666,both_options
2025-12-15T15:48:00Z,2025-12-15T15:55:00Z,3.0,0.11666666666666667,both_options
2025-12-15T15:55:00Z,2025-12-15T15:59:00Z,2.5,0.06666666666666667,both_options
2025-12-15T15:59:00Z,2025-12-15T16:35:00Z,3.0,0.6,both_options
2025-12-15T16:35:00Z,2025-12-15T16:41:00Z,3.0,0.1,both_options
2025-12-15T16:41:00Z,2025-12-15T16:55:00Z,1.75,0.23333333333333334,both_options
2025-12-15T16:55:00Z,2025-12-15T17:04:00Z,2.0,0.15,both_options
2025-12-15T17:04:00Z,2025-12-15T17:55:00Z,4.0,0.85,both_options
2025-12-15T17:55:00Z,2025-12-15T18:07:00Z,6.0,0.2,both_options
2025-12-15T18:07:00Z,2025-12-15T18:20:00Z,1.75,0.21666666666666667,both_options
2025-12-15T18:20:00Z,2025-12-15T18:40:00Z,2.5,0.3333333333333333,both_options
2025-12-15T18:40:00Z,2025-12-15T18:55:00Z,5.0,0.25,both_options
2025-12-15T18:55:00Z,2025-12-15T19:12:00Z,2.0,0.2833333333333333,both_options
2025-12-15T19:12:00Z,2025-12-15T19:31:00Z,4.0,0.31666666666666665,both_options
2025-12-15T19:31:00Z,2025-12-15T19:55:00Z,7.0,0.4,both_options
2025-12-15T19:55:00Z,2025-12-15T20:14:00Z,8.0,0.31666666666666665,both_options
2025-12-15T20:14:00Z,2025-12-15T20:48:00Z,6.0,0.5666666666666667,both_options
2025-12-15T20:48:00Z,2025-12-15T20:55:00Z,5.0,0.11666666666666667,both_options
2025-12-15T20:55:00Z,2025-12-15T21:11:00Z,5.0,0.26666666666666666,both_options
2025-12-15T21:11:00Z,2025-12-15T21:18:00Z,5.0,0.11666666666666667,both_options
2025-12-15T21:18:00Z,2025-12-15T21:22:00Z,4.0,0.06666666666666667,both_options
2025-12-15T21:22:00Z,2025-12-15T21:45:00Z,5.0,0.38333333333333336,both_options
2025-12-15T21:45:00Z,2025-12-15T21:55:00Z,4.0,0.16666666666666666,both_options
2025-12-15T21:55:00Z,2025-12-15T22:14:00Z,3.0,0.31666666666666665,both_options
2025-12-15T22:14:00Z,2025-12-15T22:25:00Z,4.0,0.18333333333333332,both_options
2025-12-15T22:25:00Z,2025-12-15T22:55:00Z,4.0,0.5,both_options
2025-12-15T22:55:00Z,2025-12-15T23:55:00Z,5.0,1.0,both_options
2025-12-15T23:55:00Z,2025-12-16T00:55:00Z,6.0,1.0,both_options
2025-12-16T00:55:00Z,2025-12-16T01:55:00Z,8.0,1.0,both_options
2025-12-16T01:55:00Z,2025-12-16T02:55:00Z,8.0,1.0,both_options
2025-12-16T02:55:00Z,2025-12-16T03:12:00Z,8.0,0.2833333333333333,both_options
2025-12-16T03:12:00Z,2025-12-16T03:24:00Z,3.0,0.2,both_options
2025-12-16T03:24:00Z,2025-12-16T03:55:00Z,10.0,0.5166666666666667,both_options
2025-12-16T03:55:00Z,2025-12-16T04:55:00Z,10.0,1.0,both_options
2025-12-16T04:55:00Z,2025-12-16T05:47:00Z,10.0,0.8666666666666667,both_options
2025-12-16T05:47:00Z,2025-12-16T05:55:00Z,8.0,0.13333333333333333,both_options
2025-12-16T05:55:00Z,2025-12-16T06:27:00Z,8.0,0.5333333333333333,both_options
2025-12-16T06:27:00Z,2025-12-16T06:36:00Z,7.0,0.15,both_options
2025-12-16T06:36:00Z,2025-12-16T06:55:00Z,8.0,0.31666666666666665,both_options
2025-12-16T06:55:00Z,2025-12-16T07:55:00Z,8.0,1.0,both_options
2025-12-16T07:55:00Z,2025-12-16T08:19:00Z,8.0,0.4,both_options
2025-12-16T08:19:00Z,2025-12-16T08:55:00Z,10.0,0.6,both_options
2025-12-16T08:55:00Z,2025-12-16T08:58:00Z,3.0,0.05,both_options
2025-12-16T08:58:00Z,2025-12-16T09:03:00Z,2.5,0.08333333333333333,both_options
2025-12-16T09:03:00Z,2025-12-16T09:48:00Z,3.0,0.75,both_options
2025-12-16T09:48:00Z,2025-12-16T09:55:00Z,6.0,0.11666666666666667,both_options
2025-12-16T09:55:00Z,2025-12-16T10:15:00Z,7.0,0.3333333333333333,both_options
2025-12-16T10:15:00Z,2025-12-16T10:55:00Z,4.0,0.6666666666666666,both_options
2025-12-16T10:55:00Z,2025-12-16T11:55:00Z,5.0,1.0,both_options
2025-12-16T11:55:00Z,2025-12-16T12:55:00Z,6.0,1.0,both_options
2025-12-16T12:55:00Z,2025-12-16T13:55:00Z,7.0,1.0,both_options
2025-12-16T13:55:00Z,2025-12-16T14:34:00Z,10.0,0.65,both_options
2025-12-16T14:34:00Z,2025-12-16T14:43:00Z,9.0,0.15,both_options
2025-12-16T14:43:00Z,2025-12-16T14:52:00Z,10.0,0.15,both_options
2025-12-16T14:52:00Z,2025-12-16T14:55:00Z,10.0,0.05,both_options
2025-12-16T14:55:00Z,2025-12-16T15:11:00Z,10.0,0.26666666666666666,both_options
2025-12-16T15:11:00Z,2025-12-16T15:15:00Z,2.5,0.06666666666666667,both_options
2025-12-16T15:15:00Z,2025-12-16T15:27:00Z,3.0,0.2,both_options
2025-12-16T15:27:00Z,2025-12-16T15:40:00Z,2.0,0.21666666666666667,both_options
2025-12-16T15:40:00Z,2025-12-16T15:45:00Z,2.5,0.08333333333333333,both_options
2025-12-16T15:45:00Z,2025-12-16T15:55:00Z,3.0,0.16666666666666666,both_options
2025-12-16T15:55:00Z,2025-12-16T16:05:00Z,4.0,0.16666666666666666,both_options
2025-12-16T16:05:00Z,2025-12-16T16:28:00Z,2.0,0.38333333333333336,both_options
2025-12-16T16:28:00Z,2025-12-16T16:37:00Z,5.0,0.15,both_options
2025-12-16T16:37:00Z,2025-12-16T16:55:00Z,1.75,0.3,both_options
2025-12-16T16:55:00Z,2025-12-16T17:37:00Z,3.0,0.7,both_options
2025-12-16T17:37:00Z,2025-12-16T17:55:00Z,9.0,0.3,both_options
2025-12-16T17:55:00Z,2025-12-16T18:10:00Z,10.0,0.25,both_options
2025-12-16T18:10:00Z,2025-12-16T18:17:00Z,10.0,0.11666666666666667,both_options
2025-12-16T18:17:00Z,2025-12-16T18:33:00Z,9.0,0.26666666666666666,both_options
2025-12-16T18:33:00Z,2025-12-16T18:55:00Z,8.0,0.36666666666666664,both_options
2025-12-16T18:55:00Z,2025-12-16T19:17:00Z,5.0,0.36666666666666664,both_options
2025-12-16T19:17:00Z,2025-12-16T19:55:00Z,6.0,0.6333333333333333,both_options
2025-12-16T19:55:00Z,2025-12-16T20:55:00Z,6.0,1.0,both_options
2025-12-16T20:55:00Z,2025-12-16T21:55:00Z,9.0,1.0,both_options
2025-12-16T21:55:00Z,2025-12-16T22:09:00Z,9.0,0.23333333333333334,both_options
2025-12-16T22:09:00Z,2025-12-16T22:55:00Z,9.0,0.7666666666666667,both_options
2025-12-16T22:55:00Z,2025-12-16T23:55:00Z,4.0,1.0,both_options
2025-12-16T23:55:00Z,2025-12-17T00:55:00Z,3.0,1.0,both_options
2025-12-17T00:55:00Z,2025-12-17T01:48:00Z,8.0,0.8833333333333333,both_options
2025-12-17T01:48:00Z,2025-12-17T01:55:00Z,8.0,0.11666666666666667,both_options
2025-12-17T01:55:00Z,2025-12-17T02:32:00Z,8.0,0.6166666666666667,both_options
2025-12-17T02:32:00Z,2025-12-17T02:55:00Z,8.0,0.38333333333333336,both_options
2025-12-17T02:55:00Z,2025-12-17T03:30:00Z,9.0,0.5833333333333334,both_options
2025-12-17T03:30:00Z,2025-12-17T03:47:00Z,8.0,0.2833333333333333,both_options
2025-12-17T03:47:00Z,2025-12-17T03:55:00Z,8.0,0.13333333333333333,both_options
2025-12-17T03:55:00Z,2025-12-17T04:09:00Z,6.0,0.23333333333333334,both_options
2025-12-17T04:09:00Z,2025-12-17T04:12:00Z,3.0,0.05,both_options
2025-12-17T04:12:00Z,2025-12-17T04:18:00Z,2.5,0.1,both_options
2025-12-17T04:18:00Z,2025-12-17T04:31:00Z,2.0,0.21666666666666667,both_options
2025-12-17T04:31:00Z,2025-12-17T04:41:00Z,2.5,0.16666666666666666,both_options
2025-12-17T04:41:00Z,2025-12-17T04:55:00Z,3.0,0.23333333333333334,both_options
2025-12-17T04:55:00Z,2025-12-17T05:05:00Z,2.5,0.16666666666666666,both_options
2025-12-17T05:05:00Z,2025-12-17T05:20:00Z,1.75,0.25,both_options
2025-12-17T05:20:00Z,2025-12-17T05:26:00Z,1.25,0.1,both_options
2025-12-17T05:26:00Z,2025-12-17T05:34:00Z,1.5,0.13333333333333333,both_options
2025-12-17T05:34:00Z,2025-12-17T05:52:00Z,3.0,0.3,both_options
2025-12-17T05:52:00Z,2025-12-17T05:55:00Z,2.5,0.05,both_options
2025-12-17T05:55:00Z,2025-12-17T06:14:00Z,2.5,0.31666666666666665,both_options
2025-12-17T06:14:00Z,2025-12-17T06:21:00Z,1.75,0.11666666666666667,both_options
2025-12-17T06:21:00Z,2025-12-17T06:24:00Z,2.5,0.05,both_options
2025-12-17T06:24:00Z,2025-12-17T06:39:00Z,3.0,0.25,both_options
2025-12-17T06:39:00Z,2025-12-17T06:43:00Z,4.0,0.06666666666666667,both_options
2025-12-17T06:43:00Z,2025-12-17T06:55:00Z,4.0,0.2,both_options
2025-12-17T06:55:00Z,2025-12-17T07:14:00Z,6.0,0.31666666666666665,both_options
2025-12-17T07:14:00Z,2025-12-17T07:21:00Z,1.75,0.11666666666666667,both_options
2025-12-17T07:21:00Z,2025-12-17T07:28:00Z,1.75,0.11666666666666667,both_options
2025-12-17T07:28:00Z,2025-12-17T07:39:00Z,3.0,0.18333333333333332,both_options
2025-12-17T07:39:00Z,2025-12-17T07:55:00Z,8.0,0.26666666666666666,both_options
2025-12-17T07:55:00Z,2025-12-17T08:08:00Z,4.0,0.21666666666666667,both_options
2025-12-17T08:08:00Z,2025-12-17T08:21:00Z,6.0,0.21666666666666667,both_options
2025-12-17T08:21:00Z,2025-12-17T08:51:00Z,4.0,0.5,both_options
2025-12-17T08:51:00Z,2025-12-17T08:55:00Z,6.0,0.06666666666666667,both_options
2025-12-17T08:55:00Z,2025-12-17T09:16:00Z,5.0,0.35,both_options
2025-12-17T09:16:00Z,2025-12-17T09:55:00Z,10.0,0.65,both_options
2025-12-17T09:55:00Z,2025-12-17T10:10:00Z,10.0,0.25,both_options
2025-12-17T10:10:00Z,2025-12-17T10:55:00Z,10.0,0.75,both_options
2025-12-17T10:55:00Z,2025-12-17T11:55:00Z,10.0,1.0,both_options
2025-12-17T11:55:00Z,2025-12-17T12:55:00Z,10.0,1.0,both_options
2025-12-17T12:55:00Z,2025-12-17T13:55:00Z,10.0,1.0,both_options
2025-12-17T13:55:00Z,2025-12-17T14:55:00Z,10.0,1.0,both_options
2025-12-17T14:55:00Z,2025-12-17T15:55:00Z,10.0,1.0,both_options
2025-12-17T15:55:00Z,2025-12-17T16:55:00Z,10.0,1.0,both_options
2025-12-17T16:55:00Z,2025-12-17T17:55:00Z,9.0,1.0,both_options
2025-12-17T17:55:00Z,2025-12-17T18:02:00Z,3.0,0.11666666666666667,both_options
2025-12-17T18:02:00Z,2025-12-17T18:12:00Z,2.5,0.16666666666666666,both_options
2025-12-17T18:12:00Z,2025-12-17T18:55:00Z,5.0,0.7166666666666667,both_options
2025-12-17T18:55:00Z,2025-12-17T19:55:00Z,10.0,1.0,both_options
2025-12-17T19:55:00Z,2025-12-17T20:55:00Z,9.0,1.0,both_options
2025-12-17T20:55:00Z,2025-12-17T21:10:00Z,9.0,0.25,both_options
2025-12-17T21:10:00Z,2025-12-17T21:17:00Z,1.75,0.11666666666666667,both_options
2025-12-17T21:17:00Z,2025-12-17T21:25:00Z,2.0,0.13333333333333333,both_options
2025-12-17T21:25:00Z,2025-12-17T21:55:00Z,10.0,0.5,both_options
2025-12-17T21:55:00Z,2025-12-17T22:07:00Z,10.0,0.2,both_options
2025-12-17T22:07:00Z,2025-12-17T22:15:00Z,1.75,0.13333333333333333,both_options
2025-12-17T22:15:00Z,2025-12-17T23:15:00Z,3.0,1.0,both_options
2025-12-17T23:55:00Z,2025-12-18T00:55:00Z,8.0,1.0,both_options
2025-12-18T00:55:00Z,2025-12-18T01:55:00Z,10.0,1.0,both_options
2025-12-18T01:55:00Z,2025-12-18T02:55:00Z,10.0,1.0,both_options
2025-12-18T02:55:00Z,2025-12-18T03:55:00Z,10.0,1.0,both_options
2025-12-18T03:55:00Z,2025-12-18T04:55:00Z,10.0,1.0,both_options
2025-12-18T04:55:00Z,2025-12-18T05:55:00Z,9.0,1.0,both_options
2025-12-18T05:55:00Z,2025-12-18T06:55:00Z,9.0,1.0,both_options
2025-12-18T06:55:00Z,2025-12-18T07:55:00Z,10.0,1.0,both_options
2025-12-18T07:55:00Z,2025-12-18T08:55:00Z,10.0,1.0,both_options
2025-12-18T08:55:00Z,2025-12-18T09:55:00Z,10.0,1.0,both_options
2025-12-18T09:55:00Z,2025-12-18T10:55:00Z,10.0,1.0,both_options
2025-12-18T10:55:00Z,2025-12-18T11:55:00Z,7.0,1.0,both_options
2025-12-18T11:55:00Z,2025-12-18T12:55:00Z,6.0,1.0,both_options
2025-12-18T12:55:00Z,2025-12-18T13:55:00Z,5.0,1.0,both_options
2025-12-18T13:55:00Z,2025-12-18T14:55:00Z,8.0,1.0,both_options
2025-12-18T14:55:00Z,2025-12-18T15:55:00Z,8.0,1.0,both_options
2025-12-18T15:55:00Z,2025-12-18T16:50:00Z,9.0,0.9166666666666666,both_options
2025-12-18T16:50:00Z,2025-12-18T16:55:00Z,5.0,0.08333333333333333,both_options
2025-12-18T16:55:00Z,2025-12-18T17:04:00Z,2.5,0.15,both_options
2025-12-18T17:04:00Z,2025-12-18T17:30:00Z,1.75,0.43333333333333335,both_options
2025-12-18T17:30:00Z,2025-12-18T17:55:00Z,2.5,0.4166666666666667,both_options
2025-12-18T17:55:00Z,2025-12-18T18:05:00Z,2.5,0.16666666666666666,both_options
2025-12-18T18:05:00Z,2025-12-18T18:23:00Z,1.75,0.3,both_options
2025-12-18T18:23:00Z,2025-12-18T18:25:00Z,1.25,0.03333333333333333,both_options
2025-12-18T18:25:00Z,2025-12-18T18:27:00Z,1.25,0.03333333333333333,both_options
2025-12-18T18:27:00Z,2025-12-18T18:40:00Z,1.5,0.21666666666666667,both_options
2025-12-18T18:40:00Z,2025-12-18T18:49:00Z,1.75,0.15,both_options
2025-12-18T18:49:00Z,2025-12-18T18:55:00Z,1.75,0.1,both_options
2025-12-18T18:55:00Z,2025-12-18T19:19:00Z,2.5,0.4,both_options
2025-12-18T19:19:00Z,2025-12-18T19:24:00Z,1.25,0.08333333333333333,both_options
2025-12-18T19:24:00Z,2025-12-18T19:33:00Z,2.0,0.15,both_options
2025-12-18T19:33:00Z,2025-12-18T19:41:00Z,4.0,0.13333333333333333,both_options
2025-12-18T19:41:00Z,2025-12-18T19:52:00Z,1.75,0.18333333333333332,both_options
2025-12-18T19:52:00Z,2025-12-18T19:55:00Z,1.0,0.05,both_options
2025-12-18T19:55:00Z,2025-12-18T20:42:00Z,1.0,0.7833333333333333,both_options
2025-12-18T20:42:00Z,2025-12-18T20:53:00Z,2.0,0.18333333333333332,both_options
2025-12-18T20:53:00Z,2025-12-18T20:55:00Z,1.5,0.03333333333333333,both_options
2025-12-18T20:55:00Z,2025-12-18T21:29:00Z,1.75,0.5666666666666667,both_options
2025-12-18T21:29:00Z,2025-12-18T21:40:00Z,1.75,0.18333333333333332,both_options
2025-12-18T21:40:00Z,2025-12-18T21:55:00Z,1.0,0.25,both_options
2025-12-18T21:55:00Z,2025-12-18T22:02:00Z,1.5,0.11666666666666667,both_options
2025-12-18T22:02:00Z,2025-12-18T22:55:00Z,1.25,0.8833333333333333,both_options
2025-12-18T22:55:00Z,2025-12-18T23:05:00Z,1.25,0.16666666666666666,both_options
2025-12-18T23:05:00Z,2025-12-18T23:34:00Z,1.0,0.48333333333333334,both_options
2025-12-18T23:34:00Z,2025-12-18T23:43:00Z,0.75,0.15,lower_only
2025-12-18T23:43:00Z,2025-12-18T23:55:00Z,1.0,0.2,both_options
2025-12-18T23:55:00Z,2025-12-19T00:03:00Z,0.75,0.13333333333333333,lower_only
2025-12-19T00:03:00Z,2025-12-19T00:06:00Z,1.0,0.05,both_options
2025-12-19T00:06:00Z,2025-12-19T00:10:00Z,1.5,0.06666666666666667,both_options
2025-12-19T00:10:00Z,2025-12-19T00:14:00Z,2.0,0.06666666666666667,both_options
2025-12-19T00:14:00Z,2025-12-19T00:33:00Z,3.0,0.31666666666666665,both_options
2025-12-19T00:33:00Z,2025-12-19T00:51:00Z,6.0,0.3,both_options
2025-12-19T00:51:00Z,2025-12-19T00:55:00Z,7.0,0.06666666666666667,both_options
2025-12-19T00:55:00Z,2025-12-19T01:16:00Z,6.0,0.35,both_options
2025-12-19T01:16:00Z,2025-12-19T01:24:00Z,5.0,0.13333333333333333,both_options
2025-12-19T01:24:00Z,2025-12-19T01:31:00Z,4.0,0.11666666666666667,both_options
2025-12-19T01:31:00Z,2025-12-19T01:41:00Z,5.0,0.16666666666666666,both_options
2025-12-19T01:41:00Z,2025-12-19T01:55:00Z,5.0,0.23333333333333334,both_options
2025-12-19T01:55:00Z,2025-12-19T02:01:00Z,4.0,0.1,both_options
2025-12-19T02:01:00Z,2025-12-19T02:09:00Z,5.0,0.13333333333333333,both_options
2025-12-19T02:09:00Z,2025-12-19T02:21:00Z,7.0,0.2,both_options
2025-12-19T02:21:00Z,2025-12-19T02:35:00Z,7.0,0.23333333333333334,both_options
2025-12-19T02:35:00Z,2025-12-19T02:45:00Z,2.0,0.16666666666666666,both_options
2025-12-19T02:45:00Z,2025-12-19T02:55:00Z,3.0,0.16666666666666666,both_options
2025-12-19T02:55:00Z,2025-12-19T03:12:00Z,5.0,0.2833333333333333,both_options
2025-12-19T03:12:00Z,2025-12-19T03:24:00Z,2.0,0.2,both_options
2025-12-19T03:24:00Z,2025-12-19T03:37:00Z,3.0,0.21666666666666667,both_options
2025-12-19T03:37:00Z,2025-12-19T03:55:00Z,5.0,0.3,both_options
2025-12-19T03:55:00Z,2025-12-19T04:41:00Z,3.0,0.7666666666666667,both_options
2025-12-19T04:41:00Z,2025-12-19T04:55:00Z,2.5,0.23333333333333334,both_options
2025-12-19T04:55:00Z,2025-12-19T05:21:00Z,4.0,0.43333333333333335,both_options
2025-12-19T05:21:00Z,2025-12-19T05:55:00Z,6.0,0.5666666666666667,both_options
2025-12-19T05:55:00Z,2025-12-19T06:55:00Z,7.0,1.0,both_options
2025-12-19T06:55:00Z,2025-12-19T07:55:00Z,10.0,1.0,both_options
2025-12-19T07:55:00Z,2025-12-19T08:55:00Z,10.0,1.0,both_options
2025-12-19T08:55:00Z,2025-12-19T09:55:00Z,10.0,1.0,both_options
2025-12-19T09:55:00Z,2025-12-19T10:55:00Z,10.0,1.0,both_options
2025-12-19T10:55:00Z,2025-12-19T11:55:00Z,10.0,1.0,both_options
2025-12-19T11:55:00Z,2025-12-19T12:55:00Z,10.0,1.0,both_options
2025-12-19T12:55:00Z,2025-12-19T13:55:00Z,10.0,1.0,both_options
2025-12-19T13:55:00Z,2025-12-19T14:55:00Z,10.0,1.0,both_options
2025-12-19T14:55:00Z,2025-12-19T15:55:00Z,10.0,1.0,both_options
2025-12-19T15:55:00Z,2025-12-19T15:59:00Z,9.0,0.06666666666666667,both_options
2025-12-19T15:59:00Z,2025-12-19T16:55:00Z,10.0,0.9333333333333333,both_options
2025-12-19T16:55:00Z,2025-12-19T17:55:00Z,10.0,1.0,both_options
2025-12-19T17:55:00Z,2025-12-19T18:55:00Z,10.0,1.0,both_options
2025-12-19T18:55:00Z,2025-12-19T19:55:00Z,10.0,1.0,both_options
2025-12-19T19:55:00Z,2025-12-19T20:55:00Z,10.0,1.0,both_options
2025-12-19T20:55:00Z,2025-12-19T21:55:00Z,10.0,1.0,both_options
2025-12-19T21:55:00Z,2025-12-19T22:55:00Z,8.0,1.0,both_options
2025-12-19T22:55:00Z,2025-12-19T23:55:00Z,10.0,1.0,both_options
2025-12-19T23:55:00Z,2025-12-20T00:55:00Z,10.0,1.0,both_options
2025-12-20T00:55:00Z,2025-12-20T01:55:00Z,10.0,1.0,both_options
2025-12-20T01:55:00Z,2025-12-20T02:55:00Z,7.0,1.0,both_options
2025-12-20T02:55:00Z,2025-12-20T03:55:00Z,9.0,1.0,both_options
2025-12-20T03:55:00Z,2025-12-20T04:55:00Z,10.0,1.0,both_options
2025-12-20T04:55:00Z,2025-12-20T05:55:00Z,10.0,1.0,both_options
2025-12-20T05:55:00Z,2025-12-20T06:55:00Z,10.0,1.0,both_options
2025-12-20T06:55:00Z,2025-12-20T07:55:00Z,10.0,1.0,both_options
2025-12-20T07:55:00Z,2025-12-20T08:55:00Z,6.0,1.0,both_options
2025-12-20T08:55:00Z,2025-12-20T09:55:00Z,8.0,1.0,both_options
2025-12-20T09:55:00Z,2025-12-20T10:55:00Z,10.0,1.0,both_options
2025-12-20T10:55:00Z,2025-12-20T11:55:00Z,10.0,1.0,both_options
2025-12-20T11:55:00Z,2025-12-20T12:55:00Z,10.0,1.0,both_options
2025-12-20T12:55:00Z,2025-12-20T13:55:00Z,10.0,1.0,both_options
2025-12-20T13:55:00Z,2025-12-20T14:55:00Z,10.0,1.0,both_options
2025-12-20T14:55:00Z,2025-12-20T15:55:00Z,10.0,1.0,both_options
2025-12-20T15:55:00Z,2025-12-20T16:55:00Z,10.0,1.0,both_options
2025-12-20T16:55:00Z,2025-12-20T17:34:00Z,10.0,0.65,both_options
2025-12-20T17:34:00Z,2025-12-20T17:50:00Z,8.0,0.26666666666666666,both_options
2025-12-20T17:50:00Z,2025-12-20T17:55:00Z,10.0,0.08333333333333333,both_options
2025-12-20T17:55:00Z,2025-12-20T18:05:00Z,7.0,0.16666666666666666,both_options
2025-12-20T18:05:00Z,2025-12-20T18:17:00Z,5.0,0.2,both_options
2025-12-20T18:17:00Z,2025-12-20T18:22:00Z,2.5,0.08333333333333333,both_options
2025-12-20T18:22:00Z,2025-12-20T18:27:00Z,1.75,0.08333333333333333,both_options
2025-12-20T18:27:00Z,2025-12-20T18:55:00Z,3.0,0.4666666666666667,both_options
2025-12-20T18:55:00Z,2025-12-20T19:43:00Z,10.0,0.8,both_options
2025-12-20T19:43:00Z,2025-12-20T19:51:00Z,3.0,0.13333333333333333,both_options
2025-12-20T19:51:00Z,2025-12-20T19:55:00Z,10.0,0.06666666666666667,both_options
2025-12-20T19:55:00Z,2025-12-20T20:55:00Z,10.0,1.0,both_options
2025-12-20T20:55:00Z,2025-12-20T21:25:00Z,9.0,0.5,both_options
2025-12-20T21:25:00Z,2025-12-20T21:33:00Z,5.0,0.13333333333333333,both_options
2025-12-20T21:33:00Z,2025-12-20T21:55:00Z,5.0,0.36666666666666664,both_options
2025-12-20T21:55:00Z,2025-12-20T22:46:00Z,10.0,0.85,both_options
2025-12-20T22:46:00Z,2025-12-20T22:55:00Z,1.75,0.15,both_options
2025-12-20T22:55:00Z,2025-12-20T23:55:00Z,5.0,1.0,both_options
2025-12-20T23:55:00Z,2025-12-21T00:55:00Z,10.0,1.0,both_options
2025-12-21T00:55:00Z,2025-12-21T01:52:00Z,6.0,0.95,both_options
2025-12-21T01:52:00Z,2025-12-21T01:55:00Z,10.0,0.05,both_options
2025-12-21T01:55:00Z,2025-12-21T02:55:00Z,10.0,1.0,both_options
2025-12-21T02:55:00Z,2025-12-21T03:55:00Z,10.0,1.0,both_options
2025-12-21T03:55:00Z,2025-12-21T04:55:00Z,9.0,1.0,both_options
2025-12-21T04:55:00Z,2025-12-21T05:55:00Z,7.0,1.0,both_options
2025-12-21T05:55:00Z,2025-12-21T06:36:00Z,4.0,0.6833333333333333,both_options
2025-12-21T06:36:00Z,2025-12-21T06:55:00Z,9.0,0.31666666666666665,both_options
2025-12-21T06:55:00Z,2025-12-21T07:36:00Z,6.0,0.6833333333333333,both_options
2025-12-21T07:36:00Z,2025-12-21T07:55:00Z,10.0,0.31666666666666665,both_options
2025-12-21T07:55:00Z,2025-12-21T08:55:00Z,10.0,1.0,both_options
2025-12-21T08:55:00Z,2025-12-21T09:55:00Z,10.0,1.0,both_options
2025-12-21T09:55:00Z,2025-12-21T10:55:00Z,10.0,1.0,both_options
2025-12-21T10:55:00Z,2025-12-21T11:39:00Z,10.0,0.7333333333333333,both_options
2025-12-21T11:39:00Z,2025-12-21T11:55:00Z,10.0,0.26666666666666666,both_options
2025-12-21T11:55:00Z,2025-12-21T12:55:00Z,10.0,1.0,both_options
2025-12-21T12:55:00Z,2025-12-21T13:33:00Z,10.0,0.6333333333333333,both_options
2025-12-21T13:33:00Z,2025-12-21T13:55:00Z,7.0,0.36666666666666664,both_options
2025-12-21T13:55:00Z,2025-12-21T14:19:00Z,10.0,0.4,both_options
2025-12-21T14:19:00Z,2025-12-21T14:55:00Z,10.0,0.6,both_options
2025-12-21T14:55:00Z,2025-12-21T15:15:00Z,10.0,0.3333333333333333,both_options
2025-12-21T15:15:00Z,2025-12-21T15:22:00Z,10.0,0.11666666666666667,both_options
2025-12-21T15:22:00Z,2025-12-21T15:55:00Z,10.0,0.55,both_options
2025-12-21T15:55:00Z,2025-12-21T16:21:00Z,10.0,0.43333333333333335,both_options
2025-12-21T16:21:00Z,2025-12-21T16:40:00Z,10.0,0.31666666666666665,both_options
2025-12-21T16:40:00Z,2025-12-21T16:55:00Z,10.0,0.25,both_options
2025-12-21T16:55:00Z,2025-12-21T17:55:00Z,10.0,1.0,both_options
2025-12-21T17:55:00Z,2025-12-21T18:34:00Z,10.0,0.65,both_options
2025-12-21T18:34:00Z,2025-12-21T18:55:00Z,8.0,0.35,both_options
2025-12-21T18:55:00Z,2025-12-21T19:47:00Z,6.0,0.8666666666666667,both_options
2025-12-21T19:47:00Z,2025-12-21T19:55:00Z,9.0,0.13333333333333333,both_options
2025-12-21T19:55:00Z,2025-12-21T20:55:00Z,10.0,1.0,both_options
2025-12-21T20:55:00Z,2025-12-21T21:11:00Z,10.0,0.26666666666666666,both_options
2025-12-21T21:11:00Z,2025-12-21T21:55:00Z,10.0,0.7333333333333333,both_options
2025-12-21T21:55:00Z,2025-12-21T22:27:00Z,8.0,0.5333333333333333,both_options
2025-12-21T22:27:00Z,2025-12-21T22:32:00Z,2.5,0.08333333333333333,both_options
2025-12-21T22:32:00Z,2025-12-21T22:55:00Z,5.0,0.38333333333333336,both_options
2025-12-21T22:55:00Z,2025-12-21T22:58:00Z,8.0,0.05,both_options
2025-12-21T22:58:00Z,2025-12-21T23:14:00Z,6.0,0.26666666666666666,both_options
2025-12-21T23:14:00Z,2025-12-21T23:30:00Z,10.0,0.26666666666666666,both_options
2025-12-21T23:30:00Z,2025-12-21T23:42:00Z,5.0,0.2,both_options
2025-12-21T23:42:00Z,2025-12-21T23:55:00Z,10.0,0.21666666666666667,both_options
2025-12-21T23:55:00Z,2025-12-22T00:18:00Z,10.0,0.38333333333333336,both_options
2025-12-22T00:18:00Z,2025-12-22T00:40:00Z,10.0,0.36666666666666664,both_options
2025-12-22T00:40:00Z,2025-12-22T00:47:00Z,2.5,0.11666666666666667,both_options
2025-12-22T00:47:00Z,2025-12-22T00:55:00Z,9.0,0.13333333333333333,both_options
2025-12-22T00:55:00Z,2025-12-22T01:55:00Z,9.0,1.0,both_options
2025-12-22T01:55:00Z,2025-12-22T02:55:00Z,10.0,1.0,both_options
2025-12-22T02:55:00Z,2025-12-22T03:55:00Z,10.0,1.0,both_options
2025-12-22T03:55:00Z,2025-12-22T04:55:00Z,10.0,1.0,both_options
2025-12-22T04:55:00Z,2025-12-22T05:16:00Z,10.0,0.35,both_options
2025-12-22T05:16:00Z,2025-12-22T05:38:00Z,10.0,0.36666666666666664,both_options
2025-12-22T05:38:00Z,2025-12-22T05:55:00Z,10.0,0.2833333333333333,both_options
2025-12-22T05:55:00Z,2025-12-22T06:55:00Z,10.0,1.0,both_options
2025-12-22T06:55:00Z,2025-12-22T07:55:00Z,10.0,1.0,both_options
2025-12-22T07:55:00Z,2025-12-22T08:55:00Z,10.0,1.0,both_options
2025-12-22T08:55:00Z,2025-12-22T09:55:00Z,10.0,1.0,both_options
2025-12-22T09:55:00Z,2025-12-22T10:55:00Z,10.0,1.0,both_options
2025-12-22T10:55:00Z,2025-12-22T11:55:00Z,10.0,1.0,both_options
2025-12-22T11:55:00Z,2025-12-22T12:55:00Z,10.0,1.0,both_options
2025-12-22T12:55:00Z,2025-12-22T13:55:00Z,10.0,1.0,both_options
2025-12-22T13:55:00Z,2025-12-22T14:55:00Z,10.0,1.0,both_options
2025-12-22T14:55:00Z,2025-12-22T15:55:00Z,10.0,1.0,both_options
2025-12-22T15:55:00Z,2025-12-22T16:34:00Z,10.0,0.65,both_options
2025-12-22T16:34:00Z,2025-12-22T16:42:00Z,2.0,0.13333333333333333,both_options
2025-12-22T16:42:00Z,2025-12-22T16:55:00Z,10.0,0.21666666666666667,both_options
2025-12-22T16:55:00Z,2025-12-22T17:55:00Z,8.0,1.0,both_options
2025-12-22T17:55:00Z,2025-12-22T18:55:00Z,10.0,1.0,both_options
2025-12-22T18:55:00Z,2025-12-22T19:55:00Z,9.0,1.0,both_options
2025-12-22T19:55:00Z,2025-12-22T20:55:00Z,10.0,1.0,both_options
2025-12-22T20:55:00Z,2025-12-22T21:20:00Z,9.0,0.4166666666666667,both_options
2025-12-22T21:20:00Z,2025-12-22T21:29:00Z,6.0,0.15,both_options
2025-12-22T21:29:00Z,2025-12-22T21:33:00Z,1.75,0.06666666666666667,both_options
2025-12-22T21:33:00Z,2025-12-22T21:47:00Z,1.25,0.23333333333333334,both_options
2025-12-22T21:47:00Z,2025-12-22T21:50:00Z,1.5,0.05,both_options
2025-12-22T21:50:00Z,2025-12-22T21:55:00Z,2.0,0.08333333333333333,both_options
2025-12-22T21:55:00Z,2025-12-22T22:55:00Z,4.0,1.0,both_options
2025-12-22T22:55:00Z,2025-12-22T23:12:00Z,10.0,0.2833333333333333,both_options
2025-12-22T23:12:00Z,2025-12-22T23:24:00Z,8.0,0.2,both_options
2025-12-22T23:24:00Z,2025-12-22T23:44:00Z,2.5,0.3333333333333333,both_options
2025-12-22T23:44:00Z,2025-12-22T23:55:00Z,7.0,0.18333333333333332,both_options
2025-12-22T23:55:00Z,2025-12-23T00:14:00Z,5.0,0.31666666666666665,both_options
2025-12-23T00:14:00Z,2025-12-23T00:55:00Z,10.0,0.6833333333333333,both_options
2025-12-23T00:55:00Z,2025-12-23T01:55:00Z,5.0,1.0,both_options
2025-12-23T01:55:00Z,2025-12-23T02:55:00Z,9.0,1.0,both_options
2025-12-23T02:55:00Z,2025-12-23T03:55:00Z,10.0,1.0,both_options
2025-12-23T03:55:00Z,2025-12-23T04:55:00Z,10.0,1.0,both_options
2025-12-23T04:55:00Z,2025-12-23T05:55:00Z,10.0,1.0,both_options
2025-12-23T05:55:00Z,2025-12-23T06:55:00Z,10.0,1.0,both_options
2025-12-23T06:55:00Z,2025-12-23T07:55:00Z,10.0,1.0,both_options
2025-12-23T07:55:00Z,2025-12-23T08:55:00Z,10.0,1.0,both_options
2025-12-23T08:55:00Z,2025-12-23T09:55:00Z,10.0,1.0,both_options
2025-12-23T09:55:00Z,2025-12-23T10:55:00Z,10.0,1.0,both_options
2025-12-23T10:55:00Z,2025-12-23T11:55:00Z,10.0,1.0,both_options
2025-12-23T11:55:00Z,2025-12-23T12:55:00Z,10.0,1.0,both_options
2025-12-23T12:55:00Z,2025-12-23T13:55:00Z,10.0,1.0,both_options
2025-12-23T13:55:00Z,2025-12-23T14:55:00Z,9.0,1.0,both_options
2025-12-23T14:55:00Z,2025-12-23T15:55:00Z,10.0,1.0,both_options
2025-12-23T15:55:00Z,2025-12-23T16:55:00Z,10.0,1.0,both_options
2025-12-23T16:55:00Z,2025-12-23T17:55:00Z,10.0,1.0,both_options
2025-12-23T17:55:00Z,2025-12-23T18:55:00Z,10.0,1.0,both_options
2025-12-23T18:55:00Z,2025-12-23T19:55:00Z,10.0,1.0,both_options
2025-12-23T19:55:00Z,2025-12-23T20:55:00Z,10.0,1.0,both_options
2025-12-23T20:55:00Z,2025-12-23T21:55:00Z,10.0,1.0,both_options
2025-12-23T21:55:00Z,2025-12-23T22:55:00Z,10.0,1.0,both_options
2025-12-23T22:55:00Z,2025-12-23T23:55:00Z,10.0,1.0,both_options
2025-12-23T23:55:00Z,2025-12-24T00:55:00Z,10.0,1.0,both_options
2025-12-24T00:55:00Z,2025-12-24T01:55:00Z,10.0,1.0,both_options
2025-12-24T01:55:00Z,2025-12-24T02:55:00Z,10.0,1.0,both_options
2025-12-24T02:55:00Z,2025-12-24T03:55:00Z,10.0,1.0,both_options
2025-12-24T03:55:00Z,2025-12-24T04:55:00Z,10.0,1.0,both_options
2025-12-24T04:55:00Z,2025-12-24T05:55:00Z,10.0,1.0,both_options
2025-12-24T05:55:00Z,2025-12-24T06:55:00Z,10.0,1.0,both_options
2025-12-24T06:55:00Z,2025-12-24T07:55:00Z,10.0,1.0,both_options
2025-12-24T07:55:00Z,2025-12-24T08:55:00Z,10.0,1.0,both_options
2025-12-24T08:55:00Z,2025-12-24T09:47:00Z,10.0,0.8666666666666667,both_options
2025-12-24T09:47:00Z,2025-12-24T09:55:00Z,10.0,0.13333333333333333,both_options
2025-12-24T09:55:00Z,2025-12-24T10:55:00Z,10.0,1.0,both_options
2025-12-24T10:55:00Z,2025-12-24T11:55:00Z,9.0,1.0,both_options
2025-12-24T11:55:00Z,2025-12-24T12:17:00Z,8.0,0.36666666666666664,both_options
2025-12-24T12:17:00Z,2025-12-24T12:55:00Z,9.0,0.6333333333333333,both_options
2025-12-24T12:55:00Z,2025-12-24T13:55:00Z,7.0,1.0,both_options
2025-12-24T13:55:00Z,2025-12-24T14:55:00Z,7.0,1.0,both_options
2025-12-24T14:55:00Z,2025-12-24T15:55:00Z,8.0,1.0,both_options
2025-12-24T15:55:00Z,2025-12-24T16:19:00Z,9.0,0.4,both_options
2025-12-24T16:19:00Z,2025-12-24T16:55:00Z,6.0,0.6,both_options
2025-12-24T16:55:00Z,2025-12-24T17:13:00Z,4.0,0.3,both_options
2025-12-24T17:13:00Z,2025-12-24T17:45:00Z,3.0,0.5333333333333333,both_options
2025-12-24T17:45:00Z,2025-12-24T17:55:00Z,4.0,0.16666666666666666,both_options
2025-12-24T17:55:00Z,2025-12-24T18:04:00Z,5.0,0.15,both_options
2025-12-24T18:04:00Z,2025-12-24T18:28:00Z,5.0,0.4,both_options
2025-12-24T18:28:00Z,2025-12-24T18:55:00Z,10.0,0.45,both_options
2025-12-24T18:55:00Z,2025-12-24T19:39:00Z,10.0,0.7333333333333333,both_options
2025-12-24T19:39:00Z,2025-12-24T19:47:00Z,9.0,0.13333333333333333,both_options
2025-12-24T19:47:00Z,2025-12-24T19:55:00Z,5.0,0.13333333333333333,both_options
2025-12-24T19:55:00Z,2025-12-24T20:55:00Z,10.0,1.0,both_options
2025-12-24T20:55:00Z,2025-12-24T21:55:00Z,10.0,1.0,both_options
2025-12-24T21:55:00Z,2025-12-24T22:30:00Z,10.0,0.5833333333333334,both_options
2025-12-24T22:30:00Z,2025-12-24T22:47:00Z,10.0,0.2833333333333333,both_options
2025-12-24T22:47:00Z,2025-12-24T22:55:00Z,10.0,0.13333333333333333,both_options
2025-12-24T22:55:00Z,2025-12-24T23:55:00Z,10.0,1.0,both_options
2025-12-24T23:55:00Z,2025-12-25T00:55:00Z,10.0,1.0,both_options
2025-12-25T00:55:00Z,2025-12-25T01:55:00Z,7.0,1.0,both_options
2025-12-25T01:55:00Z,2025-12-25T02:55:00Z,10.0,1.0,both_options
2025-12-25T02:55:00Z,2025-12-25T03:55:00Z,10.0,1.0,both_options
2025-12-25T03:55:00Z,2025-12-25T04:55:00Z,10.0,1.0,both_options
2025-12-25T04:55:00Z,2025-12-25T05:55:00Z,10.0,1.0,both_options
2025-12-25T05:55:00Z,2025-12-25T06:55:00Z,10.0,1.0,both_options
2025-12-25T06:55:00Z,2025-12-25T07:55:00Z,10.0,1.0,both_options
2025-12-25T07:55:00Z,2025-12-25T08:55:00Z,10.0,1.0,both_options
2025-12-25T08:55:00Z,2025-12-25T09:55:00Z,10.0,1.0,both_options
2025-12-25T09:55:00Z,2025-12-25T10:55:00Z,10.0,1.0,both_options
2025-12-25T10:55:00Z,2025-12-25T11:55:00Z,10.0,1.0,both_options
2025-12-25T11:55:00Z,2025-12-25T12:55:00Z,10.0,1.0,both_options
2025-12-25T12:55:00Z,2025-12-25T13:55:00Z,10.0,1.0,both_options
2025-12-25T13:55:00Z,2025-12-25T14:55:00Z,10.0,1.0,both_options
2025-12-25T14:55:00Z,2025-12-25T15:55:00Z,10.0,1.0,both_options
2025-12-25T15:55:00Z,2025-12-25T16:55:00Z,10.0,1.0,both_options
2025-12-25T16:55:00Z,2025-12-25T17:55:00Z,9.0,1.0,both_options
2025-12-25T17:55:00Z,2025-12-25T18:55:00Z,10.0,1.0,both_options
2025-12-25T18:55:00Z,2025-12-25T19:55:00Z,5.0,1.0,both_options
2025-12-25T19:55:00Z,2025-12-25T20:55:00Z,10.0,1.0,both_options
2025-12-25T20:55:00Z,2025-12-25T21:55:00Z,10.0,1.0,both_options
2025-12-25T21:55:00Z,2025-12-25T22:55:00Z,10.0,1.0,both_options
2025-12-25T22:55:00Z,2025-12-25T23:55:00Z,7.0,1.0,both_options
2025-12-25T23:55:00Z,2025-12-26T00:55:00Z,10.0,1.0,both_options
2025-12-26T00:55:00Z,2025-12-26T01:55:00Z,10.0,1.0,both_options
2025-12-26T01:55:00Z,2025-12-26T02:55:00Z,10.0,1.0,both_options
2025-12-26T02:55:00Z,2025-12-26T03:55:00Z,10.0,1.0,both_options
2025-12-26T03:55:00Z,2025-12-26T04:55:00Z,10.0,1.0,both_options
2025-12-26T04:55:00Z,2025-12-26T05:55:00Z,10.0,1.0,both_options
2025-12-26T05:55:00Z,2025-12-26T06:55:00Z,10.0,1.0,both_options
2025-12-26T06:55:00Z,2025-12-26T07:55:00Z,10.0,1.0,both_options
2025-12-26T07:55:00Z,2025-12-26T08:55:00Z,10.0,1.0,both_options
2025-12-26T08:55:00Z,2025-12-26T09:55:00Z,10.0,1.0,both_options
2025-12-26T09:55:00Z,2025-12-26T10:55:00Z,10.0,1.0,both_options
2025-12-26T10:55:00Z,2025-12-26T11:55:00Z,10.0,1.0,both_options
2025-12-26T11:55:00Z,2025-12-26T12:55:00Z,4.0,1.0,both_options
2025-12-26T12:55:00Z,2025-12-26T13:55:00Z,9.0,1.0,both_options
2025-12-26T13:55:00Z,2025-12-26T14:22:00Z,10.0,0.45,both_options
2025-12-26T14:22:00Z,2025-12-26T14:55:00Z,2.5,0.55,both_options
2025-12-26T14:55:00Z,2025-12-26T15:55:00Z,4.0,1.0,both_options
2025-12-26T15:55:00Z,2025-12-26T16:55:00Z,7.0,1.0,both_options
2025-12-26T16:55:00Z,2025-12-26T17:11:00Z,10.0,0.26666666666666666,both_options
2025-12-26T17:11:00Z,2025-12-26T17:28:00Z,5.0,0.2833333333333333,both_options
2025-12-26T17:28:00Z,2025-12-26T17:36:00Z,2.5,0.13333333333333333,both_options
2025-12-26T17:36:00Z,2025-12-26T17:55:00Z,4.0,0.31666666666666665,both_options
2025-12-26T17:55:00Z,2025-12-26T18:09:00Z,8.0,0.23333333333333334,both_options
2025-12-26T18:09:00Z,2025-12-26T18:17:00Z,2.0,0.13333333333333333,both_options
2025-12-26T18:17:00Z,2025-12-26T18:24:00Z,3.0,0.11666666666666667,both_options
2025-12-26T18:24:00Z,2025-12-26T18:45:00Z,2.5,0.35,both_options
2025-12-26T18:45:00Z,2025-12-26T18:55:00Z,4.0,0.16666666666666666,both_options
2025-12-26T18:55:00Z,2025-12-26T19:32:00Z,7.0,0.6166666666666667,both_options
2025-12-26T19:32:00Z,2025-12-26T19:55:00Z,10.0,0.38333333333333336,both_options
2025-12-26T19:55:00Z,2025-12-26T20:55:00Z,10.0,1.0,both_options
2025-12-26T20:55:00Z,2025-12-26T21:55:00Z,10.0,1.0,both_options
2025-12-26T21:55:00Z,2025-12-26T22:55:00Z,10.0,1.0,both_options
2025-12-26T22:55:00Z,2025-12-26T23:55:00Z,10.0,1.0,both_options
2025-12-26T23:55:00Z,2025-12-27T00:55:00Z,8.0,1.0,both_options
2025-12-27T00:55:00Z,2025-12-27T01:55:00Z,10.0,1.0,both_options
2025-12-27T01:55:00Z,2025-12-27T02:55:00Z,10.0,1.0,both_options
2025-12-27T02:55:00Z,2025-12-27T03:55:00Z,10.0,1.0,both_options
2025-12-27T03:55:00Z,2025-12-27T04:55:00Z,10.0,1.0,both_options
2025-12-27T04:55:00Z,2025-12-27T05:55:00Z,4.0,1.0,both_options
2025-12-27T05:55:00Z,2025-12-27T06:55:00Z,10.0,1.0,both_options
2025-12-27T06:55:00Z,2025-12-27T07:55:00Z,10.0,1.0,both_options
2025-12-27T07:55:00Z,2025-12-27T08:55:00Z,10.0,1.0,both_options
2025-12-27T08:55:00Z,2025-12-27T09:55:00Z,10.0,1.0,both_options
2025-12-27T09:55:00Z,2025-12-27T10:55:00Z,10.0,1.0,both_options
2025-12-27T10:55:00Z,2025-12-27T11:55:00Z,10.0,1.0,both_options
2025-12-27T11:55:00Z,2025-12-27T12:55:00Z,10.0,1.0,both_options
2025-12-27T12:55:00Z,2025-12-27T13:55:00Z,10.0,1.0,both_options
2025-12-27T13:55:00Z,2025-12-27T14:55:00Z,10.0,1.0,both_options
2025-12-27T14:55:00Z,2025-12-27T15:55:00Z,9.0,1.0,both_options
2025-12-27T15:55:00Z,2025-12-27T16:55:00Z,10.0,1.0,both_options
2025-12-27T16:55:00Z,2025-12-27T17:55:00Z,10.0,1.0,both_options
2025-12-27T17:55:00Z,2025-12-27T18:55:00Z,10.0,1.0,both_options
2025-12-27T18:55:00Z,2025-12-27T19:55:00Z,10.0,1.0,both_options
2025-12-27T19:55:00Z,2025-12-27T20:55:00Z,10.0,1.0,both_options
2025-12-27T20:55:00Z,2025-12-27T21:55:00Z,10.0,1.0,both_options
2025-12-27T21:55:00Z,2025-12-27T22:55:00Z,10.0,1.0,both_options
2025-12-27T22:55:00Z,2025-12-27T23:55:00Z,7.0,1.0,both_options
2025-12-27T23:55:00Z,2025-12-28T00:55:00Z,6.0,1.0,both_options
2025-12-28T00:55:00Z,2025-12-28T01:55:00Z,10.0,1.0,both_options
2025-12-28T01:55:00Z,2025-12-28T02:55:00Z,10.0,1.0,both_options
2025-12-28T02:55:00Z,2025-12-28T03:55:00Z,10.0,1.0,both_options
2025-12-28T03:55:00Z,2025-12-28T04:55:00Z,10.0,1.0,both_options
2025-12-28T04:55:00Z,2025-12-28T05:55:00Z,10.0,1.0,both_options
2025-12-28T05:55:00Z,2025-12-28T06:55:00Z,10.0,1.0,both_options
2025-12-28T06:55:00Z,2025-12-28T07:55:00Z,10.0,1.0,both_options
2025-12-28T07:55:00Z,2025-12-28T08:55:00Z,10.0,1.0,both_options
2025-12-28T08:55:00Z,2025-12-28T09:55:00Z,10.0,1.0,both_options
2025-12-28T09:55:00Z,2025-12-28T10:55:00Z,10.0,1.0,both_options
2025-12-28T10:55:00Z,2025-12-28T11:55:00Z,8.0,1.0,both_options
2025-12-28T11:55:00Z,2025-12-28T12:04:00Z,2.5,0.15,both_options
2025-12-28T12:04:00Z,2025-12-28T12:10:00Z,2.0,0.1,both_options
2025-12-28T12:10:00Z,2025-12-28T12:55:00Z,3.0,0.75,both_options
2025-12-28T12:55:00Z,2025-12-28T12:59:00Z,2.0,0.06666666666666667,both_options
2025-12-28T12:59:00Z,2025-12-28T13:19:00Z,1.25,0.3333333333333333,both_options
2025-12-28T13:19:00Z,2025-12-28T13:28:00Z,2.0,0.15,both_options
2025-12-28T13:28:00Z,2025-12-28T13:37:00Z,5.0,0.15,both_options
2025-12-28T13:37:00Z,2025-12-28T13:42:00Z,1.75,0.08333333333333333,both_options
2025-12-28T13:42:00Z,2025-12-28T13:55:00Z,0.75,0.21666666666666667,lower_only
2025-12-28T13:55:00Z,2025-12-28T14:01:00Z,0.75,0.1,lower_only
2025-12-28T14:01:00Z,2025-12-28T14:14:00Z,1.5,0.21666666666666667,both_options
2025-12-28T14:14:00Z,2025-12-28T14:52:00Z,0.75,0.6333333333333333,lower_only
2025-12-28T14:52:00Z,2025-12-28T14:55:00Z,1.0,0.05,both_options
2025-12-28T14:55:00Z,2025-12-28T15:04:00Z,1.0,0.15,both_options
2025-12-28T15:04:00Z,2025-12-28T15:14:00Z,2.0,0.16666666666666666,both_options
2025-12-28T15:14:00Z,2025-12-28T15:55:00Z,3.0,0.6833333333333333,both_options
2025-12-28T15:55:00Z,2025-12-28T16:06:00Z,2.5,0.18333333333333332,both_options
2025-12-28T16:06:00Z,2025-12-28T16:55:00Z,3.0,0.8166666666666667,both_options
2025-12-28T16:55:00Z,2025-12-28T17:19:00Z,6.0,0.4,both_options
2025-12-28T17:19:00Z,2025-12-28T17:55:00Z,7.0,0.6,both_options
2025-12-28T17:55:00Z,2025-12-28T18:55:00Z,8.0,1.0,both_options
2025-12-28T18:55:00Z,2025-12-28T19:16:00Z,10.0,0.35,both_options
2025-12-28T19:16:00Z,2025-12-28T19:31:00Z,9.0,0.25,both_options
2025-12-28T19:31:00Z,2025-12-28T19:55:00Z,10.0,0.4,both_options
2025-12-28T19:55:00Z,2025-12-28T20:55:00Z,10.0,1.0,both_options
2025-12-28T20:55:00Z,2025-12-28T21:55:00Z,10.0,1.0,both_options
2025-12-28T21:55:00Z,2025-12-28T22:55:00Z,10.0,1.0,both_options
2025-12-28T22:55:00Z,2025-12-28T23:55:00Z,10.0,1.0,both_options
2025-12-28T23:55:00Z,2025-12-29T00:55:00Z,10.0,1.0,both_options
2025-12-29T00:55:00Z,2025-12-29T01:55:00Z,10.0,1.0,both_options
2025-12-29T01:55:00Z,2025-12-29T02:55:00Z,10.0,1.0,both_options
2025-12-29T02:55:00Z,2025-12-29T03:55:00Z,10.0,1.0,both_options
2025-12-29T03:55:00Z,2025-12-29T04:55:00Z,10.0,1.0,both_options
2025-12-29T04:55:00Z,2025-12-29T05:55:00Z,10.0,1.0,both_options
2025-12-29T05:55:00Z,2025-12-29T06:55:00Z,10.0,1.0,both_options
2025-12-29T06:55:00Z,2025-12-29T07:55:00Z,10.0,1.0,both_options
2025-12-29T07:55:00Z,2025-12-29T08:55:00Z,10.0,1.0,both_options
2025-12-29T08:55:00Z,2025-12-29T09:55:00Z,10.0,1.0,both_options
2025-12-29T09:55:00Z,2025-12-29T10:55:00Z,10.0,1.0,both_options
2025-12-29T10:55:00Z,2025-12-29T11:55:00Z,10.0,1.0,both_options
2025-12-29T11:55:00Z,2025-12-29T12:55:00Z,10.0,1.0,both_options
2025-12-29T12:55:00Z,2025-12-29T13:55:00Z,10.0,1.0,both_options
2025-12-29T13:55:00Z,2025-12-29T14:55:00Z,10.0,1.0,both_options
2025-12-29T14:55:00Z,2025-12-29T15:55:00Z,10.0,1.0,both_options
2025-12-29T15:55:00Z,2025-12-29T16:55:00Z,10.0,1.0,both_options
2025-12-29T16:55:00Z,2025-12-29T17:55:00Z,10.0,1.0,both_options
2025-12-29T17:55:00Z,2025-12-29T18:55:00Z,10.0,1.0,both_options
2025-12-29T18:55:00Z,2025-12-29T19:55:00Z,10.0,1.0,both_options
2025-12-29T19:55:00Z,2025-12-29T20:55:00Z,10.0,1.0,both_options
2025-12-29T20:55:00Z,2025-12-29T21:55:00Z,10.0,1.0,both_options
2025-12-29T21:55:00Z,2025-12-29T22:55:00Z,10.0,1.0,both_options
2025-12-29T22:55:00Z,2025-12-29T23:55:00Z,10.0,1.0,both_options
2025-12-29T23:55:00Z,2025-12-30T00:55:00Z,10.0,1.0,both_options
2025-12-30T00:55:00Z,2025-12-30T01:55:00Z,10.0,1.0,both_options
2025-12-30T01:55:00Z,2025-12-30T02:55:00Z,10.0,1.0,both_options
2025-12-30T02:55:00Z,2025-12-30T03:55:00Z,10.0,1.0,both_options
2025-12-30T03:55:00Z,2025-12-30T04:55:00Z,10.0,1.0,both_options
2025-12-30T04:55:00Z,2025-12-30T05:55:00Z,10.0,1.0,both_options
2025-12-30T05:55:00Z,2025-12-30T06:55:00Z,10.0,1.0,both_options
2025-12-30T06:55:00Z,2025-12-30T07:55:00Z,10.0,1.0,both_options
2025-12-30T07:55:00Z,2025-12-30T08:55:00Z,10.0,1.0,both_options
2025-12-30T08:55:00Z,2025-12-30T09:55:00Z,10.0,1.0,both_options
2025-12-30T09:55:00Z,2025-12-30T10:55:00Z,10.0,1.0,both_options
2025-12-30T10:55:00Z,2025-12-30T11:55:00Z,10.0,1.0,both_options
2025-12-30T11:55:00Z,2025-12-30T12:55:00Z,10.0,1.0,both_options
2025-12-30T12:55:00Z,2025-12-30T13:55:00Z,10.0,1.0,both_options
2025-12-30T13:55:00Z,2025-12-30T14:55:00Z,10.0,1.0,both_options
2025-12-30T14:55:00Z,2025-12-30T15:55:00Z,10.0,1.0,both_options
2025-12-30T15:55:00Z,2025-12-30T16:55:00Z,10.0,1.0,both_options
2025-12-30T16:55:00Z,2025-12-30T17:55:00Z,10.0,1.0,both_options
2025-12-30T17:55:00Z,2025-12-30T18:55:00Z,10.0,1.0,both_options
2025-12-30T18:55:00Z,2025-12-30T19:55:00Z,10.0,1.0,both_options
2025-12-30T19:55:00Z,2025-12-30T20:55:00Z,10.0,1.0,both_options
2025-12-30T20:55:00Z,2025-12-30T21:55:00Z,10.0,1.0,both_options
2025-12-30T21:55:00Z,2025-12-30T22:55:00Z,10.0,1.0,both_options
2025-12-30T22:55:00Z,2025-12-30T23:55:00Z,10.0,1.0,both_options
2025-12-30T23:55:00Z,2025-12-31T00:55:00Z,10.0,1.0,both_options
2025-12-31T00:55:00Z,2025-12-31T01:55:00Z,10.0,1.0,both_options
2025-12-31T01:55:00Z,2025-12-31T02:55:00Z,10.0,1.0,both_options
2025-12-31T02:55:00Z,2025-12-31T03:55:00Z,10.0,1.0,both_options
2025-12-31T03:55:00Z,2025-12-31T04:55:00Z,10.0,1.0,both_options
2025-12-31T04:55:00Z,2025-12-31T05:55:00Z,10.0,1.0,both_options
2025-12-31T05:55:00Z,2025-12-31T06:55:00Z,10.0,1.0,both_options
2025-12-31T06:55:00Z,2025-12-31T07:55:00Z,10.0,1.0,both_options
2025-12-31T07:55:00Z,2025-12-31T08:55:00Z,8.0,1.0,both_options
2025-12-31T08:55:00Z,2025-12-31T09:55:00Z,9.0,1.0,both_options
2025-12-31T09:55:00Z,2025-12-31T10:55:00Z,9.0,1.0,both_options
2025-12-31T10:55:00Z,2025-12-31T11:55:00Z,10.0,1.0,both_options
2025-12-31T11:55:00Z,2025-12-31T12:55:00Z,10.0,1.0,both_options
2025-12-31T12:55:00Z,2025-12-31T13:55:00Z,10.0,1.0,both_options
2025-12-31T13:55:00Z,2025-12-31T14:55:00Z,10.0,1.0,both_options
2025-12-31T14:55:00Z,2025-12-31T15:55:00Z,10.0,1.0,both_options
2025-12-31T15:55:00Z,2025-12-31T16:55:00Z,10.0,1.0,both_options
2025-12-31T16:55:00Z,2025-12-31T17:55:00Z,10.0,1.0,both_options
2025-12-31T17:55:00Z,2025-12-31T18:55:00Z,10.0,1.0,both_options
2025-12-31T18:55:00Z,2025-12-31T19:55:00Z,10.0,1.0,both_options
2025-12-31T19:55:00Z,2025-12-31T20:55:00Z,10.0,1.0,both_options
2025-12-31T20:55:00Z,2025-12-31T21:55:00Z,10.0,1.0,both_options
2025-12-31T21:55:00Z,2025-12-31T22:55:00Z,10.0,1.0,both_options
2025-12-31T22:55:00Z,2025-12-31T23:55:00Z,10.0,1.0,both_options
2025-12-31T23:55:00Z,2026-01-01T00:00:00Z,10.0,0.08333333333333333,both_options
