event_id,event_start_utc,event_end_utc,duration_hours,duration_minutes,interval_count,start_year,duration_group
1,2021-01-07T08:53:00Z,2021-01-07T08:56:00Z,0.05,3.0,1,2021,Under 30 min
2,2021-01-11T03:28:00Z,2021-01-11T03:37:00Z,0.15,9.0,1,2021,Under 30 min
3,2021-01-11T04:05:00Z,2021-01-11T04:45:00Z,0.6666666666666666,40.0,1,2021,30-59 min
4,2021-01-11T05:26:00Z,2021-01-11T05:37:00Z,0.1833333333333333,10.999999999999998,1,2021,Under 30 min
5,2021-01-13T14:44:00Z,2021-01-13T14:56:00Z,0.2,12.0,1,2021,Under 30 min
6,2021-01-13T15:29:00Z,2021-01-13T15:56:00Z,0.45,27.0,1,2021,Under 30 min
7,2021-01-13T17:56:00Z,2021-01-13T18:37:00Z,0.6833333333333333,41.0,1,2021,30-59 min
8,2021-01-13T19:29:00Z,2021-01-13T19:39:00Z,0.1666666666666666,9.999999999999996,1,2021,Under 30 min
9,2021-01-13T19:46:00Z,2021-01-13T19:56:00Z,0.1666666666666666,9.999999999999996,1,2021,Under 30 min
10,2021-01-14T01:17:00Z,2021-01-14T01:53:00Z,0.6000000000000001,36.00000000000001,2,2021,30-59 min
11,2021-01-14T02:37:00Z,2021-01-14T02:56:00Z,0.3166666666666666,18.999999999999996,1,2021,Under 30 min
12,2021-01-14T11:38:00Z,2021-01-14T11:52:00Z,0.2333333333333333,13.999999999999998,1,2021,Under 30 min
13,2021-01-16T01:56:00Z,2021-01-16T02:56:00Z,1.0,60.0,1,2021,1-2 hours
14,2021-01-16T12:56:00Z,2021-01-16T13:56:00Z,1.0,60.0,1,2021,1-2 hours
15,2021-01-16T14:52:00Z,2021-01-16T14:56:00Z,0.0666666666666666,3.9999999999999956,1,2021,Under 30 min
16,2021-01-16T22:37:00Z,2021-01-16T22:56:00Z,0.3166666666666666,18.999999999999996,1,2021,Under 30 min
17,2021-01-17T03:13:00Z,2021-01-17T03:41:00Z,0.4666666666666667,28.0,1,2021,Under 30 min
18,2021-01-17T09:48:00Z,2021-01-17T10:20:00Z,0.5333333333333332,31.999999999999993,3,2021,30-59 min
19,2021-01-29T05:40:00Z,2021-01-29T05:56:00Z,0.2666666666666666,15.999999999999996,1,2021,Under 30 min
20,2021-02-01T22:26:00Z,2021-02-01T22:32:00Z,0.1,6.0,1,2021,Under 30 min
21,2021-03-03T05:36:00Z,2021-03-03T05:56:00Z,0.3333333333333333,20.0,1,2021,Under 30 min
22,2021-03-03T06:05:00Z,2021-03-03T06:20:00Z,0.25,15.0,1,2021,Under 30 min
23,2021-03-28T09:18:00Z,2021-03-28T09:32:00Z,0.2333333333333333,13.999999999999998,1,2021,Under 30 min
24,2021-04-02T08:51:00Z,2021-04-02T08:56:00Z,0.0833333333333333,4.999999999999998,1,2021,Under 30 min
25,2021-04-05T10:33:00Z,2021-04-05T10:40:00Z,0.1166666666666666,6.999999999999996,1,2021,Under 30 min
26,2021-04-05T13:54:00Z,2021-04-05T13:56:00Z,0.0333333333333333,1.9999999999999978,1,2021,Under 30 min
27,2021-04-18T01:33:00Z,2021-04-18T01:47:00Z,0.2333333333333333,13.999999999999998,1,2021,Under 30 min
28,2021-04-18T01:56:00Z,2021-04-18T02:25:00Z,0.4833333333333333,28.999999999999996,1,2021,Under 30 min
29,2021-04-18T03:56:00Z,2021-04-18T05:56:00Z,2.0,120.0,2,2021,2+ hours
30,2021-04-20T12:15:00Z,2021-04-20T12:56:00Z,0.6833333333333333,41.0,1,2021,30-59 min
31,2021-04-30T09:33:00Z,2021-04-30T09:43:00Z,0.1666666666666666,9.999999999999996,1,2021,Under 30 min
32,2021-04-30T09:56:00Z,2021-04-30T10:00:00Z,0.0666666666666666,3.9999999999999956,1,2021,Under 30 min
33,2021-04-30T23:05:00Z,2021-04-30T23:42:00Z,0.6166666666666667,37.0,1,2021,30-59 min
34,2021-05-01T01:30:00Z,2021-05-01T01:56:00Z,0.4333333333333333,25.999999999999996,1,2021,Under 30 min
35,2021-05-01T05:56:00Z,2021-05-01T06:19:00Z,0.3833333333333333,23.0,1,2021,Under 30 min
36,2021-05-01T12:26:00Z,2021-05-01T12:39:00Z,0.2166666666666666,12.999999999999995,1,2021,Under 30 min
37,2021-05-01T12:49:00Z,2021-05-01T13:29:00Z,0.6666666666666666,40.0,2,2021,30-59 min
38,2021-05-02T12:36:00Z,2021-05-02T12:43:00Z,0.1166666666666666,6.999999999999996,1,2021,Under 30 min
39,2021-05-04T04:53:00Z,2021-05-04T04:56:00Z,0.05,3.0,1,2021,Under 30 min
40,2021-05-04T06:32:00Z,2021-05-04T06:38:00Z,0.1,6.0,1,2021,Under 30 min
41,2021-05-05T18:11:00Z,2021-05-05T18:23:00Z,0.2,12.0,1,2021,Under 30 min
42,2021-05-05T18:56:00Z,2021-05-05T19:10:00Z,0.2333333333333333,13.999999999999998,1,2021,Under 30 min
43,2021-05-06T02:33:00Z,2021-05-06T02:56:00Z,0.3833333333333333,23.0,1,2021,Under 30 min
44,2021-05-06T04:05:00Z,2021-05-06T04:37:00Z,0.5333333333333333,32.0,1,2021,30-59 min
45,2021-05-11T11:37:00Z,2021-05-11T11:52:00Z,0.25,15.0,1,2021,Under 30 min
46,2021-05-12T13:05:00Z,2021-05-12T13:13:00Z,0.1333333333333333,7.999999999999998,1,2021,Under 30 min
47,2021-05-18T15:52:00Z,2021-05-18T15:56:00Z,0.0666666666666666,3.9999999999999956,1,2021,Under 30 min
48,2021-05-24T01:49:00Z,2021-05-24T01:56:00Z,0.1166666666666666,6.999999999999996,1,2021,Under 30 min
49,2021-05-25T06:09:00Z,2021-05-25T06:23:00Z,0.2333333333333333,13.999999999999998,1,2021,Under 30 min
50,2021-05-25T06:30:00Z,2021-05-25T06:54:00Z,0.4,24.0,1,2021,Under 30 min
51,2021-05-25T10:31:00Z,2021-05-25T10:39:00Z,0.1333333333333333,7.999999999999998,1,2021,Under 30 min
52,2021-05-28T08:47:00Z,2021-05-28T08:56:00Z,0.15,9.0,1,2021,Under 30 min
53,2021-06-02T00:56:00Z,2021-06-02T01:56:00Z,1.0,60.0,1,2021,1-2 hours
54,2021-06-02T05:41:00Z,2021-06-02T06:39:00Z,0.9666666666666667,58.0,2,2021,30-59 min
55,2021-06-02T11:22:00Z,2021-06-02T12:12:00Z,0.8333333333333333,49.99999999999999,2,2021,30-59 min
56,2021-06-02T12:36:00Z,2021-06-02T12:43:00Z,0.1166666666666666,6.999999999999996,1,2021,Under 30 min
57,2021-06-02T14:56:00Z,2021-06-02T15:35:00Z,0.65,39.0,1,2021,30-59 min
58,2021-06-03T01:56:00Z,2021-06-03T02:11:00Z,0.25,15.0,1,2021,Under 30 min
59,2021-06-03T02:23:00Z,2021-06-03T02:49:00Z,0.4333333333333333,25.999999999999996,1,2021,Under 30 min
60,2021-06-04T01:52:00Z,2021-06-04T02:02:00Z,0.1666666666666666,9.999999999999996,2,2021,Under 30 min
61,2021-06-04T16:45:00Z,2021-06-04T17:04:00Z,0.3166666666666666,18.999999999999996,2,2021,Under 30 min
62,2021-06-07T08:45:00Z,2021-06-07T08:56:00Z,0.1833333333333333,10.999999999999998,1,2021,Under 30 min
63,2021-06-07T13:16:00Z,2021-06-07T13:56:00Z,0.6666666666666666,40.0,1,2021,30-59 min
64,2021-06-12T17:27:00Z,2021-06-12T17:50:00Z,0.3833333333333333,23.0,1,2021,Under 30 min
65,2021-06-14T17:03:00Z,2021-06-14T17:25:00Z,0.3666666666666666,21.999999999999996,1,2021,Under 30 min
66,2021-06-14T17:42:00Z,2021-06-14T17:51:00Z,0.15,9.0,1,2021,Under 30 min
67,2021-06-14T18:17:00Z,2021-06-14T18:22:00Z,0.0833333333333333,4.999999999999998,1,2021,Under 30 min
68,2021-06-14T23:42:00Z,2021-06-14T23:52:00Z,0.1666666666666666,9.999999999999996,1,2021,Under 30 min
69,2021-06-15T03:37:00Z,2021-06-15T03:51:00Z,0.2333333333333333,13.999999999999998,1,2021,Under 30 min
70,2021-06-15T04:38:00Z,2021-06-15T04:47:00Z,0.15,9.0,1,2021,Under 30 min
71,2021-06-15T05:47:00Z,2021-06-15T06:14:00Z,0.44999999999999996,26.999999999999996,2,2021,Under 30 min
72,2021-06-16T08:34:00Z,2021-06-16T08:40:00Z,0.1,6.0,1,2021,Under 30 min
73,2021-06-18T13:44:00Z,2021-06-18T13:49:00Z,0.0833333333333333,4.999999999999998,1,2021,Under 30 min
74,2021-06-18T14:08:00Z,2021-06-18T14:28:00Z,0.3333333333333333,20.0,1,2021,Under 30 min
75,2021-06-22T14:03:00Z,2021-06-22T14:13:00Z,0.1666666666666666,9.999999999999996,1,2021,Under 30 min
76,2021-06-22T14:53:00Z,2021-06-22T15:30:00Z,0.6166666666666667,37.0,2,2021,30-59 min
77,2021-07-01T02:25:00Z,2021-07-01T02:40:00Z,0.25,15.0,1,2021,Under 30 min
78,2021-07-01T02:53:00Z,2021-07-01T03:14:00Z,0.35,21.0,2,2021,Under 30 min
79,2021-07-01T03:22:00Z,2021-07-01T03:28:00Z,0.1,6.0,1,2021,Under 30 min
80,2021-07-03T14:16:00Z,2021-07-03T14:40:00Z,0.4,24.0,1,2021,Under 30 min
81,2021-07-05T03:32:00Z,2021-07-05T03:54:00Z,0.3666666666666666,21.999999999999996,1,2021,Under 30 min
82,2021-07-10T02:47:00Z,2021-07-10T02:56:00Z,0.15,9.0,1,2021,Under 30 min
83,2021-07-10T11:00:00Z,2021-07-10T11:16:00Z,0.2666666666666666,15.999999999999996,1,2021,Under 30 min
84,2021-07-10T13:03:00Z,2021-07-10T13:56:00Z,0.8833333333333333,53.0,1,2021,30-59 min
85,2021-07-18T13:31:00Z,2021-07-18T13:56:00Z,0.4166666666666667,25.0,1,2021,Under 30 min
86,2021-07-18T14:10:00Z,2021-07-18T15:04:00Z,0.9,54.0,2,2021,30-59 min
87,2021-07-18T15:44:00Z,2021-07-18T16:09:00Z,0.41666666666666663,24.999999999999996,2,2021,Under 30 min
88,2021-07-18T16:24:00Z,2021-07-18T16:34:00Z,0.1666666666666666,9.999999999999996,1,2021,Under 30 min
89,2021-07-22T11:42:00Z,2021-07-22T11:48:00Z,0.1,6.0,1,2021,Under 30 min
90,2021-07-22T15:11:00Z,2021-07-22T15:24:00Z,0.2166666666666666,12.999999999999995,1,2021,Under 30 min
91,2021-07-23T12:36:00Z,2021-07-23T12:42:00Z,0.1,6.0,1,2021,Under 30 min
92,2021-07-25T16:37:00Z,2021-07-25T16:56:00Z,0.3166666666666666,18.999999999999996,1,2021,Under 30 min
93,2021-07-26T09:24:00Z,2021-07-26T09:56:00Z,0.5333333333333333,32.0,1,2021,30-59 min
94,2021-07-26T11:47:00Z,2021-07-26T11:56:00Z,0.15,9.0,1,2021,Under 30 min
95,2021-07-26T12:39:00Z,2021-07-26T12:48:00Z,0.15,9.0,1,2021,Under 30 min
96,2021-07-26T13:08:00Z,2021-07-26T13:21:00Z,0.2166666666666666,12.999999999999995,1,2021,Under 30 min
97,2021-07-26T16:25:00Z,2021-07-26T16:56:00Z,0.5166666666666667,31.000000000000004,1,2021,30-59 min
98,2021-07-26T17:56:00Z,2021-07-26T18:02:00Z,0.1,6.0,1,2021,Under 30 min
99,2021-07-26T18:26:00Z,2021-07-26T18:46:00Z,0.3333333333333333,20.0,1,2021,Under 30 min
100,2021-07-30T05:56:00Z,2021-07-30T06:56:00Z,1.0,60.0,1,2021,1-2 hours
101,2021-07-30T15:43:00Z,2021-07-30T15:56:00Z,0.2166666666666666,12.999999999999995,1,2021,Under 30 min
102,2021-07-31T04:33:00Z,2021-07-31T04:47:00Z,0.2333333333333333,13.999999999999998,1,2021,Under 30 min
103,2021-07-31T05:40:00Z,2021-07-31T05:56:00Z,0.2666666666666666,15.999999999999996,1,2021,Under 30 min
104,2021-07-31T16:44:00Z,2021-07-31T17:02:00Z,0.30000000000000004,18.000000000000004,2,2021,Under 30 min
105,2021-07-31T23:26:00Z,2021-07-31T23:56:00Z,0.5,30.0,1,2021,30-59 min
106,2021-08-01T00:05:00Z,2021-08-01T00:16:00Z,0.1833333333333333,10.999999999999998,1,2021,Under 30 min
107,2021-08-01T00:39:00Z,2021-08-01T00:47:00Z,0.1333333333333333,7.999999999999998,1,2021,Under 30 min
108,2021-08-01T01:14:00Z,2021-08-01T02:25:00Z,1.1833333333333331,70.99999999999999,2,2021,1-2 hours
109,2021-08-01T02:56:00Z,2021-08-01T03:05:00Z,0.15,9.0,1,2021,Under 30 min
110,2021-08-01T03:56:00Z,2021-08-01T04:22:00Z,0.4333333333333333,25.999999999999996,1,2021,Under 30 min
111,2021-08-01T04:28:00Z,2021-08-01T04:56:00Z,0.4666666666666667,28.0,1,2021,Under 30 min
112,2021-08-01T10:27:00Z,2021-08-01T11:22:00Z,0.9166666666666665,54.99999999999999,2,2021,30-59 min
113,2021-08-01T11:56:00Z,2021-08-01T12:51:00Z,0.9166666666666666,55.0,1,2021,30-59 min
114,2021-08-01T13:07:00Z,2021-08-01T13:20:00Z,0.2166666666666666,12.999999999999995,1,2021,Under 30 min
115,2021-08-02T00:14:00Z,2021-08-02T00:20:00Z,0.1,6.0,1,2021,Under 30 min
116,2021-08-02T00:24:00Z,2021-08-02T00:37:00Z,0.2166666666666666,12.999999999999995,1,2021,Under 30 min
117,2021-08-02T03:25:00Z,2021-08-02T03:34:00Z,0.15,9.0,1,2021,Under 30 min
118,2021-08-02T06:20:00Z,2021-08-02T06:27:00Z,0.1166666666666666,6.999999999999996,1,2021,Under 30 min
119,2021-08-02T06:41:00Z,2021-08-02T06:52:00Z,0.1833333333333333,10.999999999999998,1,2021,Under 30 min
120,2021-08-02T06:56:00Z,2021-08-02T07:45:00Z,0.8166666666666667,49.0,1,2021,30-59 min
121,2021-08-02T08:49:00Z,2021-08-02T08:56:00Z,0.1166666666666666,6.999999999999996,1,2021,Under 30 min
122,2021-08-02T09:07:00Z,2021-08-02T09:21:00Z,0.2333333333333333,13.999999999999998,1,2021,Under 30 min
123,2021-08-02T10:02:00Z,2021-08-02T10:14:00Z,0.2,12.0,1,2021,Under 30 min
124,2021-08-02T10:24:00Z,2021-08-02T10:33:00Z,0.15,9.0,1,2021,Under 30 min
125,2021-08-02T14:32:00Z,2021-08-02T14:39:00Z,0.1166666666666666,6.999999999999996,1,2021,Under 30 min
126,2021-08-03T10:56:00Z,2021-08-03T11:44:00Z,0.8,48.0,1,2021,30-59 min
127,2021-08-03T14:56:00Z,2021-08-03T15:33:00Z,0.6166666666666667,37.0,1,2021,30-59 min
128,2021-08-04T01:04:00Z,2021-08-04T01:21:00Z,0.2833333333333333,17.0,1,2021,Under 30 min
129,2021-08-04T01:49:00Z,2021-08-04T01:59:00Z,0.1666666666666666,9.999999999999996,2,2021,Under 30 min
130,2021-08-04T02:16:00Z,2021-08-04T02:30:00Z,0.2333333333333333,13.999999999999998,1,2021,Under 30 min
131,2021-08-04T17:18:00Z,2021-08-04T17:27:00Z,0.15,9.0,1,2021,Under 30 min
132,2021-08-05T02:21:00Z,2021-08-05T02:30:00Z,0.15,9.0,1,2021,Under 30 min
133,2021-08-05T06:45:00Z,2021-08-05T07:25:00Z,0.6666666666666665,39.99999999999999,2,2021,30-59 min
134,2021-08-05T07:29:00Z,2021-08-05T07:42:00Z,0.2166666666666666,12.999999999999995,1,2021,Under 30 min
135,2021-08-05T08:12:00Z,2021-08-05T08:20:00Z,0.1333333333333333,7.999999999999998,1,2021,Under 30 min
136,2021-08-06T06:45:00Z,2021-08-06T06:56:00Z,0.1833333333333333,10.999999999999998,1,2021,Under 30 min
137,2021-08-06T07:25:00Z,2021-08-06T07:30:00Z,0.0833333333333333,4.999999999999998,1,2021,Under 30 min
138,2021-08-06T12:42:00Z,2021-08-06T12:56:00Z,0.2333333333333333,13.999999999999998,1,2021,Under 30 min
139,2021-08-06T15:56:00Z,2021-08-06T16:03:00Z,0.1166666666666666,6.999999999999996,1,2021,Under 30 min
140,2021-08-08T01:56:00Z,2021-08-08T02:38:00Z,0.7,42.0,1,2021,30-59 min
141,2021-08-08T07:51:00Z,2021-08-08T08:52:00Z,1.0166666666666666,61.0,2,2021,1-2 hours
142,2021-08-09T10:31:00Z,2021-08-09T10:49:00Z,0.3,18.0,1,2021,Under 30 min
143,2021-08-09T12:30:00Z,2021-08-09T12:41:00Z,0.1833333333333333,10.999999999999998,1,2021,Under 30 min
144,2021-08-12T10:51:00Z,2021-08-12T10:56:00Z,0.0833333333333333,4.999999999999998,1,2021,Under 30 min
145,2021-08-12T11:45:00Z,2021-08-12T11:56:00Z,0.1833333333333333,10.999999999999998,1,2021,Under 30 min
146,2021-08-12T15:39:00Z,2021-08-12T15:47:00Z,0.1333333333333333,7.999999999999998,1,2021,Under 30 min
147,2021-08-13T09:35:00Z,2021-08-13T09:41:00Z,0.1,6.0,1,2021,Under 30 min
148,2021-08-13T13:43:00Z,2021-08-13T13:53:00Z,0.1666666666666666,9.999999999999996,1,2021,Under 30 min
149,2021-08-14T01:53:00Z,2021-08-14T01:56:00Z,0.05,3.0,1,2021,Under 30 min
150,2021-08-14T03:53:00Z,2021-08-14T03:56:00Z,0.05,3.0,1,2021,Under 30 min
151,2021-08-14T05:26:00Z,2021-08-14T05:36:00Z,0.1666666666666666,9.999999999999996,1,2021,Under 30 min
152,2021-08-14T10:56:00Z,2021-08-14T11:08:00Z,0.2,12.0,1,2021,Under 30 min
153,2021-08-14T11:47:00Z,2021-08-14T12:36:00Z,0.8166666666666667,49.0,2,2021,30-59 min
154,2021-08-14T12:47:00Z,2021-08-14T12:56:00Z,0.15,9.0,1,2021,Under 30 min
155,2021-08-15T01:48:00Z,2021-08-15T01:56:00Z,0.1333333333333333,7.999999999999998,1,2021,Under 30 min
156,2021-08-15T02:48:00Z,2021-08-15T03:11:00Z,0.3833333333333333,23.0,2,2021,Under 30 min
157,2021-08-15T06:20:00Z,2021-08-15T06:56:00Z,0.6,36.0,1,2021,30-59 min
158,2021-08-15T07:29:00Z,2021-08-15T07:46:00Z,0.2833333333333333,17.0,1,2021,Under 30 min
159,2021-08-15T08:56:00Z,2021-08-15T10:56:00Z,2.0,120.0,2,2021,2+ hours
160,2021-08-15T11:35:00Z,2021-08-15T11:56:00Z,0.35,21.0,1,2021,Under 30 min
161,2021-08-15T16:56:00Z,2021-08-15T17:06:00Z,0.1666666666666666,9.999999999999996,1,2021,Under 30 min
162,2021-08-15T17:51:00Z,2021-08-15T17:56:00Z,0.0833333333333333,4.999999999999998,1,2021,Under 30 min
163,2021-08-16T06:52:00Z,2021-08-16T06:56:00Z,0.0666666666666666,3.9999999999999956,1,2021,Under 30 min
164,2021-08-16T08:06:00Z,2021-08-16T08:56:00Z,0.8333333333333334,50.0,1,2021,30-59 min
165,2021-08-17T11:29:00Z,2021-08-17T11:56:00Z,0.45,27.0,1,2021,Under 30 min
166,2021-08-17T12:42:00Z,2021-08-17T12:48:00Z,0.1,6.0,1,2021,Under 30 min
167,2021-08-17T14:43:00Z,2021-08-17T14:56:00Z,0.2166666666666666,12.999999999999995,1,2021,Under 30 min
168,2021-08-22T14:51:00Z,2021-08-22T14:56:00Z,0.0833333333333333,4.999999999999998,1,2021,Under 30 min
169,2021-08-22T15:56:00Z,2021-08-22T16:05:00Z,0.15,9.0,1,2021,Under 30 min
170,2021-08-22T18:44:00Z,2021-08-22T18:56:00Z,0.2,12.0,1,2021,Under 30 min
171,2021-08-23T12:19:00Z,2021-08-23T12:40:00Z,0.35,21.0,1,2021,Under 30 min
172,2021-08-23T12:56:00Z,2021-08-23T13:12:00Z,0.2666666666666666,15.999999999999996,1,2021,Under 30 min
173,2021-08-26T15:53:00Z,2021-08-26T15:56:00Z,0.05,3.0,1,2021,Under 30 min
174,2021-08-27T06:38:00Z,2021-08-27T06:56:00Z,0.3,18.0,1,2021,Under 30 min
175,2021-08-29T13:05:00Z,2021-08-29T13:34:00Z,0.4833333333333333,28.999999999999996,1,2021,Under 30 min
176,2021-08-29T14:18:00Z,2021-08-29T14:33:00Z,0.25,15.0,1,2021,Under 30 min
177,2021-09-01T12:35:00Z,2021-09-01T12:38:00Z,0.05,3.0,1,2021,Under 30 min
178,2021-09-01T13:02:00Z,2021-09-01T13:11:00Z,0.15,9.0,1,2021,Under 30 min
179,2021-09-02T13:46:00Z,2021-09-02T13:56:00Z,0.1666666666666666,9.999999999999996,1,2021,Under 30 min
180,2021-09-03T15:17:00Z,2021-09-03T16:21:00Z,1.0666666666666667,64.0,2,2021,1-2 hours
181,2021-09-04T00:56:00Z,2021-09-04T01:22:00Z,0.4333333333333333,25.999999999999996,1,2021,Under 30 min
182,2021-09-04T01:47:00Z,2021-09-04T01:56:00Z,0.15,9.0,1,2021,Under 30 min
183,2021-09-04T02:56:00Z,2021-09-04T03:56:00Z,1.0,60.0,1,2021,1-2 hours
184,2021-09-05T05:56:00Z,2021-09-05T07:53:00Z,1.95,117.0,2,2021,1-2 hours
185,2021-09-05T08:56:00Z,2021-09-05T09:56:00Z,1.0,60.0,1,2021,1-2 hours
186,2021-09-06T06:42:00Z,2021-09-06T06:56:00Z,0.2333333333333333,13.999999999999998,1,2021,Under 30 min
187,2021-09-06T16:41:00Z,2021-09-06T16:46:00Z,0.0833333333333333,4.999999999999998,1,2021,Under 30 min
188,2021-09-08T18:19:00Z,2021-09-08T18:36:00Z,0.2833333333333333,17.0,1,2021,Under 30 min
189,2021-09-09T00:39:00Z,2021-09-09T00:48:00Z,0.15,9.0,1,2021,Under 30 min
190,2021-09-09T02:35:00Z,2021-09-09T02:42:00Z,0.1166666666666666,6.999999999999996,1,2021,Under 30 min
191,2021-09-09T03:19:00Z,2021-09-09T03:56:00Z,0.6166666666666667,37.0,1,2021,30-59 min
192,2021-09-09T05:30:00Z,2021-09-09T06:04:00Z,0.5666666666666667,34.0,2,2021,30-59 min
193,2021-09-09T06:24:00Z,2021-09-09T06:33:00Z,0.15,9.0,1,2021,Under 30 min
194,2021-09-09T14:11:00Z,2021-09-09T15:05:00Z,0.9,54.0,2,2021,30-59 min
195,2021-09-10T02:53:00Z,2021-09-10T02:56:00Z,0.05,3.0,1,2021,Under 30 min
196,2021-09-10T06:56:00Z,2021-09-10T07:32:00Z,0.6,36.0,1,2021,30-59 min
197,2021-09-10T08:09:00Z,2021-09-10T08:16:00Z,0.1166666666666666,6.999999999999996,1,2021,Under 30 min
198,2021-09-10T08:44:00Z,2021-09-10T08:56:00Z,0.2,12.0,1,2021,Under 30 min
199,2021-09-10T09:45:00Z,2021-09-10T09:49:00Z,0.0666666666666666,3.9999999999999956,1,2021,Under 30 min
200,2021-09-10T10:10:00Z,2021-09-10T10:37:00Z,0.45,27.0,1,2021,Under 30 min
201,2021-09-11T12:38:00Z,2021-09-11T12:44:00Z,0.1,6.0,1,2021,Under 30 min
202,2021-09-11T15:16:00Z,2021-09-11T15:31:00Z,0.25,15.0,1,2021,Under 30 min
203,2021-09-11T18:17:00Z,2021-09-11T18:26:00Z,0.15,9.0,1,2021,Under 30 min
204,2021-09-12T10:43:00Z,2021-09-12T10:56:00Z,0.2166666666666666,12.999999999999995,1,2021,Under 30 min
205,2021-09-13T13:56:00Z,2021-09-13T14:14:00Z,0.3,18.0,1,2021,Under 30 min
206,2021-09-13T14:35:00Z,2021-09-13T14:54:00Z,0.3166666666666666,18.999999999999996,1,2021,Under 30 min
207,2021-09-14T14:02:00Z,2021-09-14T14:12:00Z,0.1666666666666666,9.999999999999996,1,2021,Under 30 min
208,2021-09-14T14:18:00Z,2021-09-14T14:31:00Z,0.2166666666666666,12.999999999999995,1,2021,Under 30 min
209,2021-09-14T15:26:00Z,2021-09-14T15:30:00Z,0.0666666666666666,3.9999999999999956,1,2021,Under 30 min
210,2021-09-16T13:35:00Z,2021-09-16T13:39:00Z,0.0666666666666666,3.9999999999999956,1,2021,Under 30 min
211,2021-09-17T14:27:00Z,2021-09-17T14:41:00Z,0.2333333333333333,13.999999999999998,1,2021,Under 30 min
212,2021-09-22T11:44:00Z,2021-09-22T11:48:00Z,0.0666666666666666,3.9999999999999956,1,2021,Under 30 min
213,2021-09-22T18:33:00Z,2021-09-22T18:38:00Z,0.0833333333333333,4.999999999999998,1,2021,Under 30 min
214,2021-09-23T07:47:00Z,2021-09-23T07:56:00Z,0.15,9.0,1,2021,Under 30 min
215,2021-09-23T12:51:00Z,2021-09-23T12:56:00Z,0.0833333333333333,4.999999999999998,1,2021,Under 30 min
216,2021-09-23T13:53:00Z,2021-09-23T13:56:00Z,0.05,3.0,1,2021,Under 30 min
217,2021-09-25T05:18:00Z,2021-09-25T05:31:00Z,0.2166666666666666,12.999999999999995,1,2021,Under 30 min
218,2021-09-25T06:13:00Z,2021-09-25T07:25:00Z,1.2,72.0,2,2021,1-2 hours
219,2021-09-25T07:34:00Z,2021-09-25T07:56:00Z,0.3666666666666666,21.999999999999996,1,2021,Under 30 min
220,2021-09-25T13:56:00Z,2021-09-25T15:02:00Z,1.1,66.0,2,2021,1-2 hours
221,2021-09-27T23:56:00Z,2021-09-27T23:58:00Z,0.0333333333333333,1.9999999999999978,1,2021,Under 30 min
222,2021-09-29T07:24:00Z,2021-09-29T07:38:00Z,0.2333333333333333,13.999999999999998,1,2021,Under 30 min
223,2021-09-29T08:24:00Z,2021-09-29T08:32:00Z,0.1333333333333333,7.999999999999998,1,2021,Under 30 min
224,2021-09-29T09:36:00Z,2021-09-29T09:40:00Z,0.0666666666666666,3.9999999999999956,1,2021,Under 30 min
225,2021-09-29T10:35:00Z,2021-09-29T10:56:00Z,0.35,21.0,1,2021,Under 30 min
226,2021-09-29T13:27:00Z,2021-09-29T13:56:00Z,0.4833333333333333,28.999999999999996,1,2021,Under 30 min
227,2021-09-30T21:46:00Z,2021-09-30T21:56:00Z,0.1666666666666666,9.999999999999996,1,2021,Under 30 min
228,2021-09-30T22:52:00Z,2021-09-30T22:56:00Z,0.0666666666666666,3.9999999999999956,1,2021,Under 30 min
229,2021-10-01T11:16:00Z,2021-10-01T11:35:00Z,0.3166666666666666,18.999999999999996,1,2021,Under 30 min
230,2021-10-02T09:11:00Z,2021-10-02T09:51:00Z,0.6666666666666666,40.0,1,2021,30-59 min
231,2021-10-02T09:57:00Z,2021-10-02T10:51:00Z,0.9,54.0,1,2021,30-59 min
232,2021-10-02T10:56:00Z,2021-10-02T11:05:00Z,0.15,9.0,1,2021,Under 30 min
233,2021-10-02T15:06:00Z,2021-10-02T15:21:00Z,0.25,15.0,1,2021,Under 30 min
234,2021-10-03T08:10:00Z,2021-10-03T08:56:00Z,0.7666666666666667,46.0,1,2021,30-59 min
235,2021-10-03T21:56:00Z,2021-10-03T22:34:00Z,0.6333333333333333,38.0,1,2021,30-59 min
236,2021-10-04T13:56:00Z,2021-10-04T14:43:00Z,0.7833333333333333,47.0,1,2021,30-59 min
237,2021-10-04T16:41:00Z,2021-10-04T16:49:00Z,0.1333333333333333,7.999999999999998,1,2021,Under 30 min
238,2021-10-05T00:56:00Z,2021-10-05T01:08:00Z,0.2,12.0,1,2021,Under 30 min
239,2021-10-05T03:36:00Z,2021-10-05T03:56:00Z,0.3333333333333333,20.0,1,2021,Under 30 min
240,2021-10-05T04:56:00Z,2021-10-05T05:14:00Z,0.3,18.0,1,2021,Under 30 min
241,2021-10-05T05:21:00Z,2021-10-05T06:40:00Z,1.3166666666666667,79.0,2,2021,1-2 hours
242,2021-10-05T06:47:00Z,2021-10-05T07:07:00Z,0.33333333333333326,19.999999999999996,2,2021,Under 30 min
243,2021-10-05T09:51:00Z,2021-10-05T10:56:00Z,1.0833333333333333,65.0,2,2021,1-2 hours
244,2021-10-05T13:31:00Z,2021-10-05T13:56:00Z,0.4166666666666667,25.0,1,2021,Under 30 min
245,2021-10-05T15:32:00Z,2021-10-05T15:41:00Z,0.15,9.0,1,2021,Under 30 min
246,2021-10-05T19:18:00Z,2021-10-05T19:31:00Z,0.2166666666666666,12.999999999999995,1,2021,Under 30 min
247,2021-10-05T19:56:00Z,2021-10-05T20:06:00Z,0.1666666666666666,9.999999999999996,1,2021,Under 30 min
248,2021-10-10T08:35:00Z,2021-10-10T08:42:00Z,0.1166666666666666,6.999999999999996,1,2021,Under 30 min
249,2021-10-15T04:56:00Z,2021-10-15T05:11:00Z,0.25,15.0,1,2021,Under 30 min
250,2021-10-15T07:24:00Z,2021-10-15T07:32:00Z,0.1333333333333333,7.999999999999998,1,2021,Under 30 min
251,2021-10-15T11:45:00Z,2021-10-15T12:51:00Z,1.0999999999999999,65.99999999999999,2,2021,1-2 hours
252,2021-10-18T10:43:00Z,2021-10-18T10:56:00Z,0.2166666666666666,12.999999999999995,1,2021,Under 30 min
253,2021-10-18T14:13:00Z,2021-10-18T14:16:00Z,0.05,3.0,1,2021,Under 30 min
254,2021-10-21T21:33:00Z,2021-10-21T21:45:00Z,0.2,12.0,1,2021,Under 30 min
255,2021-10-21T21:56:00Z,2021-10-21T22:06:00Z,0.1666666666666666,9.999999999999996,1,2021,Under 30 min
256,2021-10-21T22:13:00Z,2021-10-21T23:02:00Z,0.8166666666666667,49.0,2,2021,30-59 min
257,2021-10-21T23:12:00Z,2021-10-21T23:24:00Z,0.2,12.0,1,2021,Under 30 min
258,2021-10-21T23:52:00Z,2021-10-22T00:28:00Z,0.5999999999999999,35.99999999999999,2,2021,30-59 min
259,2021-10-22T00:39:00Z,2021-10-22T00:56:00Z,0.2833333333333332,16.999999999999993,2,2021,Under 30 min
260,2021-10-27T14:10:00Z,2021-10-27T14:56:00Z,0.7666666666666667,46.0,1,2021,30-59 min
261,2021-10-28T06:26:00Z,2021-10-28T06:41:00Z,0.25,15.0,1,2021,Under 30 min
262,2021-10-28T08:56:00Z,2021-10-28T09:03:00Z,0.1166666666666666,6.999999999999996,1,2021,Under 30 min
263,2021-10-28T09:25:00Z,2021-10-28T09:40:00Z,0.25,15.0,1,2021,Under 30 min
264,2021-10-28T12:07:00Z,2021-10-28T12:39:00Z,0.5333333333333333,32.0,1,2021,30-59 min
265,2021-10-29T02:08:00Z,2021-10-29T02:28:00Z,0.3333333333333333,20.0,1,2021,Under 30 min
266,2021-10-29T03:43:00Z,2021-10-29T04:20:00Z,0.6166666666666666,36.99999999999999,2,2021,30-59 min
267,2021-10-29T08:36:00Z,2021-10-29T08:47:00Z,0.1833333333333333,10.999999999999998,1,2021,Under 30 min
268,2021-10-29T09:47:00Z,2021-10-29T09:56:00Z,0.15,9.0,1,2021,Under 30 min
269,2021-10-29T10:19:00Z,2021-10-29T10:37:00Z,0.3,18.0,1,2021,Under 30 min
270,2021-10-29T11:03:00Z,2021-10-29T11:13:00Z,0.1666666666666666,9.999999999999996,1,2021,Under 30 min
271,2021-10-29T16:14:00Z,2021-10-29T16:24:00Z,0.1666666666666666,9.999999999999996,1,2021,Under 30 min
272,2021-10-29T20:20:00Z,2021-10-29T20:29:00Z,0.15,9.0,1,2021,Under 30 min
273,2021-10-29T21:14:00Z,2021-10-29T21:38:00Z,0.4,24.0,1,2021,Under 30 min
274,2021-11-02T05:56:00Z,2021-11-02T06:05:00Z,0.15,9.0,1,2021,Under 30 min
275,2021-11-12T03:11:00Z,2021-11-12T03:31:00Z,0.3333333333333333,20.0,1,2021,Under 30 min
276,2021-11-12T03:47:00Z,2021-11-12T04:56:00Z,1.15,69.0,2,2021,1-2 hours
277,2021-11-13T07:54:00Z,2021-11-13T09:08:00Z,1.2333333333333334,74.0,3,2021,1-2 hours
278,2021-11-13T09:28:00Z,2021-11-13T09:56:00Z,0.4666666666666667,28.0,1,2021,Under 30 min
279,2021-11-13T13:23:00Z,2021-11-13T13:45:00Z,0.3666666666666666,21.999999999999996,1,2021,Under 30 min
280,2021-11-13T14:51:00Z,2021-11-13T14:56:00Z,0.0833333333333333,4.999999999999998,1,2021,Under 30 min
281,2021-11-14T00:47:00Z,2021-11-14T00:56:00Z,0.15,9.0,1,2021,Under 30 min
282,2021-11-14T01:35:00Z,2021-11-14T01:42:00Z,0.1166666666666666,6.999999999999996,1,2021,Under 30 min
283,2021-11-14T06:41:00Z,2021-11-14T06:56:00Z,0.25,15.0,1,2021,Under 30 min
284,2021-11-14T07:15:00Z,2021-11-14T07:18:00Z,0.05,3.0,1,2021,Under 30 min
285,2021-11-14T10:05:00Z,2021-11-14T10:13:00Z,0.1333333333333333,7.999999999999998,1,2021,Under 30 min
286,2021-11-14T11:03:00Z,2021-11-14T11:28:00Z,0.4166666666666667,25.0,1,2021,Under 30 min
287,2021-11-14T14:30:00Z,2021-11-14T14:56:00Z,0.4333333333333333,25.999999999999996,1,2021,Under 30 min
288,2021-11-15T04:00:00Z,2021-11-15T04:32:00Z,0.5333333333333333,32.0,1,2021,30-59 min
289,2021-11-15T08:29:00Z,2021-11-15T08:42:00Z,0.2166666666666666,12.999999999999995,1,2021,Under 30 min
290,2021-11-15T12:15:00Z,2021-11-15T13:15:00Z,1.0,60.0,2,2021,1-2 hours
291,2021-11-15T13:56:00Z,2021-11-15T14:42:00Z,0.7666666666666667,46.0,1,2021,30-59 min
292,2021-11-15T14:52:00Z,2021-11-15T14:56:00Z,0.0666666666666666,3.9999999999999956,1,2021,Under 30 min
293,2021-11-27T16:23:00Z,2021-11-27T17:22:00Z,0.9833333333333334,59.0,2,2021,30-59 min
294,2021-11-27T18:22:00Z,2021-11-27T18:34:00Z,0.2,12.0,1,2021,Under 30 min
295,2021-11-28T01:43:00Z,2021-11-28T01:54:00Z,0.1833333333333333,10.999999999999998,1,2021,Under 30 min
296,2021-11-28T08:47:00Z,2021-11-28T09:34:00Z,0.7833333333333333,47.0,2,2021,30-59 min
297,2021-11-28T09:56:00Z,2021-11-28T10:04:00Z,0.1333333333333333,7.999999999999998,1,2021,Under 30 min
298,2021-11-28T11:10:00Z,2021-11-28T11:20:00Z,0.1666666666666666,9.999999999999996,1,2021,Under 30 min
299,2021-11-28T13:16:00Z,2021-11-28T13:35:00Z,0.3166666666666666,18.999999999999996,1,2021,Under 30 min
300,2021-12-01T14:41:00Z,2021-12-01T14:56:00Z,0.25,15.0,1,2021,Under 30 min
301,2021-12-02T05:27:00Z,2021-12-02T05:43:00Z,0.2666666666666666,15.999999999999996,1,2021,Under 30 min
302,2021-12-02T18:53:00Z,2021-12-02T18:56:00Z,0.05,3.0,1,2021,Under 30 min
303,2021-12-03T14:41:00Z,2021-12-03T14:56:00Z,0.25,15.0,1,2021,Under 30 min
304,2021-12-03T19:30:00Z,2021-12-03T19:43:00Z,0.2166666666666666,12.999999999999995,1,2021,Under 30 min
305,2021-12-04T02:56:00Z,2021-12-04T03:15:00Z,0.3166666666666666,18.999999999999996,1,2021,Under 30 min
306,2021-12-08T03:35:00Z,2021-12-08T03:47:00Z,0.2,12.0,1,2021,Under 30 min
307,2021-12-08T12:05:00Z,2021-12-08T12:14:00Z,0.15,9.0,1,2021,Under 30 min
308,2021-12-08T12:56:00Z,2021-12-08T13:03:00Z,0.1166666666666666,6.999999999999996,1,2021,Under 30 min
309,2022-01-05T16:15:00Z,2022-01-05T16:39:00Z,0.4,24.0,1,2022,Under 30 min
310,2022-01-05T17:27:00Z,2022-01-05T17:39:00Z,0.2,12.0,1,2022,Under 30 min
311,2022-01-05T18:05:00Z,2022-01-05T18:22:00Z,0.2833333333333333,17.0,1,2022,Under 30 min
312,2022-01-05T20:33:00Z,2022-01-05T20:56:00Z,0.3833333333333333,23.0,1,2022,Under 30 min
313,2022-01-05T21:05:00Z,2022-01-05T21:56:00Z,0.85,51.0,1,2022,30-59 min
314,2022-01-06T08:51:00Z,2022-01-06T08:54:00Z,0.05,3.0,1,2022,Under 30 min
315,2022-01-06T16:01:00Z,2022-01-06T16:27:00Z,0.4333333333333333,25.999999999999996,1,2022,Under 30 min
316,2022-01-06T17:56:00Z,2022-01-06T18:56:00Z,1.0,60.0,1,2022,1-2 hours
317,2022-01-06T20:28:00Z,2022-01-06T20:36:00Z,0.1333333333333333,7.999999999999998,1,2022,Under 30 min
318,2022-01-06T20:54:00Z,2022-01-06T21:14:00Z,0.3333333333333332,19.999999999999993,2,2022,Under 30 min
319,2022-01-06T22:25:00Z,2022-01-06T22:29:00Z,0.0666666666666666,3.9999999999999956,1,2022,Under 30 min
320,2022-01-06T23:22:00Z,2022-01-06T23:38:00Z,0.2666666666666666,15.999999999999996,1,2022,Under 30 min
321,2022-01-14T07:10:00Z,2022-01-14T07:26:00Z,0.2666666666666666,15.999999999999996,2,2022,Under 30 min
322,2022-01-15T05:07:00Z,2022-01-15T05:27:00Z,0.3333333333333333,20.0,1,2022,Under 30 min
323,2022-01-15T13:12:00Z,2022-01-15T13:19:00Z,0.1166666666666666,6.999999999999996,1,2022,Under 30 min
324,2022-01-17T06:44:00Z,2022-01-17T06:50:00Z,0.1,6.0,1,2022,Under 30 min
325,2022-01-17T11:26:00Z,2022-01-17T11:35:00Z,0.15,9.0,1,2022,Under 30 min
326,2022-01-17T12:51:00Z,2022-01-17T12:56:00Z,0.0833333333333333,4.999999999999998,1,2022,Under 30 min
327,2022-01-19T19:27:00Z,2022-01-19T19:54:00Z,0.45,27.0,1,2022,Under 30 min
328,2022-01-19T20:26:00Z,2022-01-19T20:39:00Z,0.2166666666666666,12.999999999999995,1,2022,Under 30 min
329,2022-01-19T21:15:00Z,2022-01-19T21:23:00Z,0.1333333333333333,7.999999999999998,1,2022,Under 30 min
330,2022-01-19T23:01:00Z,2022-01-19T23:15:00Z,0.2333333333333333,13.999999999999998,1,2022,Under 30 min
331,2022-01-19T23:25:00Z,2022-01-19T23:48:00Z,0.3833333333333333,23.0,1,2022,Under 30 min
332,2022-01-20T00:18:00Z,2022-01-20T00:24:00Z,0.1,6.0,1,2022,Under 30 min
333,2022-01-20T00:37:00Z,2022-01-20T01:03:00Z,0.4333333333333332,25.99999999999999,2,2022,Under 30 min
334,2022-01-20T03:14:00Z,2022-01-20T03:25:00Z,0.1833333333333333,10.999999999999998,1,2022,Under 30 min
335,2022-01-20T05:56:00Z,2022-01-20T06:04:00Z,0.1333333333333333,7.999999999999998,1,2022,Under 30 min
336,2022-01-20T06:56:00Z,2022-01-20T07:07:00Z,0.1833333333333333,10.999999999999998,1,2022,Under 30 min
337,2022-01-20T07:53:00Z,2022-01-20T07:56:00Z,0.05,3.0,1,2022,Under 30 min
338,2022-01-20T10:05:00Z,2022-01-20T10:11:00Z,0.1,6.0,1,2022,Under 30 min
339,2022-01-20T10:56:00Z,2022-01-20T11:56:00Z,1.0,60.0,1,2022,1-2 hours
340,2022-01-20T13:05:00Z,2022-01-20T13:18:00Z,0.2166666666666666,12.999999999999995,1,2022,Under 30 min
341,2022-01-20T14:31:00Z,2022-01-20T14:52:00Z,0.35,21.0,1,2022,Under 30 min
342,2022-01-21T00:38:00Z,2022-01-21T00:56:00Z,0.3,18.0,1,2022,Under 30 min
343,2022-01-25T02:31:00Z,2022-01-25T02:40:00Z,0.15,9.0,1,2022,Under 30 min
344,2022-01-25T08:24:00Z,2022-01-25T08:33:00Z,0.15,9.0,1,2022,Under 30 min
345,2022-01-25T11:29:00Z,2022-01-25T11:56:00Z,0.45,27.0,1,2022,Under 30 min
346,2022-01-26T11:40:00Z,2022-01-26T12:04:00Z,0.3999999999999999,23.999999999999993,2,2022,Under 30 min
347,2022-01-27T06:31:00Z,2022-01-27T06:45:00Z,0.2333333333333333,13.999999999999998,1,2022,Under 30 min
348,2022-01-27T08:24:00Z,2022-01-27T08:43:00Z,0.3166666666666666,18.999999999999996,1,2022,Under 30 min
349,2022-01-27T09:15:00Z,2022-01-27T09:31:00Z,0.2666666666666666,15.999999999999996,1,2022,Under 30 min
350,2022-01-27T09:42:00Z,2022-01-27T09:51:00Z,0.15,9.0,1,2022,Under 30 min
351,2022-01-27T11:03:00Z,2022-01-27T11:14:00Z,0.1833333333333333,10.999999999999998,1,2022,Under 30 min
352,2022-02-06T23:58:00Z,2022-02-07T00:20:00Z,0.3666666666666666,21.999999999999996,1,2022,Under 30 min
353,2022-02-07T07:15:00Z,2022-02-07T07:56:00Z,0.6833333333333333,41.0,1,2022,30-59 min
354,2022-02-07T08:51:00Z,2022-02-07T08:56:00Z,0.0833333333333333,4.999999999999998,1,2022,Under 30 min
355,2022-02-07T10:25:00Z,2022-02-07T10:47:00Z,0.3666666666666666,21.999999999999996,1,2022,Under 30 min
356,2022-02-07T14:03:00Z,2022-02-07T14:54:00Z,0.85,51.0,1,2022,30-59 min
357,2022-02-08T04:23:00Z,2022-02-08T04:28:00Z,0.0833333333333333,4.999999999999998,1,2022,Under 30 min
358,2022-02-08T04:45:00Z,2022-02-08T04:50:00Z,0.0833333333333333,4.999999999999998,1,2022,Under 30 min
359,2022-02-08T06:07:00Z,2022-02-08T06:20:00Z,0.2166666666666666,12.999999999999995,1,2022,Under 30 min
360,2022-02-08T07:03:00Z,2022-02-08T07:14:00Z,0.1833333333333333,10.999999999999998,1,2022,Under 30 min
361,2022-02-08T09:34:00Z,2022-02-08T09:42:00Z,0.1333333333333333,7.999999999999998,1,2022,Under 30 min
362,2022-02-11T01:49:00Z,2022-02-11T02:08:00Z,0.3166666666666666,18.999999999999996,2,2022,Under 30 min
363,2022-02-11T03:33:00Z,2022-02-11T03:52:00Z,0.3166666666666666,18.999999999999996,1,2022,Under 30 min
364,2022-02-11T08:09:00Z,2022-02-11T08:19:00Z,0.1666666666666666,9.999999999999996,1,2022,Under 30 min
365,2022-02-11T09:21:00Z,2022-02-11T09:38:00Z,0.2833333333333333,17.0,1,2022,Under 30 min
366,2022-02-11T11:39:00Z,2022-02-11T11:53:00Z,0.2333333333333333,13.999999999999998,1,2022,Under 30 min
367,2022-02-11T15:05:00Z,2022-02-11T15:10:00Z,0.0833333333333333,4.999999999999998,1,2022,Under 30 min
368,2022-02-11T15:18:00Z,2022-02-11T16:27:00Z,1.15,69.0,3,2022,1-2 hours
369,2022-02-13T18:07:00Z,2022-02-13T18:25:00Z,0.3,18.0,1,2022,Under 30 min
370,2022-02-13T19:11:00Z,2022-02-13T19:18:00Z,0.1166666666666666,6.999999999999996,1,2022,Under 30 min
371,2022-02-13T20:46:00Z,2022-02-13T20:56:00Z,0.1666666666666666,9.999999999999996,1,2022,Under 30 min
372,2022-02-13T21:16:00Z,2022-02-13T21:56:00Z,0.6666666666666666,40.0,1,2022,30-59 min
373,2022-02-13T23:56:00Z,2022-02-14T00:33:00Z,0.6166666666666667,37.0,1,2022,30-59 min
374,2022-02-14T01:10:00Z,2022-02-14T01:39:00Z,0.4833333333333333,28.999999999999996,1,2022,Under 30 min
375,2022-02-14T02:11:00Z,2022-02-14T02:54:00Z,0.7166666666666667,43.0,1,2022,30-59 min
376,2022-02-14T02:56:00Z,2022-02-14T03:36:00Z,0.6666666666666666,40.0,1,2022,30-59 min
377,2022-02-14T04:39:00Z,2022-02-14T04:50:00Z,0.1833333333333333,10.999999999999998,1,2022,Under 30 min
378,2022-02-14T05:26:00Z,2022-02-14T05:30:00Z,0.0666666666666666,3.9999999999999956,1,2022,Under 30 min
379,2022-02-14T21:08:00Z,2022-02-14T21:25:00Z,0.2833333333333333,17.0,1,2022,Under 30 min
380,2022-02-18T13:54:00Z,2022-02-18T13:56:00Z,0.0333333333333333,1.9999999999999978,1,2022,Under 30 min
381,2022-02-18T14:37:00Z,2022-02-18T14:48:00Z,0.1833333333333333,10.999999999999998,1,2022,Under 30 min
382,2022-02-18T15:40:00Z,2022-02-18T15:54:00Z,0.2333333333333333,13.999999999999998,1,2022,Under 30 min
383,2022-02-19T02:37:00Z,2022-02-19T02:48:00Z,0.1833333333333333,10.999999999999998,1,2022,Under 30 min
384,2022-02-19T09:56:00Z,2022-02-19T10:33:00Z,0.6166666666666667,37.0,1,2022,30-59 min
385,2022-03-02T21:28:00Z,2022-03-02T21:36:00Z,0.1333333333333333,7.999999999999998,1,2022,Under 30 min
386,2022-03-02T21:42:00Z,2022-03-02T21:51:00Z,0.15,9.0,1,2022,Under 30 min
387,2022-03-12T01:35:00Z,2022-03-12T01:45:00Z,0.1666666666666666,9.999999999999996,1,2022,Under 30 min
388,2022-03-12T04:49:00Z,2022-03-12T04:51:00Z,0.0333333333333333,1.9999999999999978,1,2022,Under 30 min
389,2022-03-12T05:20:00Z,2022-03-12T05:29:00Z,0.15,9.0,1,2022,Under 30 min
390,2022-03-15T09:19:00Z,2022-03-15T09:42:00Z,0.3833333333333333,23.0,1,2022,Under 30 min
391,2022-03-16T07:20:00Z,2022-03-16T07:42:00Z,0.3666666666666666,21.999999999999996,1,2022,Under 30 min
392,2022-03-22T08:36:00Z,2022-03-22T08:46:00Z,0.1666666666666666,9.999999999999996,1,2022,Under 30 min
393,2022-03-22T12:56:00Z,2022-03-22T12:59:00Z,0.05,3.0,1,2022,Under 30 min
394,2022-03-22T13:37:00Z,2022-03-22T13:50:00Z,0.2166666666666666,12.999999999999995,1,2022,Under 30 min
395,2022-03-22T18:41:00Z,2022-03-22T19:00:00Z,0.3166666666666666,18.999999999999996,2,2022,Under 30 min
396,2022-03-23T02:26:00Z,2022-03-23T02:56:00Z,0.5,30.0,1,2022,30-59 min
397,2022-03-23T05:51:00Z,2022-03-23T06:13:00Z,0.36666666666666664,22.0,2,2022,Under 30 min
398,2022-03-23T08:56:00Z,2022-03-23T09:06:00Z,0.1666666666666666,9.999999999999996,1,2022,Under 30 min
399,2022-03-23T14:35:00Z,2022-03-23T14:52:00Z,0.2833333333333333,17.0,1,2022,Under 30 min
400,2022-03-24T09:13:00Z,2022-03-24T09:36:00Z,0.3833333333333333,23.0,1,2022,Under 30 min
401,2022-03-24T18:01:00Z,2022-03-24T18:24:00Z,0.3833333333333333,23.0,1,2022,Under 30 min
402,2022-03-24T18:44:00Z,2022-03-24T19:08:00Z,0.4,24.0,2,2022,Under 30 min
403,2022-03-25T01:11:00Z,2022-03-25T01:46:00Z,0.5833333333333334,35.0,1,2022,30-59 min
404,2022-03-25T01:56:00Z,2022-03-25T02:45:00Z,0.8166666666666667,49.0,1,2022,30-59 min
405,2022-04-04T15:56:00Z,2022-04-04T16:10:00Z,0.2333333333333333,13.999999999999998,1,2022,Under 30 min
406,2022-04-18T20:48:00Z,2022-04-18T20:56:00Z,0.1333333333333333,7.999999999999998,1,2022,Under 30 min
407,2022-04-23T06:25:00Z,2022-04-23T06:41:00Z,0.2666666666666666,15.999999999999996,1,2022,Under 30 min
408,2022-04-23T15:03:00Z,2022-04-23T15:19:00Z,0.2666666666666666,15.999999999999996,1,2022,Under 30 min
409,2022-05-04T13:19:00Z,2022-05-04T13:30:00Z,0.1833333333333333,10.999999999999998,1,2022,Under 30 min
410,2022-05-04T13:46:00Z,2022-05-04T13:56:00Z,0.1666666666666666,9.999999999999996,1,2022,Under 30 min
411,2022-05-04T14:56:00Z,2022-05-04T15:02:00Z,0.1,6.0,1,2022,Under 30 min
412,2022-05-04T15:09:00Z,2022-05-04T15:35:00Z,0.4333333333333333,25.999999999999996,1,2022,Under 30 min
413,2022-05-04T17:15:00Z,2022-05-04T17:22:00Z,0.1166666666666666,6.999999999999996,1,2022,Under 30 min
414,2022-05-04T19:48:00Z,2022-05-04T19:54:00Z,0.1,6.0,1,2022,Under 30 min
415,2022-05-14T09:12:00Z,2022-05-14T09:45:00Z,0.55,33.0,1,2022,30-59 min
416,2022-05-14T14:08:00Z,2022-05-14T14:17:00Z,0.15,9.0,1,2022,Under 30 min
417,2022-05-14T16:36:00Z,2022-05-14T16:56:00Z,0.3333333333333333,20.0,1,2022,Under 30 min
418,2022-05-15T12:53:00Z,2022-05-15T12:56:00Z,0.05,3.0,1,2022,Under 30 min
419,2022-05-15T14:32:00Z,2022-05-15T14:43:00Z,0.1833333333333333,10.999999999999998,1,2022,Under 30 min
420,2022-05-15T14:54:00Z,2022-05-15T15:03:00Z,0.1499999999999999,8.999999999999995,2,2022,Under 30 min
421,2022-05-15T15:19:00Z,2022-05-15T15:56:00Z,0.6166666666666667,37.0,1,2022,30-59 min
422,2022-05-19T02:27:00Z,2022-05-19T02:37:00Z,0.1666666666666666,9.999999999999996,1,2022,Under 30 min
423,2022-05-19T04:54:00Z,2022-05-19T05:12:00Z,0.29999999999999993,17.999999999999996,2,2022,Under 30 min
424,2022-05-19T05:28:00Z,2022-05-19T05:38:00Z,0.1666666666666666,9.999999999999996,1,2022,Under 30 min
425,2022-05-26T07:13:00Z,2022-05-26T07:56:00Z,0.7166666666666667,43.0,1,2022,30-59 min
426,2022-05-26T10:56:00Z,2022-05-26T11:56:00Z,1.0,60.0,1,2022,1-2 hours
427,2022-05-26T12:47:00Z,2022-05-26T12:56:00Z,0.15,9.0,1,2022,Under 30 min
428,2022-05-28T03:21:00Z,2022-05-28T03:34:00Z,0.2166666666666666,12.999999999999995,1,2022,Under 30 min
429,2022-05-31T12:56:00Z,2022-05-31T13:08:00Z,0.2,12.0,1,2022,Under 30 min
430,2022-06-02T06:56:00Z,2022-06-02T07:17:00Z,0.35,21.0,1,2022,Under 30 min
431,2022-06-02T11:51:00Z,2022-06-02T12:17:00Z,0.4333333333333333,25.999999999999996,2,2022,Under 30 min
432,2022-06-03T13:54:00Z,2022-06-03T14:32:00Z,0.6333333333333333,38.0,2,2022,30-59 min
433,2022-06-03T15:18:00Z,2022-06-03T15:26:00Z,0.1333333333333333,7.999999999999998,1,2022,Under 30 min
434,2022-06-03T16:59:00Z,2022-06-03T17:07:00Z,0.1333333333333333,7.999999999999998,1,2022,Under 30 min
435,2022-06-03T17:43:00Z,2022-06-03T17:51:00Z,0.1333333333333333,7.999999999999998,1,2022,Under 30 min
436,2022-06-05T18:05:00Z,2022-06-05T18:12:00Z,0.1166666666666666,6.999999999999996,1,2022,Under 30 min
437,2022-06-05T18:56:00Z,2022-06-05T19:19:00Z,0.3833333333333333,23.0,1,2022,Under 30 min
438,2022-06-05T19:54:00Z,2022-06-05T20:07:00Z,0.2166666666666666,12.999999999999995,2,2022,Under 30 min
439,2022-06-11T10:26:00Z,2022-06-11T10:52:00Z,0.4333333333333333,25.999999999999996,1,2022,Under 30 min
440,2022-06-11T11:37:00Z,2022-06-11T11:49:00Z,0.2,12.0,1,2022,Under 30 min
441,2022-06-11T17:29:00Z,2022-06-11T17:36:00Z,0.1166666666666666,6.999999999999996,1,2022,Under 30 min
442,2022-06-12T00:28:00Z,2022-06-12T00:51:00Z,0.3833333333333333,23.0,2,2022,Under 30 min
443,2022-06-12T01:05:00Z,2022-06-12T01:27:00Z,0.3666666666666666,21.999999999999996,2,2022,Under 30 min
444,2022-06-12T06:56:00Z,2022-06-12T07:17:00Z,0.35,21.0,1,2022,Under 30 min
445,2022-06-12T07:22:00Z,2022-06-12T07:33:00Z,0.1833333333333333,10.999999999999998,1,2022,Under 30 min
446,2022-06-14T11:39:00Z,2022-06-14T11:56:00Z,0.2833333333333333,17.0,1,2022,Under 30 min
447,2022-06-20T14:10:00Z,2022-06-20T14:19:00Z,0.15,9.0,1,2022,Under 30 min
448,2022-06-23T12:56:00Z,2022-06-23T13:08:00Z,0.2,12.0,1,2022,Under 30 min
449,2022-06-23T15:56:00Z,2022-06-23T16:32:00Z,0.6,36.0,1,2022,30-59 min
450,2022-06-23T17:22:00Z,2022-06-23T17:37:00Z,0.25,15.0,1,2022,Under 30 min
451,2022-06-23T18:05:00Z,2022-06-23T18:11:00Z,0.1,6.0,1,2022,Under 30 min
452,2022-06-24T12:06:00Z,2022-06-24T12:22:00Z,0.2666666666666666,15.999999999999996,1,2022,Under 30 min
453,2022-06-24T12:37:00Z,2022-06-24T12:56:00Z,0.3166666666666666,18.999999999999996,1,2022,Under 30 min
454,2022-06-26T05:23:00Z,2022-06-26T06:56:00Z,1.55,93.0,2,2022,1-2 hours
455,2022-06-26T09:44:00Z,2022-06-26T10:35:00Z,0.8500000000000001,51.00000000000001,2,2022,30-59 min
456,2022-06-26T10:47:00Z,2022-06-26T11:56:00Z,1.15,69.0,2,2022,1-2 hours
457,2022-06-26T14:56:00Z,2022-06-26T15:56:00Z,1.0,60.0,1,2022,1-2 hours
458,2022-06-26T16:32:00Z,2022-06-26T16:43:00Z,0.1833333333333333,10.999999999999998,1,2022,Under 30 min
459,2022-06-26T17:54:00Z,2022-06-26T18:02:00Z,0.1333333333333333,7.999999999999998,2,2022,Under 30 min
460,2022-06-27T12:32:00Z,2022-06-27T13:51:00Z,1.3166666666666667,79.0,2,2022,1-2 hours
461,2022-07-05T13:40:00Z,2022-07-05T13:47:00Z,0.1166666666666666,6.999999999999996,1,2022,Under 30 min
462,2022-07-06T13:07:00Z,2022-07-06T13:21:00Z,0.2333333333333333,13.999999999999998,1,2022,Under 30 min
463,2022-07-06T16:26:00Z,2022-07-06T16:40:00Z,0.2333333333333333,13.999999999999998,1,2022,Under 30 min
464,2022-07-10T12:56:00Z,2022-07-10T13:19:00Z,0.3833333333333333,23.0,1,2022,Under 30 min
465,2022-07-10T16:54:00Z,2022-07-10T17:19:00Z,0.41666666666666663,24.999999999999996,2,2022,Under 30 min
466,2022-07-13T11:49:00Z,2022-07-13T13:56:00Z,2.1166666666666667,127.0,3,2022,2+ hours
467,2022-07-15T11:10:00Z,2022-07-15T11:19:00Z,0.15,9.0,1,2022,Under 30 min
468,2022-07-15T12:07:00Z,2022-07-15T12:21:00Z,0.2333333333333333,13.999999999999998,1,2022,Under 30 min
469,2022-07-16T04:52:00Z,2022-07-16T05:06:00Z,0.2333333333333332,13.999999999999991,2,2022,Under 30 min
470,2022-07-16T05:38:00Z,2022-07-16T05:47:00Z,0.15,9.0,1,2022,Under 30 min
471,2022-07-16T07:08:00Z,2022-07-16T07:38:00Z,0.5,30.0,1,2022,30-59 min
472,2022-07-16T07:47:00Z,2022-07-16T08:56:00Z,1.15,69.0,2,2022,1-2 hours
473,2022-07-16T09:56:00Z,2022-07-16T10:06:00Z,0.1666666666666666,9.999999999999996,1,2022,Under 30 min
474,2022-07-16T13:33:00Z,2022-07-16T14:56:00Z,1.3833333333333333,83.0,2,2022,1-2 hours
475,2022-07-19T11:10:00Z,2022-07-19T11:13:00Z,0.05,3.0,1,2022,Under 30 min
476,2022-07-19T12:56:00Z,2022-07-19T13:56:00Z,1.0,60.0,1,2022,1-2 hours
477,2022-07-19T15:12:00Z,2022-07-19T15:37:00Z,0.4166666666666667,25.0,1,2022,Under 30 min
478,2022-07-19T23:58:00Z,2022-07-20T00:22:00Z,0.4,24.0,1,2022,Under 30 min
479,2022-07-20T04:56:00Z,2022-07-20T05:14:00Z,0.3,18.0,1,2022,Under 30 min
480,2022-07-20T14:32:00Z,2022-07-20T14:56:00Z,0.4,24.0,1,2022,Under 30 min
481,2022-07-21T01:01:00Z,2022-07-21T01:14:00Z,0.2166666666666666,12.999999999999995,1,2022,Under 30 min
482,2022-07-21T05:06:00Z,2022-07-21T05:30:00Z,0.4,24.0,1,2022,Under 30 min
483,2022-07-21T08:21:00Z,2022-07-21T09:13:00Z,0.8666666666666667,52.0,2,2022,30-59 min
484,2022-07-21T09:20:00Z,2022-07-21T09:27:00Z,0.1166666666666666,6.999999999999996,1,2022,Under 30 min
485,2022-07-21T10:40:00Z,2022-07-21T10:56:00Z,0.2666666666666666,15.999999999999996,1,2022,Under 30 min
486,2022-07-21T12:42:00Z,2022-07-21T13:05:00Z,0.3833333333333333,23.0,2,2022,Under 30 min
487,2022-07-23T12:36:00Z,2022-07-23T12:56:00Z,0.3333333333333333,20.0,1,2022,Under 30 min
488,2022-07-24T14:54:00Z,2022-07-24T15:56:00Z,1.0333333333333332,61.99999999999999,2,2022,1-2 hours
489,2022-07-25T06:51:00Z,2022-07-25T06:56:00Z,0.0833333333333333,4.999999999999998,1,2022,Under 30 min
490,2022-07-25T07:04:00Z,2022-07-25T07:56:00Z,0.8666666666666667,52.0,1,2022,30-59 min
491,2022-07-25T15:21:00Z,2022-07-25T15:31:00Z,0.1666666666666666,9.999999999999996,1,2022,Under 30 min
492,2022-07-25T15:43:00Z,2022-07-25T15:56:00Z,0.2166666666666666,12.999999999999995,1,2022,Under 30 min
493,2022-07-25T16:36:00Z,2022-07-25T16:40:00Z,0.0666666666666666,3.9999999999999956,1,2022,Under 30 min
494,2022-07-26T03:51:00Z,2022-07-26T03:56:00Z,0.0833333333333333,4.999999999999998,1,2022,Under 30 min
495,2022-07-26T07:56:00Z,2022-07-26T08:42:00Z,0.7666666666666667,46.0,1,2022,30-59 min
496,2022-07-26T09:02:00Z,2022-07-26T09:08:00Z,0.1,6.0,1,2022,Under 30 min
497,2022-07-26T09:18:00Z,2022-07-26T09:49:00Z,0.5166666666666667,31.000000000000004,1,2022,30-59 min
498,2022-07-26T09:56:00Z,2022-07-26T10:42:00Z,0.7666666666666667,46.0,1,2022,30-59 min
499,2022-07-26T13:05:00Z,2022-07-26T13:34:00Z,0.4833333333333333,28.999999999999996,1,2022,Under 30 min
500,2022-07-26T13:56:00Z,2022-07-26T15:02:00Z,1.1,66.0,2,2022,1-2 hours
501,2022-07-27T10:29:00Z,2022-07-27T10:41:00Z,0.2,12.0,1,2022,Under 30 min
502,2022-07-27T13:04:00Z,2022-07-27T13:14:00Z,0.1666666666666666,9.999999999999996,1,2022,Under 30 min
503,2022-07-27T16:02:00Z,2022-07-27T16:10:00Z,0.1333333333333333,7.999999999999998,1,2022,Under 30 min
504,2022-07-28T09:56:00Z,2022-07-28T10:49:00Z,0.8833333333333333,53.0,1,2022,30-59 min
505,2022-07-28T11:10:00Z,2022-07-28T12:06:00Z,0.9333333333333333,56.0,2,2022,30-59 min
506,2022-07-30T01:31:00Z,2022-07-30T01:52:00Z,0.35,21.0,1,2022,Under 30 min
507,2022-07-30T02:20:00Z,2022-07-30T03:29:00Z,1.15,69.0,2,2022,1-2 hours
508,2022-07-30T03:37:00Z,2022-07-30T03:41:00Z,0.0666666666666666,3.9999999999999956,1,2022,Under 30 min
509,2022-08-01T02:28:00Z,2022-08-01T02:53:00Z,0.4166666666666667,25.0,1,2022,Under 30 min
510,2022-08-02T08:08:00Z,2022-08-02T08:28:00Z,0.3333333333333333,20.0,1,2022,Under 30 min
511,2022-08-02T09:56:00Z,2022-08-02T10:12:00Z,0.2666666666666666,15.999999999999996,1,2022,Under 30 min
512,2022-08-02T16:14:00Z,2022-08-02T16:29:00Z,0.25,15.0,1,2022,Under 30 min
513,2022-08-03T02:34:00Z,2022-08-03T02:56:00Z,0.3666666666666666,21.999999999999996,1,2022,Under 30 min
514,2022-08-03T03:39:00Z,2022-08-03T03:51:00Z,0.2,12.0,1,2022,Under 30 min
515,2022-08-03T03:56:00Z,2022-08-03T04:16:00Z,0.3333333333333333,20.0,1,2022,Under 30 min
516,2022-08-03T05:30:00Z,2022-08-03T05:56:00Z,0.4333333333333333,25.999999999999996,1,2022,Under 30 min
517,2022-08-03T07:13:00Z,2022-08-03T07:56:00Z,0.7166666666666667,43.0,1,2022,30-59 min
518,2022-08-03T09:49:00Z,2022-08-03T10:05:00Z,0.2666666666666666,15.999999999999996,2,2022,Under 30 min
519,2022-08-03T10:56:00Z,2022-08-03T11:05:00Z,0.15,9.0,1,2022,Under 30 min
520,2022-08-03T12:56:00Z,2022-08-03T13:10:00Z,0.2333333333333333,13.999999999999998,1,2022,Under 30 min
521,2022-08-03T13:28:00Z,2022-08-03T13:56:00Z,0.4666666666666667,28.0,1,2022,Under 30 min
522,2022-08-04T12:09:00Z,2022-08-04T12:44:00Z,0.5833333333333334,35.0,1,2022,30-59 min
523,2022-08-04T14:07:00Z,2022-08-04T14:40:00Z,0.55,33.0,1,2022,30-59 min
524,2022-08-04T17:11:00Z,2022-08-04T17:23:00Z,0.2,12.0,1,2022,Under 30 min
525,2022-08-11T08:28:00Z,2022-08-11T08:38:00Z,0.1666666666666666,9.999999999999996,1,2022,Under 30 min
526,2022-08-11T08:47:00Z,2022-08-11T08:56:00Z,0.15,9.0,1,2022,Under 30 min
527,2022-08-11T13:51:00Z,2022-08-11T14:00:00Z,0.1499999999999999,8.999999999999995,2,2022,Under 30 min
528,2022-08-11T14:29:00Z,2022-08-11T14:56:00Z,0.45,27.0,1,2022,Under 30 min
529,2022-08-12T06:08:00Z,2022-08-12T06:19:00Z,0.1833333333333333,10.999999999999998,1,2022,Under 30 min
530,2022-08-12T09:33:00Z,2022-08-12T09:39:00Z,0.1,6.0,1,2022,Under 30 min
531,2022-08-12T11:15:00Z,2022-08-12T11:29:00Z,0.2333333333333333,13.999999999999998,1,2022,Under 30 min
532,2022-08-12T12:56:00Z,2022-08-12T12:58:00Z,0.0333333333333333,1.9999999999999978,1,2022,Under 30 min
533,2022-08-17T12:43:00Z,2022-08-17T12:56:00Z,0.2166666666666666,12.999999999999995,1,2022,Under 30 min
534,2022-08-18T02:36:00Z,2022-08-18T02:56:00Z,0.3333333333333333,20.0,1,2022,Under 30 min
535,2022-08-18T03:56:00Z,2022-08-18T04:31:00Z,0.5833333333333334,35.0,1,2022,30-59 min
536,2022-08-18T04:56:00Z,2022-08-18T05:56:00Z,1.0,60.0,1,2022,1-2 hours
537,2022-08-18T12:13:00Z,2022-08-18T12:31:00Z,0.3,18.0,1,2022,Under 30 min
538,2022-08-18T12:56:00Z,2022-08-18T13:56:00Z,1.0,60.0,1,2022,1-2 hours
539,2022-08-18T15:56:00Z,2022-08-18T15:58:00Z,0.0333333333333333,1.9999999999999978,1,2022,Under 30 min
540,2022-08-18T16:20:00Z,2022-08-18T16:51:00Z,0.5166666666666667,31.000000000000004,1,2022,30-59 min
541,2022-08-19T01:20:00Z,2022-08-19T01:33:00Z,0.2166666666666666,12.999999999999995,1,2022,Under 30 min
542,2022-08-19T14:14:00Z,2022-08-19T15:11:00Z,0.95,57.0,2,2022,30-59 min
543,2022-08-19T18:56:00Z,2022-08-19T19:04:00Z,0.1333333333333333,7.999999999999998,1,2022,Under 30 min
544,2022-08-20T14:56:00Z,2022-08-20T15:08:00Z,0.2,12.0,1,2022,Under 30 min
545,2022-08-20T16:04:00Z,2022-08-20T16:23:00Z,0.3166666666666666,18.999999999999996,1,2022,Under 30 min
546,2022-08-20T18:03:00Z,2022-08-20T18:16:00Z,0.2166666666666666,12.999999999999995,1,2022,Under 30 min
547,2022-08-21T13:43:00Z,2022-08-21T13:56:00Z,0.2166666666666666,12.999999999999995,1,2022,Under 30 min
548,2022-08-21T15:41:00Z,2022-08-21T15:51:00Z,0.1666666666666666,9.999999999999996,1,2022,Under 30 min
549,2022-08-21T16:14:00Z,2022-08-21T16:25:00Z,0.1833333333333333,10.999999999999998,1,2022,Under 30 min
550,2022-08-21T16:44:00Z,2022-08-21T16:56:00Z,0.2,12.0,1,2022,Under 30 min
551,2022-08-22T01:56:00Z,2022-08-22T02:56:00Z,1.0,60.0,1,2022,1-2 hours
552,2022-08-23T01:15:00Z,2022-08-23T01:35:00Z,0.3333333333333333,20.0,1,2022,Under 30 min
553,2022-08-23T08:49:00Z,2022-08-23T08:56:00Z,0.1166666666666666,6.999999999999996,1,2022,Under 30 min
554,2022-08-23T16:05:00Z,2022-08-23T16:56:00Z,0.85,51.0,1,2022,30-59 min
555,2022-08-23T21:10:00Z,2022-08-23T21:16:00Z,0.1,6.0,1,2022,Under 30 min
556,2022-08-24T15:56:00Z,2022-08-24T18:37:00Z,2.6833333333333336,161.0,3,2022,2+ hours
557,2022-08-26T05:28:00Z,2022-08-26T05:56:00Z,0.4666666666666667,28.0,1,2022,Under 30 min
558,2022-08-26T08:22:00Z,2022-08-26T09:20:00Z,0.9666666666666667,58.0,2,2022,30-59 min
559,2022-08-26T10:28:00Z,2022-08-26T10:56:00Z,0.4666666666666667,28.0,1,2022,Under 30 min
560,2022-08-26T11:21:00Z,2022-08-26T11:52:00Z,0.5166666666666667,31.000000000000004,1,2022,30-59 min
561,2022-08-26T12:27:00Z,2022-08-26T12:34:00Z,0.1166666666666666,6.999999999999996,1,2022,Under 30 min
562,2022-08-26T13:15:00Z,2022-08-26T13:24:00Z,0.15,9.0,1,2022,Under 30 min
563,2022-08-26T13:48:00Z,2022-08-26T14:36:00Z,0.7999999999999999,47.99999999999999,2,2022,30-59 min
564,2022-08-26T17:28:00Z,2022-08-26T17:47:00Z,0.3166666666666666,18.999999999999996,1,2022,Under 30 min
565,2022-08-26T18:47:00Z,2022-08-26T18:56:00Z,0.15,9.0,1,2022,Under 30 min
566,2022-08-28T12:27:00Z,2022-08-28T12:34:00Z,0.1166666666666666,6.999999999999996,1,2022,Under 30 min
567,2022-08-29T15:19:00Z,2022-08-29T15:24:00Z,0.0833333333333333,4.999999999999998,1,2022,Under 30 min
568,2022-08-29T16:44:00Z,2022-08-29T17:02:00Z,0.30000000000000004,18.000000000000004,2,2022,Under 30 min
569,2022-08-29T17:14:00Z,2022-08-29T17:24:00Z,0.1666666666666666,9.999999999999996,1,2022,Under 30 min
570,2022-08-30T03:41:00Z,2022-08-30T03:56:00Z,0.25,15.0,1,2022,Under 30 min
571,2022-08-30T04:11:00Z,2022-08-30T04:37:00Z,0.4333333333333333,25.999999999999996,1,2022,Under 30 min
572,2022-08-30T06:37:00Z,2022-08-30T06:56:00Z,0.3166666666666666,18.999999999999996,1,2022,Under 30 min
573,2022-08-30T14:37:00Z,2022-08-30T14:42:00Z,0.0833333333333333,4.999999999999998,1,2022,Under 30 min
574,2022-08-30T14:53:00Z,2022-08-30T15:17:00Z,0.39999999999999997,23.999999999999996,2,2022,Under 30 min
575,2022-08-30T15:56:00Z,2022-08-30T16:10:00Z,0.2333333333333333,13.999999999999998,1,2022,Under 30 min
576,2022-08-30T16:19:00Z,2022-08-30T16:31:00Z,0.2,12.0,1,2022,Under 30 min
577,2022-08-31T08:49:00Z,2022-08-31T09:24:00Z,0.5833333333333333,34.99999999999999,2,2022,30-59 min
578,2022-09-03T11:22:00Z,2022-09-03T11:37:00Z,0.25,15.0,1,2022,Under 30 min
579,2022-09-03T22:28:00Z,2022-09-03T22:39:00Z,0.1833333333333333,10.999999999999998,1,2022,Under 30 min
580,2022-09-04T11:56:00Z,2022-09-04T12:00:00Z,0.0666666666666666,3.9999999999999956,1,2022,Under 30 min
581,2022-09-04T12:25:00Z,2022-09-04T12:36:00Z,0.1833333333333333,10.999999999999998,1,2022,Under 30 min
582,2022-09-04T17:29:00Z,2022-09-04T17:36:00Z,0.1166666666666666,6.999999999999996,1,2022,Under 30 min
583,2022-09-05T05:56:00Z,2022-09-05T06:01:00Z,0.0833333333333333,4.999999999999998,1,2022,Under 30 min
584,2022-09-05T06:22:00Z,2022-09-05T07:56:00Z,1.5666666666666667,94.0,2,2022,1-2 hours
585,2022-09-05T16:56:00Z,2022-09-05T17:00:00Z,0.0666666666666666,3.9999999999999956,1,2022,Under 30 min
586,2022-09-05T17:11:00Z,2022-09-05T17:20:00Z,0.15,9.0,1,2022,Under 30 min
587,2022-09-05T17:29:00Z,2022-09-05T17:39:00Z,0.1666666666666666,9.999999999999996,1,2022,Under 30 min
588,2022-09-07T13:31:00Z,2022-09-07T13:36:00Z,0.0833333333333333,4.999999999999998,1,2022,Under 30 min
589,2022-09-09T15:24:00Z,2022-09-09T15:34:00Z,0.1666666666666666,9.999999999999996,1,2022,Under 30 min
590,2022-09-10T15:03:00Z,2022-09-10T15:15:00Z,0.2,12.0,1,2022,Under 30 min
591,2022-09-10T17:45:00Z,2022-09-10T17:56:00Z,0.1833333333333333,10.999999999999998,1,2022,Under 30 min
592,2022-09-10T18:03:00Z,2022-09-10T18:10:00Z,0.1166666666666666,6.999999999999996,1,2022,Under 30 min
593,2022-09-11T23:56:00Z,2022-09-12T00:43:00Z,0.7833333333333333,47.0,1,2022,30-59 min
594,2022-09-12T03:56:00Z,2022-09-12T04:25:00Z,0.4833333333333333,28.999999999999996,1,2022,Under 30 min
595,2022-09-12T04:45:00Z,2022-09-12T05:11:00Z,0.4333333333333333,25.999999999999996,2,2022,Under 30 min
596,2022-09-12T05:29:00Z,2022-09-12T05:41:00Z,0.2,12.0,1,2022,Under 30 min
597,2022-09-12T06:07:00Z,2022-09-12T06:18:00Z,0.1833333333333333,10.999999999999998,1,2022,Under 30 min
598,2022-09-12T07:19:00Z,2022-09-12T07:42:00Z,0.3833333333333332,22.999999999999993,3,2022,Under 30 min
599,2022-09-12T07:50:00Z,2022-09-12T07:56:00Z,0.1,6.0,1,2022,Under 30 min
600,2022-09-12T09:56:00Z,2022-09-12T10:03:00Z,0.1166666666666666,6.999999999999996,1,2022,Under 30 min
601,2022-09-12T20:03:00Z,2022-09-12T20:15:00Z,0.2,12.0,1,2022,Under 30 min
602,2022-09-13T00:33:00Z,2022-09-13T00:50:00Z,0.2833333333333333,17.0,1,2022,Under 30 min
603,2022-09-13T01:10:00Z,2022-09-13T01:39:00Z,0.4833333333333333,28.999999999999996,1,2022,Under 30 min
604,2022-09-13T16:42:00Z,2022-09-13T16:52:00Z,0.1666666666666666,9.999999999999996,1,2022,Under 30 min
605,2022-09-13T16:56:00Z,2022-09-13T17:14:00Z,0.3,18.0,1,2022,Under 30 min
606,2022-09-13T19:08:00Z,2022-09-13T19:26:00Z,0.3,18.0,1,2022,Under 30 min
607,2022-09-14T01:14:00Z,2022-09-14T01:30:00Z,0.2666666666666666,15.999999999999996,1,2022,Under 30 min
608,2022-09-14T02:34:00Z,2022-09-14T02:56:00Z,0.3666666666666666,21.999999999999996,1,2022,Under 30 min
609,2022-09-14T12:56:00Z,2022-09-14T13:32:00Z,0.6,36.0,1,2022,30-59 min
610,2022-09-15T17:33:00Z,2022-09-15T17:45:00Z,0.2,12.0,1,2022,Under 30 min
611,2022-09-21T14:00:00Z,2022-09-21T14:43:00Z,0.7166666666666667,43.0,1,2022,30-59 min
612,2022-09-21T17:53:00Z,2022-09-21T18:00:00Z,0.1166666666666666,6.999999999999996,2,2022,Under 30 min
613,2022-09-21T21:28:00Z,2022-09-21T21:43:00Z,0.25,15.0,1,2022,Under 30 min
614,2022-09-21T21:48:00Z,2022-09-21T21:59:00Z,0.1833333333333333,10.999999999999998,2,2022,Under 30 min
615,2022-09-22T03:31:00Z,2022-09-22T03:37:00Z,0.1,6.0,1,2022,Under 30 min
616,2022-09-22T22:29:00Z,2022-09-22T22:40:00Z,0.1833333333333333,10.999999999999998,1,2022,Under 30 min
617,2022-09-22T23:31:00Z,2022-09-22T23:36:00Z,0.0833333333333333,4.999999999999998,1,2022,Under 30 min
618,2022-09-23T06:34:00Z,2022-09-23T06:44:00Z,0.1666666666666666,9.999999999999996,1,2022,Under 30 min
619,2022-09-23T18:16:00Z,2022-09-23T18:20:00Z,0.0666666666666666,3.9999999999999956,1,2022,Under 30 min
620,2022-09-24T08:09:00Z,2022-09-24T08:13:00Z,0.0666666666666666,3.9999999999999956,1,2022,Under 30 min
621,2022-09-24T08:56:00Z,2022-09-24T09:08:00Z,0.2,12.0,1,2022,Under 30 min
622,2022-09-24T12:09:00Z,2022-09-24T12:21:00Z,0.1999999999999999,11.999999999999995,2,2022,Under 30 min
623,2022-09-24T13:04:00Z,2022-09-24T13:56:00Z,0.8666666666666667,52.0,1,2022,30-59 min
624,2022-09-25T07:48:00Z,2022-09-25T08:05:00Z,0.2833333333333333,17.0,2,2022,Under 30 min
625,2022-09-25T09:42:00Z,2022-09-25T09:53:00Z,0.1833333333333333,10.999999999999998,1,2022,Under 30 min
626,2022-09-25T11:06:00Z,2022-09-25T11:21:00Z,0.25,15.0,1,2022,Under 30 min
627,2022-09-26T03:21:00Z,2022-09-26T03:36:00Z,0.25,15.0,1,2022,Under 30 min
628,2022-09-27T03:52:00Z,2022-09-27T04:11:00Z,0.3166666666666666,18.999999999999996,2,2022,Under 30 min
629,2022-10-01T16:46:00Z,2022-10-01T17:07:00Z,0.34999999999999987,20.999999999999993,2,2022,Under 30 min
630,2022-10-01T18:56:00Z,2022-10-01T19:34:00Z,0.6333333333333333,38.0,1,2022,30-59 min
631,2022-10-06T13:47:00Z,2022-10-06T14:08:00Z,0.35,21.0,2,2022,Under 30 min
632,2022-10-06T14:20:00Z,2022-10-06T14:29:00Z,0.15,9.0,1,2022,Under 30 min
633,2022-10-06T19:48:00Z,2022-10-06T20:32:00Z,0.7333333333333333,44.0,2,2022,30-59 min
634,2022-10-06T21:03:00Z,2022-10-06T21:25:00Z,0.3666666666666666,21.999999999999996,1,2022,Under 30 min
635,2022-10-06T21:56:00Z,2022-10-06T22:14:00Z,0.3,18.0,1,2022,Under 30 min
636,2022-10-06T22:40:00Z,2022-10-06T22:56:00Z,0.2666666666666666,15.999999999999996,1,2022,Under 30 min
637,2022-10-06T23:29:00Z,2022-10-06T23:56:00Z,0.45,27.0,1,2022,Under 30 min
638,2022-10-07T02:56:00Z,2022-10-07T03:03:00Z,0.1166666666666666,6.999999999999996,1,2022,Under 30 min
639,2022-10-07T04:56:00Z,2022-10-07T05:16:00Z,0.3333333333333333,20.0,1,2022,Under 30 min
640,2022-10-07T05:30:00Z,2022-10-07T05:56:00Z,0.4333333333333333,25.999999999999996,1,2022,Under 30 min
641,2022-10-07T11:41:00Z,2022-10-07T12:35:00Z,0.9,54.0,2,2022,30-59 min
642,2022-10-08T00:43:00Z,2022-10-08T00:56:00Z,0.2166666666666666,12.999999999999995,1,2022,Under 30 min
643,2022-10-08T05:23:00Z,2022-10-08T05:42:00Z,0.3166666666666666,18.999999999999996,1,2022,Under 30 min
644,2022-10-08T05:56:00Z,2022-10-08T06:07:00Z,0.1833333333333333,10.999999999999998,1,2022,Under 30 min
645,2022-10-08T06:15:00Z,2022-10-08T06:23:00Z,0.1333333333333333,7.999999999999998,1,2022,Under 30 min
646,2022-10-08T09:52:00Z,2022-10-08T10:06:00Z,0.2333333333333332,13.999999999999991,2,2022,Under 30 min
647,2022-10-09T15:18:00Z,2022-10-09T15:32:00Z,0.2333333333333333,13.999999999999998,1,2022,Under 30 min
648,2022-10-09T17:36:00Z,2022-10-09T17:56:00Z,0.3333333333333333,20.0,1,2022,Under 30 min
649,2022-10-09T21:33:00Z,2022-10-09T21:38:00Z,0.0833333333333333,4.999999999999998,1,2022,Under 30 min
650,2022-10-09T22:25:00Z,2022-10-09T22:56:00Z,0.5166666666666667,31.000000000000004,1,2022,30-59 min
651,2022-10-10T01:56:00Z,2022-10-10T02:52:00Z,0.9333333333333332,55.99999999999999,1,2022,30-59 min
652,2022-10-10T08:08:00Z,2022-10-10T08:19:00Z,0.1833333333333333,10.999999999999998,1,2022,Under 30 min
653,2022-10-10T10:56:00Z,2022-10-10T11:56:00Z,1.0,60.0,1,2022,1-2 hours
654,2022-10-10T12:56:00Z,2022-10-10T13:12:00Z,0.2666666666666666,15.999999999999996,1,2022,Under 30 min
655,2022-10-10T14:24:00Z,2022-10-10T14:56:00Z,0.5333333333333333,32.0,1,2022,30-59 min
656,2022-10-11T02:53:00Z,2022-10-11T03:03:00Z,0.1666666666666666,9.999999999999996,2,2022,Under 30 min
657,2022-10-11T04:03:00Z,2022-10-11T04:53:00Z,0.8333333333333334,50.0,1,2022,30-59 min
658,2022-10-11T05:21:00Z,2022-10-11T05:45:00Z,0.4,24.0,1,2022,Under 30 min
659,2022-10-11T07:47:00Z,2022-10-11T07:56:00Z,0.15,9.0,1,2022,Under 30 min
660,2022-10-11T08:29:00Z,2022-10-11T08:53:00Z,0.4,24.0,1,2022,Under 30 min
661,2022-10-11T14:13:00Z,2022-10-11T14:25:00Z,0.2,12.0,1,2022,Under 30 min
662,2022-10-12T00:56:00Z,2022-10-12T01:52:00Z,0.9333333333333332,55.99999999999999,1,2022,30-59 min
663,2022-10-12T05:48:00Z,2022-10-12T06:56:00Z,1.1333333333333333,68.0,2,2022,1-2 hours
664,2022-10-12T10:54:00Z,2022-10-12T11:03:00Z,0.1499999999999999,8.999999999999995,2,2022,Under 30 min
665,2022-10-12T11:42:00Z,2022-10-12T11:53:00Z,0.1833333333333333,10.999999999999998,1,2022,Under 30 min
666,2022-10-13T18:30:00Z,2022-10-13T18:46:00Z,0.2666666666666666,15.999999999999996,1,2022,Under 30 min
667,2022-10-13T18:51:00Z,2022-10-13T18:56:00Z,0.0833333333333333,4.999999999999998,1,2022,Under 30 min
668,2022-10-13T22:31:00Z,2022-10-13T22:38:00Z,0.1166666666666666,6.999999999999996,1,2022,Under 30 min
669,2022-10-13T23:21:00Z,2022-10-13T23:38:00Z,0.2833333333333333,17.0,1,2022,Under 30 min
670,2022-10-14T03:11:00Z,2022-10-14T03:18:00Z,0.1166666666666666,6.999999999999996,1,2022,Under 30 min
671,2022-10-14T03:26:00Z,2022-10-14T03:49:00Z,0.3833333333333333,23.0,1,2022,Under 30 min
672,2022-10-14T04:06:00Z,2022-10-14T04:21:00Z,0.25,15.0,1,2022,Under 30 min
673,2022-10-14T04:36:00Z,2022-10-14T04:56:00Z,0.3333333333333333,20.0,1,2022,Under 30 min
674,2022-10-14T22:14:00Z,2022-10-14T22:27:00Z,0.2166666666666666,12.999999999999995,1,2022,Under 30 min
675,2022-10-14T23:22:00Z,2022-10-14T23:56:00Z,0.5666666666666667,34.0,1,2022,30-59 min
676,2022-10-15T00:56:00Z,2022-10-15T01:44:00Z,0.8,48.0,1,2022,30-59 min
677,2022-10-15T01:56:00Z,2022-10-15T03:56:00Z,2.0,120.0,2,2022,2+ hours
678,2022-10-15T12:56:00Z,2022-10-15T14:56:00Z,2.0,120.0,2,2022,2+ hours
679,2022-10-18T18:11:00Z,2022-10-18T18:21:00Z,0.1666666666666666,9.999999999999996,1,2022,Under 30 min
680,2022-10-19T07:19:00Z,2022-10-19T07:52:00Z,0.55,33.0,1,2022,30-59 min
681,2022-10-20T04:31:00Z,2022-10-20T04:56:00Z,0.4166666666666667,25.0,1,2022,Under 30 min
682,2022-10-20T09:56:00Z,2022-10-20T10:31:00Z,0.5833333333333334,35.0,1,2022,30-59 min
683,2022-10-20T12:53:00Z,2022-10-20T13:56:00Z,1.05,63.0,2,2022,1-2 hours
684,2022-10-20T16:53:00Z,2022-10-20T16:56:00Z,0.05,3.0,1,2022,Under 30 min
685,2022-10-20T22:04:00Z,2022-10-20T22:14:00Z,0.1666666666666666,9.999999999999996,1,2022,Under 30 min
686,2022-10-21T00:31:00Z,2022-10-21T00:40:00Z,0.15,9.0,1,2022,Under 30 min
687,2022-10-21T01:16:00Z,2022-10-21T01:27:00Z,0.1833333333333333,10.999999999999998,1,2022,Under 30 min
688,2022-10-21T03:37:00Z,2022-10-21T03:46:00Z,0.15,9.0,1,2022,Under 30 min
689,2022-10-21T04:01:00Z,2022-10-21T04:07:00Z,0.1,6.0,1,2022,Under 30 min
690,2022-10-21T04:36:00Z,2022-10-21T04:48:00Z,0.2,12.0,1,2022,Under 30 min
691,2022-10-25T03:10:00Z,2022-10-25T03:24:00Z,0.2333333333333333,13.999999999999998,1,2022,Under 30 min
692,2022-10-25T05:43:00Z,2022-10-25T06:22:00Z,0.6499999999999999,38.99999999999999,2,2022,30-59 min
693,2022-10-25T12:29:00Z,2022-10-25T12:34:00Z,0.0833333333333333,4.999999999999998,1,2022,Under 30 min
694,2022-10-25T14:45:00Z,2022-10-25T14:54:00Z,0.15,9.0,1,2022,Under 30 min
695,2022-10-30T01:03:00Z,2022-10-30T01:17:00Z,0.2333333333333333,13.999999999999998,1,2022,Under 30 min
696,2022-10-30T05:35:00Z,2022-10-30T05:51:00Z,0.2666666666666666,15.999999999999996,1,2022,Under 30 min
697,2022-10-30T06:25:00Z,2022-10-30T06:33:00Z,0.1333333333333333,7.999999999999998,1,2022,Under 30 min
698,2022-10-30T10:33:00Z,2022-10-30T10:56:00Z,0.3833333333333333,23.0,1,2022,Under 30 min
699,2022-10-30T13:17:00Z,2022-10-30T13:26:00Z,0.15,9.0,1,2022,Under 30 min
700,2022-10-30T13:30:00Z,2022-10-30T13:41:00Z,0.1833333333333333,10.999999999999998,1,2022,Under 30 min
701,2022-10-30T14:45:00Z,2022-10-30T14:47:00Z,0.0333333333333333,1.9999999999999978,1,2022,Under 30 min
702,2022-10-31T15:08:00Z,2022-10-31T15:13:00Z,0.0833333333333333,4.999999999999998,1,2022,Under 30 min
703,2022-11-01T00:12:00Z,2022-11-01T00:25:00Z,0.2166666666666666,12.999999999999995,1,2022,Under 30 min
704,2022-11-01T02:22:00Z,2022-11-01T03:03:00Z,0.6833333333333332,40.99999999999999,2,2022,30-59 min
705,2022-11-01T03:30:00Z,2022-11-01T04:56:00Z,1.4333333333333331,85.99999999999999,4,2022,1-2 hours
706,2022-11-04T23:44:00Z,2022-11-04T23:54:00Z,0.1666666666666666,9.999999999999996,1,2022,Under 30 min
707,2022-11-17T09:56:00Z,2022-11-17T10:04:00Z,0.1333333333333333,7.999999999999998,1,2022,Under 30 min
708,2022-11-18T10:47:00Z,2022-11-18T11:00:00Z,0.2166666666666666,12.999999999999995,2,2022,Under 30 min
709,2022-11-18T11:42:00Z,2022-11-18T11:56:00Z,0.2333333333333333,13.999999999999998,1,2022,Under 30 min
710,2022-11-18T12:04:00Z,2022-11-18T12:16:00Z,0.2,12.0,1,2022,Under 30 min
711,2022-11-23T04:37:00Z,2022-11-23T05:56:00Z,1.3166666666666667,79.0,3,2022,1-2 hours
712,2022-11-23T10:09:00Z,2022-11-23T10:17:00Z,0.1333333333333333,7.999999999999998,1,2022,Under 30 min
713,2022-11-23T10:25:00Z,2022-11-23T10:36:00Z,0.1833333333333333,10.999999999999998,1,2022,Under 30 min
714,2022-11-23T11:56:00Z,2022-11-23T12:00:00Z,0.0666666666666666,3.9999999999999956,1,2022,Under 30 min
715,2022-11-23T12:19:00Z,2022-11-23T12:29:00Z,0.1666666666666666,9.999999999999996,1,2022,Under 30 min
716,2022-11-25T09:56:00Z,2022-11-25T10:06:00Z,0.1666666666666666,9.999999999999996,1,2022,Under 30 min
717,2022-11-26T00:12:00Z,2022-11-26T00:24:00Z,0.2,12.0,1,2022,Under 30 min
718,2022-11-26T03:08:00Z,2022-11-26T03:11:00Z,0.05,3.0,1,2022,Under 30 min
719,2022-11-26T13:11:00Z,2022-11-26T13:25:00Z,0.2333333333333333,13.999999999999998,1,2022,Under 30 min
720,2022-11-30T23:13:00Z,2022-11-30T23:28:00Z,0.2499999999999999,14.999999999999993,2,2022,Under 30 min
721,2022-12-22T02:02:00Z,2022-12-22T02:35:00Z,0.55,33.0,1,2022,30-59 min
722,2022-12-22T03:44:00Z,2022-12-22T03:56:00Z,0.2,12.0,1,2022,Under 30 min
723,2022-12-22T04:36:00Z,2022-12-22T04:41:00Z,0.0833333333333333,4.999999999999998,1,2022,Under 30 min
724,2022-12-24T23:50:00Z,2022-12-25T00:14:00Z,0.4,24.0,2,2022,Under 30 min
725,2022-12-25T11:46:00Z,2022-12-25T11:56:00Z,0.1666666666666666,9.999999999999996,1,2022,Under 30 min
726,2022-12-25T12:09:00Z,2022-12-25T12:29:00Z,0.3333333333333333,20.0,1,2022,Under 30 min
727,2022-12-25T12:40:00Z,2022-12-25T12:56:00Z,0.2666666666666666,15.999999999999996,1,2022,Under 30 min
728,2022-12-26T02:54:00Z,2022-12-26T03:05:00Z,0.1833333333333333,10.999999999999998,2,2022,Under 30 min
729,2022-12-30T23:05:00Z,2022-12-30T23:56:00Z,0.85,51.0,1,2022,30-59 min
730,2022-12-31T00:56:00Z,2022-12-31T01:39:00Z,0.7166666666666667,43.0,1,2022,30-59 min
731,2022-12-31T13:56:00Z,2022-12-31T14:02:00Z,0.1,6.0,1,2022,Under 30 min
732,2023-01-14T18:56:00Z,2023-01-14T19:04:00Z,0.1333333333333333,7.999999999999998,2,2023,Under 30 min
733,2023-01-15T23:49:00Z,2023-01-15T23:59:00Z,0.1666666666666666,9.999999999999996,2,2023,Under 30 min
734,2023-02-08T09:08:00Z,2023-02-08T09:17:00Z,0.15,9.0,1,2023,Under 30 min
735,2023-02-08T11:13:00Z,2023-02-08T11:32:00Z,0.3166666666666666,18.999999999999996,1,2023,Under 30 min
736,2023-02-08T17:43:00Z,2023-02-08T17:56:00Z,0.2166666666666666,12.999999999999995,1,2023,Under 30 min
737,2023-02-09T18:41:00Z,2023-02-09T18:56:00Z,0.25,15.0,1,2023,Under 30 min
738,2023-02-23T12:33:00Z,2023-02-23T12:56:00Z,0.3833333333333333,23.0,1,2023,Under 30 min
739,2023-02-24T01:29:00Z,2023-02-24T01:39:00Z,0.1666666666666666,9.999999999999996,1,2023,Under 30 min
740,2023-02-24T07:31:00Z,2023-02-24T07:42:00Z,0.1833333333333333,10.999999999999998,1,2023,Under 30 min
741,2023-03-12T19:54:00Z,2023-03-12T20:08:00Z,0.2333333333333332,13.999999999999991,2,2023,Under 30 min
742,2023-03-13T08:07:00Z,2023-03-13T08:21:00Z,0.2333333333333333,13.999999999999998,1,2023,Under 30 min
743,2023-03-13T20:31:00Z,2023-03-13T20:39:00Z,0.1333333333333333,7.999999999999998,1,2023,Under 30 min
744,2023-03-14T06:48:00Z,2023-03-14T06:56:00Z,0.1333333333333333,7.999999999999998,1,2023,Under 30 min
745,2023-04-07T16:36:00Z,2023-04-07T16:49:00Z,0.2166666666666666,12.999999999999995,1,2023,Under 30 min
746,2023-04-10T11:34:00Z,2023-04-10T12:04:00Z,0.4999999999999999,29.999999999999993,2,2023,Under 30 min
747,2023-04-22T18:41:00Z,2023-04-22T18:56:00Z,0.25,15.0,1,2023,Under 30 min
748,2023-04-25T14:33:00Z,2023-04-25T14:44:00Z,0.1833333333333333,10.999999999999998,1,2023,Under 30 min
749,2023-04-26T08:48:00Z,2023-04-26T08:56:00Z,0.1333333333333333,7.999999999999998,1,2023,Under 30 min
750,2023-04-26T09:09:00Z,2023-04-26T09:25:00Z,0.2666666666666666,15.999999999999996,1,2023,Under 30 min
751,2023-04-28T11:31:00Z,2023-04-28T12:56:00Z,1.4166666666666667,85.0,2,2023,1-2 hours
752,2023-04-28T16:54:00Z,2023-04-28T17:06:00Z,0.1999999999999999,11.999999999999995,2,2023,Under 30 min
753,2023-04-29T09:34:00Z,2023-04-29T09:56:00Z,0.3666666666666666,21.999999999999996,1,2023,Under 30 min
754,2023-05-13T11:56:00Z,2023-05-13T12:34:00Z,0.6333333333333333,38.0,1,2023,30-59 min
755,2023-05-13T13:16:00Z,2023-05-13T13:56:00Z,0.6666666666666666,40.0,1,2023,30-59 min
756,2023-05-13T17:26:00Z,2023-05-13T17:33:00Z,0.1166666666666666,6.999999999999996,1,2023,Under 30 min
757,2023-05-14T03:12:00Z,2023-05-14T03:56:00Z,0.7333333333333333,44.0,1,2023,30-59 min
758,2023-05-14T10:02:00Z,2023-05-14T10:33:00Z,0.5166666666666667,31.000000000000004,1,2023,30-59 min
759,2023-06-05T09:51:00Z,2023-06-05T09:56:00Z,0.0833333333333333,4.999999999999998,1,2023,Under 30 min
760,2023-06-05T12:46:00Z,2023-06-05T12:56:00Z,0.1666666666666666,9.999999999999996,1,2023,Under 30 min
761,2023-06-17T13:09:00Z,2023-06-17T13:33:00Z,0.4,24.0,1,2023,Under 30 min
762,2023-06-17T15:21:00Z,2023-06-17T16:05:00Z,0.7333333333333334,44.0,2,2023,30-59 min
763,2023-06-17T17:50:00Z,2023-06-17T18:12:00Z,0.3666666666666666,21.999999999999996,2,2023,Under 30 min
764,2023-06-22T15:56:00Z,2023-06-22T16:05:00Z,0.15,9.0,1,2023,Under 30 min
765,2023-06-30T13:25:00Z,2023-06-30T13:27:00Z,0.0333333333333333,1.9999999999999978,1,2023,Under 30 min
766,2023-06-30T14:02:00Z,2023-06-30T14:48:00Z,0.7666666666666667,46.0,1,2023,30-59 min
767,2023-07-01T12:25:00Z,2023-07-01T12:40:00Z,0.25,15.0,1,2023,Under 30 min
768,2023-07-01T12:54:00Z,2023-07-01T13:18:00Z,0.3999999999999999,23.999999999999993,2,2023,Under 30 min
769,2023-07-04T13:32:00Z,2023-07-04T13:56:00Z,0.4,24.0,1,2023,Under 30 min
770,2023-07-04T14:56:00Z,2023-07-04T15:12:00Z,0.2666666666666666,15.999999999999996,1,2023,Under 30 min
771,2023-07-05T03:27:00Z,2023-07-05T04:04:00Z,0.6166666666666666,36.99999999999999,2,2023,30-59 min
772,2023-07-05T07:23:00Z,2023-07-05T07:33:00Z,0.1666666666666666,9.999999999999996,1,2023,Under 30 min
773,2023-07-05T07:49:00Z,2023-07-05T09:45:00Z,1.9333333333333333,116.0,3,2023,1-2 hours
774,2023-07-13T15:00:00Z,2023-07-13T15:09:00Z,0.15,9.0,1,2023,Under 30 min
775,2023-07-14T15:22:00Z,2023-07-14T15:56:00Z,0.5666666666666667,34.0,1,2023,30-59 min
776,2023-07-15T13:30:00Z,2023-07-15T14:03:00Z,0.5499999999999999,32.99999999999999,2,2023,30-59 min
777,2023-07-15T15:32:00Z,2023-07-15T15:56:00Z,0.4,24.0,1,2023,Under 30 min
778,2023-07-16T13:28:00Z,2023-07-16T13:43:00Z,0.25,15.0,1,2023,Under 30 min
779,2023-07-16T14:30:00Z,2023-07-16T14:56:00Z,0.4333333333333333,25.999999999999996,1,2023,Under 30 min
780,2023-07-21T13:56:00Z,2023-07-21T14:14:00Z,0.3,18.0,1,2023,Under 30 min
781,2023-07-21T16:42:00Z,2023-07-21T16:52:00Z,0.1666666666666666,9.999999999999996,1,2023,Under 30 min
782,2023-07-22T11:37:00Z,2023-07-22T12:22:00Z,0.7499999999999999,44.99999999999999,2,2023,30-59 min
783,2023-07-22T12:47:00Z,2023-07-22T12:56:00Z,0.15,9.0,1,2023,Under 30 min
784,2023-07-22T13:16:00Z,2023-07-22T13:56:00Z,0.6666666666666666,40.0,1,2023,30-59 min
785,2023-07-22T16:54:00Z,2023-07-22T17:05:00Z,0.1833333333333333,10.999999999999998,2,2023,Under 30 min
786,2023-07-23T14:29:00Z,2023-07-23T14:45:00Z,0.2666666666666666,15.999999999999996,1,2023,Under 30 min
787,2023-07-23T23:56:00Z,2023-07-24T00:09:00Z,0.2166666666666666,12.999999999999995,1,2023,Under 30 min
788,2023-07-24T01:46:00Z,2023-07-24T01:56:00Z,0.1666666666666666,9.999999999999996,1,2023,Under 30 min
789,2023-07-24T02:06:00Z,2023-07-24T02:17:00Z,0.1833333333333333,10.999999999999998,1,2023,Under 30 min
790,2023-07-24T02:49:00Z,2023-07-24T02:56:00Z,0.1166666666666666,6.999999999999996,1,2023,Under 30 min
791,2023-07-24T03:47:00Z,2023-07-24T03:53:00Z,0.1,6.0,1,2023,Under 30 min
792,2023-07-24T04:06:00Z,2023-07-24T04:23:00Z,0.2833333333333333,17.0,1,2023,Under 30 min
793,2023-07-24T10:56:00Z,2023-07-24T11:15:00Z,0.3166666666666666,18.999999999999996,1,2023,Under 30 min
794,2023-07-24T11:45:00Z,2023-07-24T11:56:00Z,0.1833333333333333,10.999999999999998,1,2023,Under 30 min
795,2023-07-25T02:22:00Z,2023-07-25T02:35:00Z,0.2166666666666666,12.999999999999995,1,2023,Under 30 min
796,2023-07-25T03:30:00Z,2023-07-25T03:56:00Z,0.4333333333333333,25.999999999999996,1,2023,Under 30 min
797,2023-07-25T04:17:00Z,2023-07-25T04:49:00Z,0.5333333333333333,32.0,1,2023,30-59 min
798,2023-07-25T05:06:00Z,2023-07-25T05:16:00Z,0.1666666666666666,9.999999999999996,1,2023,Under 30 min
799,2023-07-25T06:03:00Z,2023-07-25T06:41:00Z,0.6333333333333333,38.0,1,2023,30-59 min
800,2023-07-25T09:13:00Z,2023-07-25T09:31:00Z,0.3,18.0,1,2023,Under 30 min
801,2023-07-25T13:35:00Z,2023-07-25T13:56:00Z,0.35,21.0,1,2023,Under 30 min
802,2023-07-25T16:41:00Z,2023-07-25T16:56:00Z,0.25,15.0,1,2023,Under 30 min
803,2023-08-01T14:03:00Z,2023-08-01T14:34:00Z,0.5166666666666667,31.000000000000004,1,2023,30-59 min
804,2023-08-06T10:27:00Z,2023-08-06T10:56:00Z,0.4833333333333333,28.999999999999996,1,2023,Under 30 min
805,2023-08-07T14:19:00Z,2023-08-07T14:27:00Z,0.1333333333333333,7.999999999999998,1,2023,Under 30 min
806,2023-08-07T16:51:00Z,2023-08-07T16:59:00Z,0.1333333333333333,7.999999999999998,2,2023,Under 30 min
807,2023-08-10T14:22:00Z,2023-08-10T14:46:00Z,0.4,24.0,1,2023,Under 30 min
808,2023-08-11T15:25:00Z,2023-08-11T15:39:00Z,0.2333333333333333,13.999999999999998,1,2023,Under 30 min
809,2023-08-12T14:27:00Z,2023-08-12T14:36:00Z,0.15,9.0,1,2023,Under 30 min
810,2023-08-14T02:28:00Z,2023-08-14T02:51:00Z,0.3833333333333333,23.0,1,2023,Under 30 min
811,2023-08-14T03:39:00Z,2023-08-14T04:40:00Z,1.0166666666666666,61.0,2,2023,1-2 hours
812,2023-08-14T04:48:00Z,2023-08-14T05:09:00Z,0.34999999999999987,20.999999999999993,2,2023,Under 30 min
813,2023-08-14T05:18:00Z,2023-08-14T06:56:00Z,1.6333333333333333,98.0,2,2023,1-2 hours
814,2023-08-14T07:56:00Z,2023-08-14T08:56:00Z,1.0,60.0,1,2023,1-2 hours
815,2023-08-15T00:56:00Z,2023-08-15T01:04:00Z,0.1333333333333333,7.999999999999998,1,2023,Under 30 min
816,2023-08-15T01:45:00Z,2023-08-15T02:39:00Z,0.8999999999999999,53.99999999999999,2,2023,30-59 min
817,2023-08-15T04:06:00Z,2023-08-15T04:20:00Z,0.2333333333333333,13.999999999999998,1,2023,Under 30 min
818,2023-08-16T06:25:00Z,2023-08-16T06:37:00Z,0.2,12.0,1,2023,Under 30 min
819,2023-08-16T07:11:00Z,2023-08-16T07:34:00Z,0.3833333333333333,23.0,1,2023,Under 30 min
820,2023-08-18T02:21:00Z,2023-08-18T02:51:00Z,0.5,30.0,1,2023,30-59 min
821,2023-08-18T03:56:00Z,2023-08-18T04:17:00Z,0.35,21.0,1,2023,Under 30 min
822,2023-08-18T11:07:00Z,2023-08-18T11:56:00Z,0.8166666666666667,49.0,1,2023,30-59 min
823,2023-08-18T12:12:00Z,2023-08-18T12:56:00Z,0.7333333333333333,44.0,1,2023,30-59 min
824,2023-08-18T16:37:00Z,2023-08-18T16:45:00Z,0.1333333333333333,7.999999999999998,1,2023,Under 30 min
825,2023-08-18T16:58:00Z,2023-08-18T17:15:00Z,0.2833333333333333,17.0,1,2023,Under 30 min
826,2023-08-22T07:09:00Z,2023-08-22T07:23:00Z,0.2333333333333333,13.999999999999998,1,2023,Under 30 min
827,2023-08-22T07:30:00Z,2023-08-22T07:44:00Z,0.2333333333333333,13.999999999999998,1,2023,Under 30 min
828,2023-08-23T10:05:00Z,2023-08-23T10:27:00Z,0.3666666666666666,21.999999999999996,1,2023,Under 30 min
829,2023-08-24T12:49:00Z,2023-08-24T13:03:00Z,0.2333333333333332,13.999999999999991,2,2023,Under 30 min
830,2023-08-24T14:03:00Z,2023-08-24T14:36:00Z,0.55,33.0,1,2023,30-59 min
831,2023-08-26T15:53:00Z,2023-08-26T16:56:00Z,1.05,63.0,2,2023,1-2 hours
832,2023-08-26T17:56:00Z,2023-08-26T18:05:00Z,0.15,9.0,1,2023,Under 30 min
833,2023-08-29T14:27:00Z,2023-08-29T14:56:00Z,0.4833333333333333,28.999999999999996,1,2023,Under 30 min
834,2023-08-29T17:54:00Z,2023-08-29T18:05:00Z,0.1833333333333333,10.999999999999998,2,2023,Under 30 min
835,2023-08-30T03:54:00Z,2023-08-30T04:18:00Z,0.3999999999999999,23.999999999999993,2,2023,Under 30 min
836,2023-08-30T11:08:00Z,2023-08-30T11:21:00Z,0.2166666666666666,12.999999999999995,1,2023,Under 30 min
837,2023-08-30T11:41:00Z,2023-08-30T11:52:00Z,0.1833333333333333,10.999999999999998,1,2023,Under 30 min
838,2023-08-30T12:25:00Z,2023-08-30T12:35:00Z,0.1666666666666666,9.999999999999996,1,2023,Under 30 min
839,2023-08-31T13:38:00Z,2023-08-31T13:51:00Z,0.2166666666666666,12.999999999999995,1,2023,Under 30 min
840,2023-08-31T16:11:00Z,2023-08-31T16:33:00Z,0.3666666666666666,21.999999999999996,1,2023,Under 30 min
841,2023-08-31T16:49:00Z,2023-08-31T16:56:00Z,0.1166666666666666,6.999999999999996,1,2023,Under 30 min
842,2023-09-01T03:44:00Z,2023-09-01T03:56:00Z,0.2,12.0,1,2023,Under 30 min
843,2023-09-01T11:28:00Z,2023-09-01T11:43:00Z,0.25,15.0,1,2023,Under 30 min
844,2023-09-01T11:56:00Z,2023-09-01T11:58:00Z,0.0333333333333333,1.9999999999999978,1,2023,Under 30 min
845,2023-09-01T12:16:00Z,2023-09-01T12:44:00Z,0.4666666666666667,28.0,1,2023,Under 30 min
846,2023-09-01T15:12:00Z,2023-09-01T15:18:00Z,0.1,6.0,1,2023,Under 30 min
847,2023-09-03T13:56:00Z,2023-09-03T14:19:00Z,0.3833333333333333,23.0,1,2023,Under 30 min
848,2023-09-07T06:56:00Z,2023-09-07T07:11:00Z,0.25,15.0,1,2023,Under 30 min
849,2023-09-12T16:18:00Z,2023-09-12T16:38:00Z,0.3333333333333333,20.0,1,2023,Under 30 min
850,2023-09-23T01:30:00Z,2023-09-23T01:41:00Z,0.1833333333333333,10.999999999999998,1,2023,Under 30 min
851,2023-09-23T03:37:00Z,2023-09-23T03:46:00Z,0.15,9.0,1,2023,Under 30 min
852,2023-09-23T04:04:00Z,2023-09-23T04:16:00Z,0.2,12.0,1,2023,Under 30 min
853,2023-09-23T12:14:00Z,2023-09-23T13:13:00Z,0.9833333333333333,59.0,2,2023,30-59 min
854,2023-09-30T01:14:00Z,2023-09-30T01:26:00Z,0.2,12.0,1,2023,Under 30 min
855,2023-09-30T01:38:00Z,2023-09-30T01:51:00Z,0.2166666666666666,12.999999999999995,1,2023,Under 30 min
856,2023-09-30T02:29:00Z,2023-09-30T02:45:00Z,0.2666666666666666,15.999999999999996,1,2023,Under 30 min
857,2023-09-30T03:49:00Z,2023-09-30T03:56:00Z,0.1166666666666666,6.999999999999996,1,2023,Under 30 min
858,2023-10-03T13:56:00Z,2023-10-03T14:17:00Z,0.35,21.0,1,2023,Under 30 min
859,2023-10-03T15:39:00Z,2023-10-03T15:46:00Z,0.1166666666666666,6.999999999999996,1,2023,Under 30 min
860,2023-10-03T15:56:00Z,2023-10-03T16:12:00Z,0.2666666666666666,15.999999999999996,1,2023,Under 30 min
861,2023-10-03T16:39:00Z,2023-10-03T17:18:00Z,0.6499999999999999,38.99999999999999,2,2023,30-59 min
862,2023-10-07T13:58:00Z,2023-10-07T14:09:00Z,0.1833333333333333,10.999999999999998,1,2023,Under 30 min
863,2023-10-07T17:08:00Z,2023-10-07T17:19:00Z,0.1833333333333333,10.999999999999998,1,2023,Under 30 min
864,2023-10-07T17:25:00Z,2023-10-07T17:56:00Z,0.5166666666666667,31.000000000000004,1,2023,30-59 min
865,2023-10-08T01:42:00Z,2023-10-08T01:51:00Z,0.15,9.0,1,2023,Under 30 min
866,2023-10-08T02:56:00Z,2023-10-08T03:15:00Z,0.3166666666666666,18.999999999999996,1,2023,Under 30 min
867,2023-10-08T05:46:00Z,2023-10-08T06:56:00Z,1.1666666666666665,69.99999999999999,2,2023,1-2 hours
868,2023-10-08T09:56:00Z,2023-10-08T10:14:00Z,0.3,18.0,1,2023,Under 30 min
869,2023-10-08T13:30:00Z,2023-10-08T13:56:00Z,0.4333333333333333,25.999999999999996,1,2023,Under 30 min
870,2023-10-08T14:24:00Z,2023-10-08T14:31:00Z,0.1166666666666666,6.999999999999996,1,2023,Under 30 min
871,2023-10-08T14:40:00Z,2023-10-08T14:51:00Z,0.1833333333333333,10.999999999999998,1,2023,Under 30 min
872,2023-10-08T17:53:00Z,2023-10-08T18:06:00Z,0.21666666666666662,12.999999999999996,2,2023,Under 30 min
873,2023-10-08T23:44:00Z,2023-10-08T23:56:00Z,0.2,12.0,1,2023,Under 30 min
874,2023-10-09T00:05:00Z,2023-10-09T00:18:00Z,0.2166666666666666,12.999999999999995,1,2023,Under 30 min
875,2023-10-12T04:56:00Z,2023-10-12T05:10:00Z,0.2333333333333333,13.999999999999998,1,2023,Under 30 min
876,2023-10-12T05:21:00Z,2023-10-12T05:32:00Z,0.1833333333333333,10.999999999999998,1,2023,Under 30 min
877,2023-10-12T06:32:00Z,2023-10-12T06:43:00Z,0.1833333333333333,10.999999999999998,1,2023,Under 30 min
878,2023-10-17T01:14:00Z,2023-10-17T01:56:00Z,0.7,42.0,1,2023,30-59 min
879,2023-10-17T03:33:00Z,2023-10-17T03:56:00Z,0.3833333333333333,23.0,1,2023,Under 30 min
880,2023-10-17T06:14:00Z,2023-10-17T06:31:00Z,0.2833333333333333,17.0,1,2023,Under 30 min
881,2023-10-17T13:29:00Z,2023-10-17T13:36:00Z,0.1166666666666666,6.999999999999996,1,2023,Under 30 min
882,2023-10-17T13:46:00Z,2023-10-17T13:56:00Z,0.1666666666666666,9.999999999999996,1,2023,Under 30 min
883,2023-10-17T15:14:00Z,2023-10-17T15:24:00Z,0.1666666666666666,9.999999999999996,1,2023,Under 30 min
884,2023-10-17T21:39:00Z,2023-10-17T21:56:00Z,0.2833333333333333,17.0,1,2023,Under 30 min
885,2023-10-18T05:54:00Z,2023-10-18T06:44:00Z,0.8333333333333334,50.0,2,2023,30-59 min
886,2023-10-18T07:25:00Z,2023-10-18T07:35:00Z,0.1666666666666666,9.999999999999996,1,2023,Under 30 min
887,2023-10-18T09:13:00Z,2023-10-18T09:20:00Z,0.1166666666666666,6.999999999999996,1,2023,Under 30 min
888,2023-10-18T11:47:00Z,2023-10-18T11:56:00Z,0.15,9.0,1,2023,Under 30 min
889,2023-10-18T20:39:00Z,2023-10-18T20:56:00Z,0.2833333333333333,17.0,1,2023,Under 30 min
890,2023-10-18T22:04:00Z,2023-10-18T22:19:00Z,0.25,15.0,1,2023,Under 30 min
891,2023-10-18T23:06:00Z,2023-10-18T23:29:00Z,0.3833333333333333,23.0,1,2023,Under 30 min
892,2023-10-18T23:56:00Z,2023-10-19T00:06:00Z,0.1666666666666666,9.999999999999996,1,2023,Under 30 min
893,2023-10-19T19:07:00Z,2023-10-19T19:42:00Z,0.5833333333333334,35.0,1,2023,30-59 min
894,2023-10-20T03:56:00Z,2023-10-20T04:07:00Z,0.1833333333333333,10.999999999999998,1,2023,Under 30 min
895,2023-10-20T05:56:00Z,2023-10-20T06:03:00Z,0.1166666666666666,6.999999999999996,1,2023,Under 30 min
896,2023-10-20T10:56:00Z,2023-10-20T11:32:00Z,0.6,36.0,1,2023,30-59 min
897,2023-10-20T12:42:00Z,2023-10-20T12:56:00Z,0.2333333333333333,13.999999999999998,1,2023,Under 30 min
898,2023-10-20T13:24:00Z,2023-10-20T13:36:00Z,0.2,12.0,1,2023,Under 30 min
899,2023-10-20T13:48:00Z,2023-10-20T14:04:00Z,0.2666666666666666,15.999999999999996,2,2023,Under 30 min
900,2023-10-20T14:16:00Z,2023-10-20T14:25:00Z,0.15,9.0,1,2023,Under 30 min
901,2023-10-31T12:56:00Z,2023-10-31T13:02:00Z,0.1,6.0,1,2023,Under 30 min
902,2023-11-03T05:44:00Z,2023-11-03T06:08:00Z,0.4,24.0,2,2023,Under 30 min
903,2023-11-03T06:52:00Z,2023-11-03T07:38:00Z,0.7666666666666666,46.0,3,2023,30-59 min
904,2023-11-05T09:33:00Z,2023-11-05T09:56:00Z,0.3833333333333333,23.0,1,2023,Under 30 min
905,2023-11-05T10:14:00Z,2023-11-05T10:34:00Z,0.3333333333333333,20.0,1,2023,Under 30 min
906,2023-11-05T14:39:00Z,2023-11-05T15:03:00Z,0.3999999999999999,23.999999999999993,2,2023,Under 30 min
907,2023-11-05T15:13:00Z,2023-11-05T15:33:00Z,0.3333333333333333,20.0,1,2023,Under 30 min
908,2023-11-05T17:56:00Z,2023-11-05T18:51:00Z,0.9166666666666666,55.0,1,2023,30-59 min
909,2023-11-05T18:56:00Z,2023-11-05T19:11:00Z,0.25,15.0,1,2023,Under 30 min
910,2023-11-05T20:06:00Z,2023-11-05T20:10:00Z,0.0666666666666666,3.9999999999999956,1,2023,Under 30 min
911,2023-12-12T08:06:00Z,2023-12-12T09:56:00Z,1.8333333333333335,110.00000000000001,2,2023,1-2 hours
912,2023-12-12T19:18:00Z,2023-12-12T19:35:00Z,0.2833333333333333,17.0,1,2023,Under 30 min
913,2023-12-12T19:47:00Z,2023-12-12T19:52:00Z,0.0833333333333333,4.999999999999998,1,2023,Under 30 min
914,2023-12-12T20:14:00Z,2023-12-12T20:25:00Z,0.1833333333333333,10.999999999999998,1,2023,Under 30 min
915,2023-12-13T01:45:00Z,2023-12-13T02:27:00Z,0.7,42.0,2,2023,30-59 min
916,2023-12-21T13:56:00Z,2023-12-21T14:26:00Z,0.5,30.0,1,2023,30-59 min
917,2023-12-21T22:31:00Z,2023-12-21T22:56:00Z,0.4166666666666667,25.0,1,2023,Under 30 min
918,2023-12-22T01:20:00Z,2023-12-22T01:33:00Z,0.2166666666666666,12.999999999999995,1,2023,Under 30 min
919,2024-01-05T10:56:00Z,2024-01-05T11:03:00Z,0.1166666666666666,6.999999999999996,1,2024,Under 30 min
920,2024-01-15T11:39:00Z,2024-01-15T11:47:00Z,0.1333333333333333,7.999999999999998,1,2024,Under 30 min
921,2024-01-16T00:41:00Z,2024-01-16T00:54:00Z,0.2166666666666666,12.999999999999995,1,2024,Under 30 min
922,2024-01-16T09:49:00Z,2024-01-16T09:56:00Z,0.1166666666666666,6.999999999999996,1,2024,Under 30 min
923,2024-01-16T11:24:00Z,2024-01-16T11:56:00Z,0.5333333333333333,32.0,1,2024,30-59 min
924,2024-01-28T16:11:00Z,2024-01-28T16:40:00Z,0.4833333333333333,28.999999999999996,1,2024,Under 30 min
925,2024-02-29T17:17:00Z,2024-02-29T17:27:00Z,0.1666666666666666,9.999999999999996,1,2024,Under 30 min
926,2024-03-01T23:05:00Z,2024-03-01T23:17:00Z,0.2,12.0,1,2024,Under 30 min
927,2024-03-17T02:04:00Z,2024-03-17T02:26:00Z,0.3666666666666666,21.999999999999996,1,2024,Under 30 min
928,2024-03-17T04:53:00Z,2024-03-17T04:56:00Z,0.05,3.0,1,2024,Under 30 min
929,2024-04-02T16:36:00Z,2024-04-02T16:56:00Z,0.3333333333333333,20.0,1,2024,Under 30 min
930,2024-04-10T13:14:00Z,2024-04-10T13:56:00Z,0.7,42.0,1,2024,30-59 min
931,2024-04-20T13:35:00Z,2024-04-20T13:42:00Z,0.1166666666666666,6.999999999999996,1,2024,Under 30 min
932,2024-04-20T13:54:00Z,2024-04-20T13:56:00Z,0.0333333333333333,1.9999999999999978,1,2024,Under 30 min
933,2024-05-12T01:30:00Z,2024-05-12T01:56:00Z,0.4333333333333333,25.999999999999996,1,2024,Under 30 min
934,2024-05-12T05:56:00Z,2024-05-12T06:06:00Z,0.1666666666666666,9.999999999999996,1,2024,Under 30 min
935,2024-05-14T14:56:00Z,2024-05-14T15:46:00Z,0.8333333333333334,50.0,1,2024,30-59 min
936,2024-05-14T16:23:00Z,2024-05-14T16:30:00Z,0.1166666666666666,6.999999999999996,1,2024,Under 30 min
937,2024-05-16T15:35:00Z,2024-05-16T15:56:00Z,0.35,21.0,1,2024,Under 30 min
938,2024-05-17T10:33:00Z,2024-05-17T10:45:00Z,0.2,12.0,1,2024,Under 30 min
939,2024-05-17T13:47:00Z,2024-05-17T13:56:00Z,0.15,9.0,1,2024,Under 30 min
940,2024-05-22T06:46:00Z,2024-05-22T07:39:00Z,0.8833333333333333,53.0,2,2024,30-59 min
941,2024-05-22T09:56:00Z,2024-05-22T10:03:00Z,0.1166666666666666,6.999999999999996,1,2024,Under 30 min
942,2024-05-22T11:56:00Z,2024-05-22T12:56:00Z,1.0,60.0,1,2024,1-2 hours
943,2024-05-25T04:27:00Z,2024-05-25T04:56:00Z,0.4833333333333333,28.999999999999996,1,2024,Under 30 min
944,2024-06-05T06:24:00Z,2024-06-05T06:51:00Z,0.45,27.0,1,2024,Under 30 min
945,2024-06-05T16:30:00Z,2024-06-05T16:56:00Z,0.4333333333333333,25.999999999999996,1,2024,Under 30 min
946,2024-06-06T13:44:00Z,2024-06-06T14:05:00Z,0.35,21.0,2,2024,Under 30 min
947,2024-06-06T14:49:00Z,2024-06-06T14:56:00Z,0.1166666666666666,6.999999999999996,1,2024,Under 30 min
948,2024-06-07T09:39:00Z,2024-06-07T09:53:00Z,0.2333333333333333,13.999999999999998,1,2024,Under 30 min
949,2024-06-10T15:06:00Z,2024-06-10T15:25:00Z,0.3166666666666666,18.999999999999996,1,2024,Under 30 min
950,2024-06-14T13:37:00Z,2024-06-14T13:48:00Z,0.1833333333333333,10.999999999999998,1,2024,Under 30 min
951,2024-06-18T09:52:00Z,2024-06-18T09:56:00Z,0.0666666666666666,3.9999999999999956,1,2024,Under 30 min
952,2024-06-23T04:12:00Z,2024-06-23T04:54:00Z,0.7,42.0,1,2024,30-59 min
953,2024-06-23T06:31:00Z,2024-06-23T06:56:00Z,0.4166666666666667,25.0,1,2024,Under 30 min
954,2024-06-23T07:56:00Z,2024-06-23T08:06:00Z,0.1666666666666666,9.999999999999996,1,2024,Under 30 min
955,2024-06-23T09:44:00Z,2024-06-23T10:18:00Z,0.5666666666666667,34.0,2,2024,30-59 min
956,2024-06-23T10:42:00Z,2024-06-23T11:04:00Z,0.3666666666666666,21.999999999999996,2,2024,Under 30 min
957,2024-06-23T13:13:00Z,2024-06-23T13:34:00Z,0.35,21.0,1,2024,Under 30 min
958,2024-06-26T00:51:00Z,2024-06-26T00:56:00Z,0.0833333333333333,4.999999999999998,1,2024,Under 30 min
959,2024-06-26T01:25:00Z,2024-06-26T01:51:00Z,0.4333333333333333,25.999999999999996,1,2024,Under 30 min
960,2024-06-27T13:22:00Z,2024-06-27T13:31:00Z,0.15,9.0,1,2024,Under 30 min
961,2024-06-27T14:31:00Z,2024-06-27T14:35:00Z,0.0666666666666666,3.9999999999999956,1,2024,Under 30 min
962,2024-06-27T14:41:00Z,2024-06-27T14:50:00Z,0.15,9.0,1,2024,Under 30 min
963,2024-06-28T14:18:00Z,2024-06-28T14:56:00Z,0.6333333333333333,38.0,1,2024,30-59 min
964,2024-06-28T17:17:00Z,2024-06-28T17:32:00Z,0.25,15.0,1,2024,Under 30 min
965,2024-06-30T05:32:00Z,2024-06-30T05:56:00Z,0.4,24.0,1,2024,Under 30 min
966,2024-06-30T19:26:00Z,2024-06-30T19:29:00Z,0.05,3.0,1,2024,Under 30 min
967,2024-06-30T20:34:00Z,2024-06-30T20:43:00Z,0.15,9.0,1,2024,Under 30 min
968,2024-06-30T21:02:00Z,2024-06-30T21:20:00Z,0.3,18.0,1,2024,Under 30 min
969,2024-06-30T21:56:00Z,2024-06-30T22:22:00Z,0.4333333333333333,25.999999999999996,1,2024,Under 30 min
970,2024-07-01T00:06:00Z,2024-07-01T00:19:00Z,0.2166666666666666,12.999999999999995,1,2024,Under 30 min
971,2024-07-01T00:56:00Z,2024-07-01T01:15:00Z,0.3166666666666666,18.999999999999996,1,2024,Under 30 min
972,2024-07-01T05:35:00Z,2024-07-01T05:56:00Z,0.35,21.0,1,2024,Under 30 min
973,2024-07-01T07:22:00Z,2024-07-01T07:39:00Z,0.2833333333333333,17.0,1,2024,Under 30 min
974,2024-07-01T07:53:00Z,2024-07-01T08:20:00Z,0.45,27.0,2,2024,Under 30 min
975,2024-07-01T11:24:00Z,2024-07-01T11:56:00Z,0.5333333333333333,32.0,1,2024,30-59 min
976,2024-07-08T13:39:00Z,2024-07-08T13:56:00Z,0.2833333333333333,17.0,1,2024,Under 30 min
977,2024-07-08T14:46:00Z,2024-07-08T14:56:00Z,0.1666666666666666,9.999999999999996,1,2024,Under 30 min
978,2024-07-10T02:37:00Z,2024-07-10T04:04:00Z,1.45,87.0,3,2024,1-2 hours
979,2024-07-10T04:22:00Z,2024-07-10T04:41:00Z,0.3166666666666666,18.999999999999996,1,2024,Under 30 min
980,2024-07-10T04:56:00Z,2024-07-10T05:56:00Z,1.0,60.0,1,2024,1-2 hours
981,2024-07-10T09:56:00Z,2024-07-10T11:39:00Z,1.7166666666666668,103.0,2,2024,1-2 hours
982,2024-07-10T11:56:00Z,2024-07-10T13:05:00Z,1.15,69.0,2,2024,1-2 hours
983,2024-07-10T13:56:00Z,2024-07-10T14:54:00Z,0.9666666666666668,58.00000000000001,1,2024,30-59 min
984,2024-07-10T15:12:00Z,2024-07-10T15:56:00Z,0.7333333333333333,44.0,1,2024,30-59 min
985,2024-07-11T13:56:00Z,2024-07-11T14:39:00Z,0.7166666666666667,43.0,1,2024,30-59 min
986,2024-07-11T14:46:00Z,2024-07-11T15:12:00Z,0.43333333333333324,25.999999999999993,2,2024,Under 30 min
987,2024-07-11T15:45:00Z,2024-07-11T15:53:00Z,0.1333333333333333,7.999999999999998,1,2024,Under 30 min
988,2024-07-11T16:11:00Z,2024-07-11T16:32:00Z,0.35,21.0,1,2024,Under 30 min
989,2024-07-13T10:56:00Z,2024-07-13T11:10:00Z,0.2333333333333333,13.999999999999998,1,2024,Under 30 min
990,2024-07-13T11:47:00Z,2024-07-13T12:03:00Z,0.2666666666666666,15.999999999999996,2,2024,Under 30 min
991,2024-07-13T12:56:00Z,2024-07-13T13:07:00Z,0.1833333333333333,10.999999999999998,1,2024,Under 30 min
992,2024-07-13T15:56:00Z,2024-07-13T16:08:00Z,0.2,12.0,1,2024,Under 30 min
993,2024-07-14T03:25:00Z,2024-07-14T03:48:00Z,0.3833333333333333,23.0,1,2024,Under 30 min
994,2024-07-14T03:56:00Z,2024-07-14T04:10:00Z,0.2333333333333333,13.999999999999998,1,2024,Under 30 min
995,2024-07-15T03:44:00Z,2024-07-15T03:56:00Z,0.2,12.0,1,2024,Under 30 min
996,2024-07-15T08:35:00Z,2024-07-15T08:51:00Z,0.2666666666666666,15.999999999999996,1,2024,Under 30 min
997,2024-07-15T09:56:00Z,2024-07-15T10:04:00Z,0.1333333333333333,7.999999999999998,1,2024,Under 30 min
998,2024-07-15T15:56:00Z,2024-07-15T16:06:00Z,0.1666666666666666,9.999999999999996,1,2024,Under 30 min
999,2024-07-18T07:42:00Z,2024-07-18T08:56:00Z,1.2333333333333334,74.0,2,2024,1-2 hours
1000,2024-07-19T06:54:00Z,2024-07-19T07:56:00Z,1.0333333333333332,61.99999999999999,2,2024,1-2 hours
1001,2024-07-19T08:56:00Z,2024-07-19T09:25:00Z,0.4833333333333333,28.999999999999996,1,2024,Under 30 min
1002,2024-07-19T10:56:00Z,2024-07-19T11:56:00Z,1.0,60.0,1,2024,1-2 hours
1003,2024-07-19T15:44:00Z,2024-07-19T15:51:00Z,0.1166666666666666,6.999999999999996,1,2024,Under 30 min
1004,2024-07-20T04:04:00Z,2024-07-20T05:20:00Z,1.2666666666666666,76.0,2,2024,1-2 hours
1005,2024-07-21T02:23:00Z,2024-07-21T02:49:00Z,0.4333333333333333,25.999999999999996,1,2024,Under 30 min
1006,2024-07-30T10:56:00Z,2024-07-30T11:34:00Z,0.6333333333333333,38.0,2,2024,30-59 min
1007,2024-07-30T14:56:00Z,2024-07-30T15:30:00Z,0.5666666666666667,34.0,1,2024,30-59 min
1008,2024-07-30T15:53:00Z,2024-07-30T16:06:00Z,0.21666666666666662,12.999999999999996,2,2024,Under 30 min
1009,2024-07-30T16:23:00Z,2024-07-30T16:34:00Z,0.1833333333333333,10.999999999999998,1,2024,Under 30 min
1010,2024-07-31T02:56:00Z,2024-07-31T03:08:00Z,0.2,12.0,1,2024,Under 30 min
1011,2024-07-31T03:24:00Z,2024-07-31T03:56:00Z,0.5333333333333333,32.0,1,2024,30-59 min
1012,2024-07-31T05:43:00Z,2024-07-31T06:30:00Z,0.7833333333333332,46.99999999999999,2,2024,30-59 min
1013,2024-07-31T08:10:00Z,2024-07-31T08:23:00Z,0.2166666666666666,12.999999999999995,1,2024,Under 30 min
1014,2024-07-31T13:19:00Z,2024-07-31T13:56:00Z,0.6166666666666667,37.0,1,2024,30-59 min
1015,2024-08-01T02:27:00Z,2024-08-01T03:37:00Z,1.1666666666666665,69.99999999999999,2,2024,1-2 hours
1016,2024-08-01T16:23:00Z,2024-08-01T16:34:00Z,0.1833333333333333,10.999999999999998,1,2024,Under 30 min
1017,2024-08-01T16:42:00Z,2024-08-01T16:52:00Z,0.1666666666666666,9.999999999999996,1,2024,Under 30 min
1018,2024-08-02T07:56:00Z,2024-08-02T08:07:00Z,0.1833333333333333,10.999999999999998,1,2024,Under 30 min
1019,2024-08-02T08:32:00Z,2024-08-02T08:39:00Z,0.1166666666666666,6.999999999999996,1,2024,Under 30 min
1020,2024-08-02T10:20:00Z,2024-08-02T10:42:00Z,0.3666666666666666,21.999999999999996,1,2024,Under 30 min
1021,2024-08-02T10:51:00Z,2024-08-02T11:30:00Z,0.6499999999999999,38.99999999999999,2,2024,30-59 min
1022,2024-08-02T12:47:00Z,2024-08-02T13:14:00Z,0.44999999999999996,26.999999999999996,2,2024,Under 30 min
1023,2024-08-02T14:54:00Z,2024-08-02T15:04:00Z,0.1666666666666666,9.999999999999996,2,2024,Under 30 min
1024,2024-08-02T15:27:00Z,2024-08-02T15:34:00Z,0.1166666666666666,6.999999999999996,1,2024,Under 30 min
1025,2024-08-02T19:20:00Z,2024-08-02T19:25:00Z,0.0833333333333333,4.999999999999998,1,2024,Under 30 min
1026,2024-08-03T14:05:00Z,2024-08-03T14:20:00Z,0.25,15.0,1,2024,Under 30 min
1027,2024-08-03T14:53:00Z,2024-08-03T15:47:00Z,0.9,54.0,2,2024,30-59 min
1028,2024-08-07T13:45:00Z,2024-08-07T13:56:00Z,0.1833333333333333,10.999999999999998,1,2024,Under 30 min
1029,2024-08-08T10:54:00Z,2024-08-08T11:33:00Z,0.65,39.0,2,2024,30-59 min
1030,2024-08-08T16:17:00Z,2024-08-08T16:56:00Z,0.65,39.0,1,2024,30-59 min
1031,2024-08-14T10:38:00Z,2024-08-14T10:56:00Z,0.3,18.0,1,2024,Under 30 min
1032,2024-08-14T13:52:00Z,2024-08-14T13:56:00Z,0.0666666666666666,3.9999999999999956,1,2024,Under 30 min
1033,2024-08-15T14:04:00Z,2024-08-15T14:35:00Z,0.5166666666666667,31.000000000000004,1,2024,30-59 min
1034,2024-08-17T03:38:00Z,2024-08-17T03:49:00Z,0.1833333333333333,10.999999999999998,1,2024,Under 30 min
1035,2024-08-20T07:25:00Z,2024-08-20T07:56:00Z,0.5166666666666667,31.000000000000004,1,2024,30-59 min
1036,2024-08-26T16:17:00Z,2024-08-26T16:46:00Z,0.4833333333333333,28.999999999999996,1,2024,Under 30 min
1037,2024-08-26T23:15:00Z,2024-08-26T23:33:00Z,0.3,18.0,1,2024,Under 30 min
1038,2024-08-27T12:47:00Z,2024-08-27T13:56:00Z,1.15,69.0,2,2024,1-2 hours
1039,2024-08-27T14:09:00Z,2024-08-27T14:24:00Z,0.25,15.0,1,2024,Under 30 min
1040,2024-08-31T02:39:00Z,2024-08-31T02:56:00Z,0.2833333333333333,17.0,1,2024,Under 30 min
1041,2024-08-31T06:48:00Z,2024-08-31T07:11:00Z,0.3833333333333333,23.0,2,2024,Under 30 min
1042,2024-08-31T08:27:00Z,2024-08-31T08:38:00Z,0.1833333333333333,10.999999999999998,1,2024,Under 30 min
1043,2024-08-31T09:44:00Z,2024-08-31T09:53:00Z,0.15,9.0,1,2024,Under 30 min
1044,2024-08-31T10:02:00Z,2024-08-31T10:36:00Z,0.5666666666666667,34.0,1,2024,30-59 min
1045,2024-08-31T11:06:00Z,2024-08-31T11:17:00Z,0.1833333333333333,10.999999999999998,1,2024,Under 30 min
1046,2024-08-31T11:56:00Z,2024-08-31T12:06:00Z,0.1666666666666666,9.999999999999996,1,2024,Under 30 min
1047,2024-08-31T12:53:00Z,2024-08-31T13:04:00Z,0.1833333333333333,10.999999999999998,2,2024,Under 30 min
1048,2024-09-05T09:54:00Z,2024-09-05T10:56:00Z,1.0333333333333332,61.99999999999999,2,2024,1-2 hours
1049,2024-09-05T23:32:00Z,2024-09-05T23:56:00Z,0.4,24.0,1,2024,Under 30 min
1050,2024-09-06T01:56:00Z,2024-09-06T02:56:00Z,1.0,60.0,1,2024,1-2 hours
1051,2024-09-06T03:56:00Z,2024-09-06T04:56:00Z,1.0,60.0,1,2024,1-2 hours
1052,2024-09-06T12:23:00Z,2024-09-06T12:53:00Z,0.5,30.0,1,2024,30-59 min
1053,2024-09-06T16:15:00Z,2024-09-06T16:24:00Z,0.15,9.0,1,2024,Under 30 min
1054,2024-09-06T22:56:00Z,2024-09-06T23:02:00Z,0.1,6.0,1,2024,Under 30 min
1055,2024-09-06T23:23:00Z,2024-09-06T23:32:00Z,0.15,9.0,1,2024,Under 30 min
1056,2024-09-06T23:52:00Z,2024-09-06T23:56:00Z,0.0666666666666666,3.9999999999999956,1,2024,Under 30 min
1057,2024-09-07T03:46:00Z,2024-09-07T04:07:00Z,0.34999999999999987,20.999999999999993,2,2024,Under 30 min
1058,2024-09-07T04:56:00Z,2024-09-07T05:56:00Z,1.0,60.0,1,2024,1-2 hours
1059,2024-09-07T07:56:00Z,2024-09-07T08:03:00Z,0.1166666666666666,6.999999999999996,1,2024,Under 30 min
1060,2024-09-07T08:24:00Z,2024-09-07T11:42:00Z,3.3,198.0,4,2024,2+ hours
1061,2024-09-07T13:32:00Z,2024-09-07T14:04:00Z,0.5333333333333333,32.0,2,2024,30-59 min
1062,2024-09-07T14:56:00Z,2024-09-07T15:49:00Z,0.8833333333333333,53.0,1,2024,30-59 min
1063,2024-09-08T01:48:00Z,2024-09-08T01:56:00Z,0.1333333333333333,7.999999999999998,1,2024,Under 30 min
1064,2024-09-08T09:56:00Z,2024-09-08T10:56:00Z,1.0,60.0,1,2024,1-2 hours
1065,2024-09-08T14:49:00Z,2024-09-08T14:56:00Z,0.1166666666666666,6.999999999999996,1,2024,Under 30 min
1066,2024-09-08T15:46:00Z,2024-09-08T15:56:00Z,0.1666666666666666,9.999999999999996,1,2024,Under 30 min
1067,2024-09-08T16:56:00Z,2024-09-08T17:22:00Z,0.4333333333333333,25.999999999999996,1,2024,Under 30 min
1068,2024-09-09T02:56:00Z,2024-09-09T03:13:00Z,0.2833333333333333,17.0,1,2024,Under 30 min
1069,2024-09-09T03:19:00Z,2024-09-09T04:07:00Z,0.8,48.0,2,2024,30-59 min
1070,2024-09-09T06:56:00Z,2024-09-09T07:56:00Z,1.0,60.0,1,2024,1-2 hours
1071,2024-09-10T02:12:00Z,2024-09-10T02:53:00Z,0.6833333333333333,41.0,1,2024,30-59 min
1072,2024-09-10T02:56:00Z,2024-09-10T03:56:00Z,1.0,60.0,1,2024,1-2 hours
1073,2024-09-10T04:07:00Z,2024-09-10T04:30:00Z,0.3833333333333333,23.0,1,2024,Under 30 min
1074,2024-09-10T04:46:00Z,2024-09-10T05:05:00Z,0.3166666666666666,18.999999999999996,2,2024,Under 30 min
1075,2024-09-10T05:56:00Z,2024-09-10T06:41:00Z,0.75,45.0,1,2024,30-59 min
1076,2024-09-10T07:15:00Z,2024-09-10T07:56:00Z,0.6833333333333333,41.0,1,2024,30-59 min
1077,2024-09-10T09:30:00Z,2024-09-10T10:27:00Z,0.95,57.0,2,2024,30-59 min
1078,2024-09-10T10:37:00Z,2024-09-10T10:56:00Z,0.3166666666666666,18.999999999999996,1,2024,Under 30 min
1079,2024-09-10T11:45:00Z,2024-09-10T12:16:00Z,0.5166666666666666,30.999999999999996,2,2024,30-59 min
1080,2024-09-10T13:22:00Z,2024-09-10T13:48:00Z,0.4333333333333333,25.999999999999996,1,2024,Under 30 min
1081,2024-09-12T04:04:00Z,2024-09-12T04:25:00Z,0.35,21.0,1,2024,Under 30 min
1082,2024-09-12T05:06:00Z,2024-09-12T05:34:00Z,0.4666666666666666,27.999999999999996,2,2024,Under 30 min
1083,2024-09-12T09:54:00Z,2024-09-12T09:56:00Z,0.0333333333333333,1.9999999999999978,1,2024,Under 30 min
1084,2024-09-12T11:22:00Z,2024-09-12T11:32:00Z,0.1666666666666666,9.999999999999996,1,2024,Under 30 min
1085,2024-09-12T14:31:00Z,2024-09-12T14:39:00Z,0.1333333333333333,7.999999999999998,1,2024,Under 30 min
1086,2024-09-12T14:56:00Z,2024-09-12T15:10:00Z,0.2333333333333333,13.999999999999998,1,2024,Under 30 min
1087,2024-09-18T16:51:00Z,2024-09-18T16:56:00Z,0.0833333333333333,4.999999999999998,1,2024,Under 30 min
1088,2024-09-19T07:15:00Z,2024-09-19T07:56:00Z,0.6833333333333333,41.0,1,2024,30-59 min
1089,2024-09-19T11:56:00Z,2024-09-19T12:24:00Z,0.4666666666666667,28.0,1,2024,Under 30 min
1090,2024-09-19T17:38:00Z,2024-09-19T17:56:00Z,0.3,18.0,1,2024,Under 30 min
1091,2024-09-20T00:44:00Z,2024-09-20T00:56:00Z,0.2,12.0,1,2024,Under 30 min
1092,2024-09-20T09:31:00Z,2024-09-20T09:56:00Z,0.4166666666666667,25.0,1,2024,Under 30 min
1093,2024-09-20T14:56:00Z,2024-09-20T15:13:00Z,0.2833333333333333,17.0,1,2024,Under 30 min
1094,2024-09-22T11:42:00Z,2024-09-22T11:56:00Z,0.2333333333333333,13.999999999999998,1,2024,Under 30 min
1095,2024-09-22T12:58:00Z,2024-09-22T13:11:00Z,0.2166666666666666,12.999999999999995,1,2024,Under 30 min
1096,2024-09-24T15:10:00Z,2024-09-24T15:38:00Z,0.46666666666666656,27.999999999999993,2,2024,Under 30 min
1097,2024-09-25T08:24:00Z,2024-09-25T09:20:00Z,0.9333333333333333,56.0,2,2024,30-59 min
1098,2024-09-25T09:56:00Z,2024-09-25T11:11:00Z,1.25,75.0,2,2024,1-2 hours
1099,2024-09-25T12:21:00Z,2024-09-25T13:21:00Z,1.0,60.0,2,2024,1-2 hours
1100,2024-09-25T16:13:00Z,2024-09-25T16:26:00Z,0.2166666666666666,12.999999999999995,1,2024,Under 30 min
1101,2024-09-25T16:33:00Z,2024-09-25T16:56:00Z,0.3833333333333333,23.0,1,2024,Under 30 min
1102,2024-09-25T17:56:00Z,2024-09-25T18:03:00Z,0.1166666666666666,6.999999999999996,1,2024,Under 30 min
1103,2024-09-26T04:17:00Z,2024-09-26T04:56:00Z,0.65,39.0,1,2024,30-59 min
1104,2024-09-26T06:12:00Z,2024-09-26T06:56:00Z,0.7333333333333333,44.0,1,2024,30-59 min
1105,2024-09-26T16:27:00Z,2024-09-26T16:34:00Z,0.1166666666666666,6.999999999999996,1,2024,Under 30 min
1106,2024-09-26T18:13:00Z,2024-09-26T18:20:00Z,0.1166666666666666,6.999999999999996,1,2024,Under 30 min
1107,2024-09-26T18:56:00Z,2024-09-26T19:04:00Z,0.1333333333333333,7.999999999999998,1,2024,Under 30 min
1108,2024-09-28T15:56:00Z,2024-09-28T16:07:00Z,0.1833333333333333,10.999999999999998,1,2024,Under 30 min
1109,2024-09-28T16:15:00Z,2024-09-28T16:22:00Z,0.1166666666666666,6.999999999999996,1,2024,Under 30 min
1110,2024-09-29T15:29:00Z,2024-09-29T15:50:00Z,0.35,21.0,1,2024,Under 30 min
1111,2024-10-02T10:24:00Z,2024-10-02T10:37:00Z,0.2166666666666666,12.999999999999995,1,2024,Under 30 min
1112,2024-10-02T13:52:00Z,2024-10-02T13:56:00Z,0.0666666666666666,3.9999999999999956,1,2024,Under 30 min
1113,2024-10-02T14:47:00Z,2024-10-02T14:56:00Z,0.15,9.0,1,2024,Under 30 min
1114,2024-10-03T10:12:00Z,2024-10-03T10:52:00Z,0.6666666666666666,40.0,1,2024,30-59 min
1115,2024-10-03T12:33:00Z,2024-10-03T12:53:00Z,0.3333333333333333,20.0,1,2024,Under 30 min
1116,2024-10-04T14:28:00Z,2024-10-04T14:56:00Z,0.4666666666666667,28.0,1,2024,Under 30 min
1117,2024-10-08T00:43:00Z,2024-10-08T00:56:00Z,0.2166666666666666,12.999999999999995,1,2024,Under 30 min
1118,2024-10-08T02:56:00Z,2024-10-08T03:06:00Z,0.1666666666666666,9.999999999999996,1,2024,Under 30 min
1119,2024-10-08T09:32:00Z,2024-10-08T09:56:00Z,0.4,24.0,1,2024,Under 30 min
1120,2024-10-08T11:06:00Z,2024-10-08T11:14:00Z,0.1333333333333333,7.999999999999998,1,2024,Under 30 min
1121,2024-10-09T00:37:00Z,2024-10-09T00:51:00Z,0.2333333333333333,13.999999999999998,1,2024,Under 30 min
1122,2024-10-09T07:56:00Z,2024-10-09T09:23:00Z,1.45,87.0,2,2024,1-2 hours
1123,2024-10-09T13:09:00Z,2024-10-09T13:31:00Z,0.3666666666666666,21.999999999999996,1,2024,Under 30 min
1124,2024-10-09T18:15:00Z,2024-10-09T18:26:00Z,0.1833333333333333,10.999999999999998,1,2024,Under 30 min
1125,2024-10-09T19:16:00Z,2024-10-09T19:28:00Z,0.2,12.0,1,2024,Under 30 min
1126,2024-10-10T11:33:00Z,2024-10-10T11:45:00Z,0.2,12.0,1,2024,Under 30 min
1127,2024-10-10T11:56:00Z,2024-10-10T12:22:00Z,0.4333333333333332,25.99999999999999,2,2024,Under 30 min
1128,2024-10-10T14:02:00Z,2024-10-10T14:24:00Z,0.3666666666666666,21.999999999999996,1,2024,Under 30 min
1129,2024-10-10T17:16:00Z,2024-10-10T17:19:00Z,0.05,3.0,1,2024,Under 30 min
1130,2024-10-10T22:17:00Z,2024-10-10T22:46:00Z,0.4833333333333333,28.999999999999996,1,2024,Under 30 min
1131,2024-10-11T01:20:00Z,2024-10-11T01:32:00Z,0.2,12.0,1,2024,Under 30 min
1132,2024-10-13T05:29:00Z,2024-10-13T06:04:00Z,0.5833333333333333,34.99999999999999,3,2024,30-59 min
1133,2024-10-13T08:03:00Z,2024-10-13T08:15:00Z,0.2,12.0,1,2024,Under 30 min
1134,2024-10-13T09:47:00Z,2024-10-13T09:56:00Z,0.15,9.0,1,2024,Under 30 min
1135,2024-10-13T16:51:00Z,2024-10-13T17:01:00Z,0.1666666666666666,9.999999999999996,2,2024,Under 30 min
1136,2024-10-13T17:15:00Z,2024-10-13T17:25:00Z,0.1666666666666666,9.999999999999996,1,2024,Under 30 min
1137,2024-10-13T22:20:00Z,2024-10-13T22:34:00Z,0.2333333333333333,13.999999999999998,1,2024,Under 30 min
1138,2024-10-14T02:44:00Z,2024-10-14T02:49:00Z,0.0833333333333333,4.999999999999998,1,2024,Under 30 min
1139,2024-10-14T05:56:00Z,2024-10-14T06:38:00Z,0.7,42.0,1,2024,30-59 min
1140,2024-10-14T10:14:00Z,2024-10-14T10:40:00Z,0.4333333333333333,25.999999999999996,1,2024,Under 30 min
1141,2024-10-14T10:56:00Z,2024-10-14T11:56:00Z,1.0,60.0,1,2024,1-2 hours
1142,2024-10-14T17:06:00Z,2024-10-14T17:26:00Z,0.3333333333333333,20.0,1,2024,Under 30 min
1143,2024-10-14T18:16:00Z,2024-10-14T18:27:00Z,0.1833333333333333,10.999999999999998,1,2024,Under 30 min
1144,2024-10-15T02:24:00Z,2024-10-15T02:56:00Z,0.5333333333333333,32.0,1,2024,30-59 min
1145,2024-10-15T06:08:00Z,2024-10-15T06:13:00Z,0.0833333333333333,4.999999999999998,1,2024,Under 30 min
1146,2024-10-15T09:27:00Z,2024-10-15T09:56:00Z,0.48333333333333317,28.99999999999999,2,2024,Under 30 min
1147,2024-10-15T13:33:00Z,2024-10-15T13:56:00Z,0.3833333333333333,23.0,1,2024,Under 30 min
1148,2024-10-16T00:46:00Z,2024-10-16T00:56:00Z,0.1666666666666666,9.999999999999996,1,2024,Under 30 min
1149,2024-10-16T02:40:00Z,2024-10-16T02:47:00Z,0.1166666666666666,6.999999999999996,1,2024,Under 30 min
1150,2024-10-16T11:11:00Z,2024-10-16T11:18:00Z,0.1166666666666666,6.999999999999996,1,2024,Under 30 min
1151,2024-10-22T05:00:00Z,2024-10-22T05:15:00Z,0.25,15.0,1,2024,Under 30 min
1152,2024-10-22T05:52:00Z,2024-10-22T06:07:00Z,0.2499999999999999,14.999999999999993,2,2024,Under 30 min
1153,2024-10-22T08:48:00Z,2024-10-22T08:56:00Z,0.1333333333333333,7.999999999999998,1,2024,Under 30 min
1154,2024-10-22T09:29:00Z,2024-10-22T09:56:00Z,0.45,27.0,1,2024,Under 30 min
1155,2024-10-23T10:01:00Z,2024-10-23T10:56:00Z,0.9166666666666666,55.0,1,2024,30-59 min
1156,2024-10-23T11:10:00Z,2024-10-23T11:17:00Z,0.1166666666666666,6.999999999999996,1,2024,Under 30 min
1157,2024-10-23T12:08:00Z,2024-10-23T12:37:00Z,0.4833333333333333,28.999999999999996,1,2024,Under 30 min
1158,2024-10-27T08:46:00Z,2024-10-27T09:56:00Z,1.1666666666666665,69.99999999999999,2,2024,1-2 hours
1159,2024-10-28T14:32:00Z,2024-10-28T14:41:00Z,0.15,9.0,1,2024,Under 30 min
1160,2024-11-02T06:43:00Z,2024-11-02T06:47:00Z,0.0666666666666666,3.9999999999999956,1,2024,Under 30 min
1161,2024-11-15T07:13:00Z,2024-11-15T07:25:00Z,0.2,12.0,1,2024,Under 30 min
1162,2024-12-03T04:36:00Z,2024-12-03T04:43:00Z,0.1166666666666666,6.999999999999996,1,2024,Under 30 min
1163,2024-12-04T22:05:00Z,2024-12-04T22:56:00Z,0.85,51.0,1,2024,30-59 min
1164,2024-12-05T00:23:00Z,2024-12-05T00:33:00Z,0.1666666666666666,9.999999999999996,1,2024,Under 30 min
1165,2024-12-08T09:08:00Z,2024-12-08T09:19:00Z,0.1833333333333333,10.999999999999998,1,2024,Under 30 min
1166,2024-12-08T14:05:00Z,2024-12-08T14:16:00Z,0.1833333333333333,10.999999999999998,1,2024,Under 30 min
1167,2024-12-08T14:25:00Z,2024-12-08T14:28:00Z,0.05,3.0,1,2024,Under 30 min
1168,2024-12-19T09:15:00Z,2024-12-19T09:22:00Z,0.1166666666666666,6.999999999999996,1,2024,Under 30 min
1169,2024-12-19T09:45:00Z,2024-12-19T09:51:00Z,0.1,6.0,1,2024,Under 30 min
1170,2024-12-19T10:22:00Z,2024-12-19T10:46:00Z,0.4,24.0,1,2024,Under 30 min
1171,2025-01-07T00:02:00Z,2025-01-07T00:07:00Z,0.0833333333333333,4.999999999999998,1,2025,Under 30 min
1172,2025-01-07T02:56:00Z,2025-01-07T03:29:00Z,0.55,33.0,1,2025,30-59 min
1173,2025-01-16T17:12:00Z,2025-01-16T17:24:00Z,0.2,12.0,1,2025,Under 30 min
1174,2025-01-16T17:31:00Z,2025-01-16T17:38:00Z,0.1166666666666666,6.999999999999996,1,2025,Under 30 min
1175,2025-01-24T03:04:00Z,2025-01-24T03:12:00Z,0.1333333333333333,7.999999999999998,1,2025,Under 30 min
1176,2025-02-01T02:10:00Z,2025-02-01T03:08:00Z,0.9666666666666668,58.00000000000001,2,2025,30-59 min
1177,2025-02-01T05:05:00Z,2025-02-01T05:14:00Z,0.15,9.0,1,2025,Under 30 min
1178,2025-02-16T21:56:00Z,2025-02-16T22:56:00Z,1.0,60.0,1,2025,1-2 hours
1179,2025-02-28T06:42:00Z,2025-02-28T06:51:00Z,0.15,9.0,1,2025,Under 30 min
1180,2025-02-28T08:26:00Z,2025-02-28T08:48:00Z,0.3666666666666666,21.999999999999996,1,2025,Under 30 min
1181,2025-02-28T12:58:00Z,2025-02-28T13:20:00Z,0.3666666666666666,21.999999999999996,1,2025,Under 30 min
1182,2025-02-28T15:56:00Z,2025-02-28T16:14:00Z,0.3,18.0,1,2025,Under 30 min
1183,2025-02-28T18:19:00Z,2025-02-28T18:56:00Z,0.6166666666666667,37.0,1,2025,30-59 min
1184,2025-02-28T23:33:00Z,2025-02-28T23:43:00Z,0.1666666666666666,9.999999999999996,1,2025,Under 30 min
1185,2025-03-01T00:43:00Z,2025-03-01T01:54:00Z,1.1833333333333333,71.0,2,2025,1-2 hours
1186,2025-03-01T07:56:00Z,2025-03-01T08:39:00Z,0.7166666666666667,43.0,1,2025,30-59 min
1187,2025-03-23T03:20:00Z,2025-03-23T03:36:00Z,0.2666666666666666,15.999999999999996,1,2025,Under 30 min
1188,2025-03-23T05:56:00Z,2025-03-23T06:00:00Z,0.0666666666666666,3.9999999999999956,1,2025,Under 30 min
1189,2025-03-23T08:01:00Z,2025-03-23T08:56:00Z,0.9166666666666666,55.0,2,2025,30-59 min
1190,2025-03-23T11:44:00Z,2025-03-23T11:56:00Z,0.2,12.0,1,2025,Under 30 min
1191,2025-03-24T03:41:00Z,2025-03-24T03:56:00Z,0.25,15.0,1,2025,Under 30 min
1192,2025-03-24T09:50:00Z,2025-03-24T10:21:00Z,0.5166666666666667,31.000000000000004,2,2025,30-59 min
1193,2025-03-24T12:56:00Z,2025-03-24T13:18:00Z,0.3666666666666666,21.999999999999996,1,2025,Under 30 min
1194,2025-03-24T14:25:00Z,2025-03-24T14:39:00Z,0.2333333333333333,13.999999999999998,1,2025,Under 30 min
1195,2025-03-25T10:31:00Z,2025-03-25T10:56:00Z,0.4166666666666667,25.0,1,2025,Under 30 min
1196,2025-03-25T16:56:00Z,2025-03-25T17:13:00Z,0.2833333333333333,17.0,1,2025,Under 30 min
1197,2025-03-25T17:24:00Z,2025-03-25T17:37:00Z,0.2166666666666666,12.999999999999995,1,2025,Under 30 min
1198,2025-03-25T18:25:00Z,2025-03-25T18:41:00Z,0.2666666666666666,15.999999999999996,1,2025,Under 30 min
1199,2025-04-10T13:14:00Z,2025-04-10T13:38:00Z,0.4,24.0,1,2025,Under 30 min
1200,2025-04-11T08:22:00Z,2025-04-11T08:38:00Z,0.2666666666666666,15.999999999999996,1,2025,Under 30 min
1201,2025-04-15T12:00:00Z,2025-04-15T12:20:00Z,0.3333333333333333,20.0,1,2025,Under 30 min
1202,2025-04-15T15:56:00Z,2025-04-15T16:35:00Z,0.65,39.0,1,2025,30-59 min
1203,2025-04-22T14:00:00Z,2025-04-22T14:07:00Z,0.1166666666666666,6.999999999999996,1,2025,Under 30 min
1204,2025-04-29T12:56:00Z,2025-04-29T13:14:00Z,0.3,18.0,1,2025,Under 30 min
1205,2025-04-29T13:41:00Z,2025-04-29T13:56:00Z,0.25,15.0,1,2025,Under 30 min
1206,2025-05-08T02:49:00Z,2025-05-08T02:56:00Z,0.1166666666666666,6.999999999999996,1,2025,Under 30 min
1207,2025-05-08T03:56:00Z,2025-05-08T04:32:00Z,0.6,36.0,1,2025,30-59 min
1208,2025-05-08T04:45:00Z,2025-05-08T05:19:00Z,0.5666666666666667,34.0,2,2025,30-59 min
1209,2025-05-08T05:35:00Z,2025-05-08T05:56:00Z,0.35,21.0,1,2025,Under 30 min
1210,2025-05-08T11:09:00Z,2025-05-08T11:22:00Z,0.2166666666666666,12.999999999999995,1,2025,Under 30 min
1211,2025-05-08T12:51:00Z,2025-05-08T12:56:00Z,0.0833333333333333,4.999999999999998,1,2025,Under 30 min
1212,2025-05-08T14:38:00Z,2025-05-08T14:42:00Z,0.0666666666666666,3.9999999999999956,1,2025,Under 30 min
1213,2025-05-08T15:27:00Z,2025-05-08T15:50:00Z,0.3833333333333333,23.0,1,2025,Under 30 min
1214,2025-05-08T16:03:00Z,2025-05-08T16:34:00Z,0.5166666666666667,31.000000000000004,1,2025,30-59 min
1215,2025-05-09T11:56:00Z,2025-05-09T12:05:00Z,0.15,9.0,1,2025,Under 30 min
1216,2025-05-09T16:29:00Z,2025-05-09T16:56:00Z,0.45,27.0,1,2025,Under 30 min
1217,2025-05-17T01:56:00Z,2025-05-17T02:56:00Z,1.0,60.0,1,2025,1-2 hours
1218,2025-05-21T12:30:00Z,2025-05-21T12:46:00Z,0.2666666666666666,15.999999999999996,1,2025,Under 30 min
1219,2025-05-21T14:11:00Z,2025-05-21T14:39:00Z,0.4666666666666667,28.0,1,2025,Under 30 min
1220,2025-05-30T18:56:00Z,2025-05-30T19:04:00Z,0.1333333333333333,7.999999999999998,1,2025,Under 30 min
1221,2025-06-06T09:38:00Z,2025-06-06T10:48:00Z,1.1666666666666667,70.0,2,2025,1-2 hours
1222,2025-06-06T11:56:00Z,2025-06-06T13:56:00Z,2.0,120.0,2,2025,2+ hours
1223,2025-06-06T15:34:00Z,2025-06-06T15:48:00Z,0.2333333333333333,13.999999999999998,1,2025,Under 30 min
1224,2025-06-06T15:56:00Z,2025-06-06T16:18:00Z,0.3666666666666666,21.999999999999996,1,2025,Under 30 min
1225,2025-06-07T02:56:00Z,2025-06-07T04:10:00Z,1.2333333333333334,74.0,2,2025,1-2 hours
1226,2025-06-07T04:26:00Z,2025-06-07T05:03:00Z,0.6166666666666666,36.99999999999999,2,2025,30-59 min
1227,2025-06-07T08:08:00Z,2025-06-07T08:36:00Z,0.4666666666666667,28.0,1,2025,Under 30 min
1228,2025-06-07T08:43:00Z,2025-06-07T09:31:00Z,0.7999999999999999,47.99999999999999,2,2025,30-59 min
1229,2025-06-07T09:43:00Z,2025-06-07T10:05:00Z,0.3666666666666666,21.999999999999996,2,2025,Under 30 min
1230,2025-06-07T10:53:00Z,2025-06-07T11:56:00Z,1.05,63.0,2,2025,1-2 hours
1231,2025-06-07T14:34:00Z,2025-06-07T14:41:00Z,0.1166666666666666,6.999999999999996,1,2025,Under 30 min
1232,2025-06-07T14:53:00Z,2025-06-07T14:56:00Z,0.05,3.0,1,2025,Under 30 min
1233,2025-06-07T15:32:00Z,2025-06-07T16:08:00Z,0.6000000000000001,36.00000000000001,2,2025,30-59 min
1234,2025-06-08T02:56:00Z,2025-06-08T03:13:00Z,0.2833333333333333,17.0,1,2025,Under 30 min
1235,2025-06-08T03:20:00Z,2025-06-08T03:25:00Z,0.0833333333333333,4.999999999999998,1,2025,Under 30 min
1236,2025-06-08T04:41:00Z,2025-06-08T04:56:00Z,0.25,15.0,1,2025,Under 30 min
1237,2025-06-08T08:22:00Z,2025-06-08T08:56:00Z,0.5666666666666667,34.0,1,2025,30-59 min
1238,2025-06-08T09:14:00Z,2025-06-08T09:56:00Z,0.7,42.0,1,2025,30-59 min
1239,2025-06-08T10:56:00Z,2025-06-08T11:04:00Z,0.1333333333333333,7.999999999999998,1,2025,Under 30 min
1240,2025-06-08T11:24:00Z,2025-06-08T11:56:00Z,0.5333333333333333,32.0,1,2025,30-59 min
1241,2025-06-08T13:56:00Z,2025-06-08T14:35:00Z,0.65,39.0,1,2025,30-59 min
1242,2025-06-09T00:52:00Z,2025-06-09T01:56:00Z,1.0666666666666667,64.0,2,2025,1-2 hours
1243,2025-06-09T03:47:00Z,2025-06-09T03:56:00Z,0.15,9.0,1,2025,Under 30 min
1244,2025-06-09T12:56:00Z,2025-06-09T13:56:00Z,1.0,60.0,1,2025,1-2 hours
1245,2025-06-18T05:18:00Z,2025-06-18T05:56:00Z,0.6333333333333333,38.0,1,2025,30-59 min
1246,2025-06-18T06:56:00Z,2025-06-18T07:28:00Z,0.5333333333333333,32.0,1,2025,30-59 min
1247,2025-06-18T12:10:00Z,2025-06-18T12:48:00Z,0.6333333333333333,38.0,1,2025,30-59 min
1248,2025-06-18T12:56:00Z,2025-06-18T13:49:00Z,0.8833333333333333,53.0,1,2025,30-59 min
1249,2025-06-20T13:22:00Z,2025-06-20T13:28:00Z,0.1,6.0,1,2025,Under 30 min
1250,2025-06-23T11:03:00Z,2025-06-23T11:42:00Z,0.65,39.0,1,2025,30-59 min
1251,2025-06-23T16:39:00Z,2025-06-23T16:44:00Z,0.0833333333333333,4.999999999999998,1,2025,Under 30 min
1252,2025-06-28T11:08:00Z,2025-06-28T11:29:00Z,0.35,21.0,1,2025,Under 30 min
1253,2025-06-28T11:39:00Z,2025-06-28T13:18:00Z,1.65,99.0,3,2025,1-2 hours
1254,2025-06-28T16:56:00Z,2025-06-28T17:11:00Z,0.25,15.0,1,2025,Under 30 min
1255,2025-06-30T13:17:00Z,2025-06-30T13:36:00Z,0.3166666666666666,18.999999999999996,1,2025,Under 30 min
1256,2025-06-30T14:26:00Z,2025-06-30T14:49:00Z,0.3833333333333333,23.0,1,2025,Under 30 min
1257,2025-06-30T15:08:00Z,2025-06-30T15:37:00Z,0.4833333333333333,28.999999999999996,1,2025,Under 30 min
1258,2025-07-01T11:21:00Z,2025-07-01T11:56:00Z,0.5833333333333334,35.0,1,2025,30-59 min
1259,2025-07-01T12:39:00Z,2025-07-01T12:52:00Z,0.2166666666666666,12.999999999999995,1,2025,Under 30 min
1260,2025-07-10T04:21:00Z,2025-07-10T04:35:00Z,0.2333333333333333,13.999999999999998,1,2025,Under 30 min
1261,2025-07-10T04:44:00Z,2025-07-10T05:09:00Z,0.41666666666666663,24.999999999999996,2,2025,Under 30 min
1262,2025-07-10T05:36:00Z,2025-07-10T05:56:00Z,0.3333333333333333,20.0,1,2025,Under 30 min
1263,2025-07-11T11:18:00Z,2025-07-11T11:32:00Z,0.2333333333333333,13.999999999999998,1,2025,Under 30 min
1264,2025-07-13T13:26:00Z,2025-07-13T13:49:00Z,0.3833333333333333,23.0,1,2025,Under 30 min
1265,2025-07-13T14:17:00Z,2025-07-13T14:56:00Z,0.65,39.0,1,2025,30-59 min
1266,2025-07-14T05:05:00Z,2025-07-14T05:51:00Z,0.7666666666666667,46.0,1,2025,30-59 min
1267,2025-07-14T06:44:00Z,2025-07-14T06:56:00Z,0.2,12.0,1,2025,Under 30 min
1268,2025-07-14T08:56:00Z,2025-07-14T09:56:00Z,1.0,60.0,1,2025,1-2 hours
1269,2025-07-14T15:41:00Z,2025-07-14T15:56:00Z,0.25,15.0,1,2025,Under 30 min
1270,2025-07-19T02:56:00Z,2025-07-19T03:06:00Z,0.1666666666666666,9.999999999999996,1,2025,Under 30 min
1271,2025-07-19T07:04:00Z,2025-07-19T08:56:00Z,1.8666666666666667,112.0,2,2025,1-2 hours
1272,2025-07-19T09:56:00Z,2025-07-19T10:07:00Z,0.1833333333333333,10.999999999999998,1,2025,Under 30 min
1273,2025-07-19T12:53:00Z,2025-07-19T13:16:00Z,0.3833333333333333,23.0,2,2025,Under 30 min
1274,2025-07-19T13:24:00Z,2025-07-19T15:24:00Z,2.0,120.0,3,2025,2+ hours
1275,2025-07-19T16:37:00Z,2025-07-19T16:56:00Z,0.3166666666666666,18.999999999999996,1,2025,Under 30 min
1276,2025-08-07T08:56:00Z,2025-08-07T09:04:00Z,0.1333333333333333,7.999999999999998,1,2025,Under 30 min
1277,2025-08-07T14:27:00Z,2025-08-07T15:07:00Z,0.6666666666666665,39.99999999999999,2,2025,30-59 min
1278,2025-08-07T15:25:00Z,2025-08-07T15:34:00Z,0.15,9.0,1,2025,Under 30 min
1279,2025-08-08T13:17:00Z,2025-08-08T13:28:00Z,0.1833333333333333,10.999999999999998,1,2025,Under 30 min
1280,2025-08-11T03:18:00Z,2025-08-11T03:49:00Z,0.5166666666666667,31.000000000000004,1,2025,30-59 min
1281,2025-08-11T03:56:00Z,2025-08-11T05:03:00Z,1.1166666666666667,67.0,2,2025,1-2 hours
1282,2025-08-11T05:28:00Z,2025-08-11T05:42:00Z,0.2333333333333333,13.999999999999998,1,2025,Under 30 min
1283,2025-08-11T06:56:00Z,2025-08-11T07:04:00Z,0.1333333333333333,7.999999999999998,1,2025,Under 30 min
1284,2025-08-11T07:28:00Z,2025-08-11T07:49:00Z,0.35,21.0,1,2025,Under 30 min
1285,2025-08-11T08:34:00Z,2025-08-11T08:56:00Z,0.3666666666666666,21.999999999999996,1,2025,Under 30 min
1286,2025-08-11T09:16:00Z,2025-08-11T09:30:00Z,0.2333333333333333,13.999999999999998,1,2025,Under 30 min
1287,2025-08-11T14:34:00Z,2025-08-11T14:41:00Z,0.1166666666666666,6.999999999999996,1,2025,Under 30 min
1288,2025-08-12T04:46:00Z,2025-08-12T04:53:00Z,0.1166666666666666,6.999999999999996,1,2025,Under 30 min
1289,2025-08-12T09:34:00Z,2025-08-12T10:26:00Z,0.8666666666666666,51.99999999999999,2,2025,30-59 min
1290,2025-08-12T10:46:00Z,2025-08-12T10:56:00Z,0.1666666666666666,9.999999999999996,1,2025,Under 30 min
1291,2025-08-12T13:48:00Z,2025-08-12T13:56:00Z,0.1333333333333333,7.999999999999998,1,2025,Under 30 min
1292,2025-08-12T15:56:00Z,2025-08-12T16:17:00Z,0.35,21.0,1,2025,Under 30 min
1293,2025-08-13T02:53:00Z,2025-08-13T02:56:00Z,0.05,3.0,1,2025,Under 30 min
1294,2025-08-13T07:27:00Z,2025-08-13T07:42:00Z,0.25,15.0,1,2025,Under 30 min
1295,2025-08-13T07:56:00Z,2025-08-13T08:27:00Z,0.5166666666666667,31.000000000000004,1,2025,30-59 min
1296,2025-08-13T09:35:00Z,2025-08-13T09:56:00Z,0.35,21.0,1,2025,Under 30 min
1297,2025-08-16T01:42:00Z,2025-08-16T01:49:00Z,0.1166666666666666,6.999999999999996,1,2025,Under 30 min
1298,2025-08-16T08:39:00Z,2025-08-16T09:10:00Z,0.5166666666666666,30.999999999999996,2,2025,30-59 min
1299,2025-08-16T09:42:00Z,2025-08-16T09:56:00Z,0.2333333333333333,13.999999999999998,1,2025,Under 30 min
1300,2025-08-16T16:34:00Z,2025-08-16T16:56:00Z,0.3666666666666666,21.999999999999996,1,2025,Under 30 min
1301,2025-08-17T06:28:00Z,2025-08-17T08:56:00Z,2.466666666666667,148.0,3,2025,2+ hours
1302,2025-08-18T12:02:00Z,2025-08-18T12:16:00Z,0.2333333333333333,13.999999999999998,1,2025,Under 30 min
1303,2025-08-20T03:51:00Z,2025-08-20T03:56:00Z,0.0833333333333333,4.999999999999998,1,2025,Under 30 min
1304,2025-08-20T05:03:00Z,2025-08-20T05:53:00Z,0.8333333333333334,50.0,1,2025,30-59 min
1305,2025-08-22T14:04:00Z,2025-08-22T14:12:00Z,0.1333333333333333,7.999999999999998,1,2025,Under 30 min
1306,2025-08-22T14:22:00Z,2025-08-22T14:56:00Z,0.5666666666666667,34.0,1,2025,30-59 min
1307,2025-08-22T17:36:00Z,2025-08-22T17:42:00Z,0.1,6.0,1,2025,Under 30 min
1308,2025-08-23T01:41:00Z,2025-08-23T01:56:00Z,0.25,15.0,1,2025,Under 30 min
1309,2025-08-23T04:14:00Z,2025-08-23T04:32:00Z,0.3,18.0,1,2025,Under 30 min
1310,2025-08-23T06:31:00Z,2025-08-23T07:11:00Z,0.6666666666666667,40.00000000000001,2,2025,30-59 min
1311,2025-08-23T15:56:00Z,2025-08-23T16:23:00Z,0.45,27.0,1,2025,Under 30 min
1312,2025-08-23T23:48:00Z,2025-08-23T23:56:00Z,0.1333333333333333,7.999999999999998,1,2025,Under 30 min
1313,2025-08-24T05:37:00Z,2025-08-24T05:45:00Z,0.1333333333333333,7.999999999999998,1,2025,Under 30 min
1314,2025-08-24T05:56:00Z,2025-08-24T07:08:00Z,1.2,72.0,2,2025,1-2 hours
1315,2025-08-24T16:13:00Z,2025-08-24T16:23:00Z,0.1666666666666666,9.999999999999996,1,2025,Under 30 min
1316,2025-08-25T01:56:00Z,2025-08-25T02:05:00Z,0.15,9.0,1,2025,Under 30 min
1317,2025-08-25T02:45:00Z,2025-08-25T02:56:00Z,0.1833333333333333,10.999999999999998,1,2025,Under 30 min
1318,2025-08-25T03:39:00Z,2025-08-25T03:56:00Z,0.2833333333333333,17.0,1,2025,Under 30 min
1319,2025-08-25T05:01:00Z,2025-08-25T05:30:00Z,0.4833333333333333,28.999999999999996,1,2025,Under 30 min
1320,2025-08-25T05:40:00Z,2025-08-25T06:13:00Z,0.5499999999999999,32.99999999999999,2,2025,30-59 min
1321,2025-08-25T06:30:00Z,2025-08-25T06:38:00Z,0.1333333333333333,7.999999999999998,1,2025,Under 30 min
1322,2025-08-25T06:46:00Z,2025-08-25T07:56:00Z,1.1666666666666665,69.99999999999999,2,2025,1-2 hours
1323,2025-08-25T08:29:00Z,2025-08-25T08:48:00Z,0.3166666666666666,18.999999999999996,1,2025,Under 30 min
1324,2025-08-25T08:56:00Z,2025-08-25T09:30:00Z,0.5666666666666667,34.0,1,2025,30-59 min
1325,2025-08-25T09:39:00Z,2025-08-25T09:56:00Z,0.2833333333333333,17.0,1,2025,Under 30 min
1326,2025-08-25T10:09:00Z,2025-08-25T10:16:00Z,0.1166666666666666,6.999999999999996,1,2025,Under 30 min
1327,2025-08-25T11:08:00Z,2025-08-25T11:56:00Z,0.8,48.0,1,2025,30-59 min
1328,2025-08-25T12:13:00Z,2025-08-25T12:49:00Z,0.6,36.0,1,2025,30-59 min
1329,2025-08-25T18:28:00Z,2025-08-25T18:46:00Z,0.3,18.0,1,2025,Under 30 min
1330,2025-09-02T13:33:00Z,2025-09-02T14:13:00Z,0.6666666666666666,40.0,2,2025,30-59 min
1331,2025-09-02T15:56:00Z,2025-09-02T16:11:00Z,0.25,15.0,1,2025,Under 30 min
1332,2025-09-02T16:38:00Z,2025-09-02T16:56:00Z,0.3,18.0,1,2025,Under 30 min
1333,2025-09-02T17:16:00Z,2025-09-02T17:28:00Z,0.2,12.0,1,2025,Under 30 min
1334,2025-09-02T17:37:00Z,2025-09-02T17:40:00Z,0.05,3.0,1,2025,Under 30 min
1335,2025-09-02T22:43:00Z,2025-09-02T22:49:00Z,0.1,6.0,1,2025,Under 30 min
1336,2025-09-03T15:09:00Z,2025-09-03T15:39:00Z,0.5,30.0,1,2025,30-59 min
1337,2025-09-03T18:26:00Z,2025-09-03T18:30:00Z,0.0666666666666666,3.9999999999999956,1,2025,Under 30 min
1338,2025-09-04T01:44:00Z,2025-09-04T01:56:00Z,0.2,12.0,1,2025,Under 30 min
1339,2025-09-05T00:02:00Z,2025-09-05T00:08:00Z,0.1,6.0,1,2025,Under 30 min
1340,2025-09-05T00:28:00Z,2025-09-05T00:56:00Z,0.4666666666666667,28.0,1,2025,Under 30 min
1341,2025-09-05T02:12:00Z,2025-09-05T02:29:00Z,0.2833333333333333,17.0,1,2025,Under 30 min
1342,2025-09-05T02:56:00Z,2025-09-05T03:01:00Z,0.0833333333333333,4.999999999999998,1,2025,Under 30 min
1343,2025-09-10T06:06:00Z,2025-09-10T06:28:00Z,0.3666666666666666,21.999999999999996,1,2025,Under 30 min
1344,2025-09-15T06:54:00Z,2025-09-15T06:56:00Z,0.0333333333333333,1.9999999999999978,1,2025,Under 30 min
1345,2025-09-15T07:53:00Z,2025-09-15T07:56:00Z,0.05,3.0,1,2025,Under 30 min
1346,2025-09-15T10:23:00Z,2025-09-15T10:35:00Z,0.2,12.0,1,2025,Under 30 min
1347,2025-09-15T13:56:00Z,2025-09-15T14:05:00Z,0.15,9.0,1,2025,Under 30 min
1348,2025-09-17T09:38:00Z,2025-09-17T09:56:00Z,0.3,18.0,1,2025,Under 30 min
1349,2025-09-17T11:56:00Z,2025-09-17T12:30:00Z,0.5666666666666667,34.0,1,2025,30-59 min
1350,2025-09-18T16:56:00Z,2025-09-18T17:00:00Z,0.0666666666666666,3.9999999999999956,1,2025,Under 30 min
1351,2025-09-22T07:52:00Z,2025-09-22T08:46:00Z,0.9,54.0,1,2025,30-59 min
1352,2025-09-22T15:15:00Z,2025-09-22T15:25:00Z,0.1666666666666666,9.999999999999996,1,2025,Under 30 min
1353,2025-09-25T11:14:00Z,2025-09-25T11:56:00Z,0.7,42.0,1,2025,30-59 min
1354,2025-09-25T15:43:00Z,2025-09-25T15:48:00Z,0.0833333333333333,4.999999999999998,1,2025,Under 30 min
1355,2025-09-25T17:16:00Z,2025-09-25T17:23:00Z,0.1166666666666666,6.999999999999996,1,2025,Under 30 min
1356,2025-09-25T18:42:00Z,2025-09-25T18:52:00Z,0.1666666666666666,9.999999999999996,1,2025,Under 30 min
1357,2025-09-27T12:56:00Z,2025-09-27T12:58:00Z,0.0333333333333333,1.9999999999999978,1,2025,Under 30 min
1358,2025-09-27T14:36:00Z,2025-09-27T14:45:00Z,0.15,9.0,1,2025,Under 30 min
1359,2025-10-03T07:01:00Z,2025-10-03T07:07:00Z,0.1,6.0,1,2025,Under 30 min
1360,2025-10-03T08:06:00Z,2025-10-03T08:10:00Z,0.0666666666666666,3.9999999999999956,1,2025,Under 30 min
1361,2025-10-03T11:34:00Z,2025-10-03T11:46:00Z,0.2,12.0,1,2025,Under 30 min
1362,2025-10-03T15:07:00Z,2025-10-03T15:15:00Z,0.1333333333333333,7.999999999999998,1,2025,Under 30 min
1363,2025-10-08T10:07:00Z,2025-10-08T10:17:00Z,0.1666666666666666,9.999999999999996,1,2025,Under 30 min
1364,2025-10-08T11:42:00Z,2025-10-08T12:02:00Z,0.3333333333333333,20.0,2,2025,Under 30 min
1365,2025-10-17T12:13:00Z,2025-10-17T12:38:00Z,0.4166666666666667,25.0,1,2025,Under 30 min
1366,2025-10-17T12:47:00Z,2025-10-17T12:56:00Z,0.15,9.0,1,2025,Under 30 min
1367,2025-10-17T14:41:00Z,2025-10-17T14:47:00Z,0.1,6.0,1,2025,Under 30 min
1368,2025-10-18T10:56:00Z,2025-10-18T11:40:00Z,0.7333333333333333,44.0,1,2025,30-59 min
1369,2025-10-18T13:46:00Z,2025-10-18T14:32:00Z,0.7666666666666666,46.0,2,2025,30-59 min
1370,2025-10-18T15:53:00Z,2025-10-18T15:56:00Z,0.05,3.0,1,2025,Under 30 min
1371,2025-10-18T16:56:00Z,2025-10-18T18:09:00Z,1.2166666666666666,73.0,2,2025,1-2 hours
1372,2025-10-18T23:00:00Z,2025-10-18T23:14:00Z,0.2333333333333333,13.999999999999998,1,2025,Under 30 min
1373,2025-10-18T23:27:00Z,2025-10-19T00:43:00Z,1.2666666666666666,76.0,2,2025,1-2 hours
1374,2025-10-19T01:34:00Z,2025-10-19T01:56:00Z,0.3666666666666666,21.999999999999996,1,2025,Under 30 min
1375,2025-10-23T10:48:00Z,2025-10-23T10:59:00Z,0.1833333333333333,10.999999999999998,2,2025,Under 30 min
1376,2025-10-23T11:56:00Z,2025-10-23T12:08:00Z,0.2,12.0,1,2025,Under 30 min
1377,2025-10-23T14:51:00Z,2025-10-23T14:56:00Z,0.0833333333333333,4.999999999999998,1,2025,Under 30 min
1378,2025-10-30T07:35:00Z,2025-10-30T07:56:00Z,0.35,21.0,1,2025,Under 30 min
1379,2025-10-30T10:56:00Z,2025-10-30T11:38:00Z,0.7,42.0,1,2025,30-59 min
1380,2025-11-02T09:48:00Z,2025-11-02T09:56:00Z,0.1333333333333333,7.999999999999998,1,2025,Under 30 min
1381,2025-11-02T10:56:00Z,2025-11-02T11:07:00Z,0.1833333333333333,10.999999999999998,1,2025,Under 30 min
1382,2025-11-07T13:04:00Z,2025-11-07T13:34:00Z,0.4999999999999999,29.999999999999993,4,2025,Under 30 min
1383,2025-11-07T14:45:00Z,2025-11-07T14:56:00Z,0.1833333333333333,10.999999999999998,1,2025,Under 30 min
1384,2025-11-07T18:18:00Z,2025-11-07T18:39:00Z,0.35,21.0,1,2025,Under 30 min
1385,2025-11-07T19:33:00Z,2025-11-07T19:47:00Z,0.2333333333333333,13.999999999999998,1,2025,Under 30 min
1386,2025-11-10T10:06:00Z,2025-11-10T10:17:00Z,0.1833333333333333,10.999999999999998,1,2025,Under 30 min
1387,2025-11-10T14:05:00Z,2025-11-10T14:32:00Z,0.45,27.0,1,2025,Under 30 min
1388,2025-11-11T01:51:00Z,2025-11-11T01:56:00Z,0.0833333333333333,4.999999999999998,1,2025,Under 30 min
1389,2025-11-11T10:49:00Z,2025-11-11T10:56:00Z,0.1166666666666666,6.999999999999996,1,2025,Under 30 min
1390,2025-11-11T13:20:00Z,2025-11-11T13:31:00Z,0.1833333333333333,10.999999999999998,1,2025,Under 30 min
1391,2025-11-11T16:27:00Z,2025-11-11T16:48:00Z,0.35,21.0,1,2025,Under 30 min
1392,2025-11-29T15:41:00Z,2025-11-29T15:56:00Z,0.25,15.0,1,2025,Under 30 min
1393,2025-12-05T14:54:00Z,2025-12-05T14:56:00Z,0.0333333333333333,1.9999999999999978,1,2025,Under 30 min
1394,2025-12-06T11:31:00Z,2025-12-06T11:48:00Z,0.2833333333333333,17.0,2,2025,Under 30 min
1395,2025-12-08T22:51:00Z,2025-12-08T23:17:00Z,0.4333333333333333,25.999999999999996,2,2025,Under 30 min
1396,2025-12-10T08:26:00Z,2025-12-10T08:56:00Z,0.5,30.0,1,2025,30-59 min
1397,2025-12-10T10:16:00Z,2025-12-10T10:40:00Z,0.3999999999999999,23.999999999999993,2,2025,Under 30 min
1398,2025-12-10T14:01:00Z,2025-12-10T14:11:00Z,0.1666666666666666,9.999999999999996,1,2025,Under 30 min
1399,2025-12-10T14:22:00Z,2025-12-10T14:56:00Z,0.5666666666666667,34.0,1,2025,30-59 min
1400,2025-12-10T17:51:00Z,2025-12-10T17:56:00Z,0.0833333333333333,4.999999999999998,1,2025,Under 30 min
1401,2025-12-10T18:37:00Z,2025-12-10T18:48:00Z,0.1833333333333333,10.999999999999998,1,2025,Under 30 min
1402,2025-12-10T18:56:00Z,2025-12-10T19:19:00Z,0.3833333333333333,23.0,1,2025,Under 30 min
1403,2025-12-11T00:19:00Z,2025-12-11T00:46:00Z,0.45,27.0,1,2025,Under 30 min
1404,2025-12-11T01:44:00Z,2025-12-11T01:56:00Z,0.2,12.0,1,2025,Under 30 min
1405,2025-12-11T02:09:00Z,2025-12-11T02:56:00Z,0.7833333333333333,47.0,1,2025,30-59 min
1406,2025-12-11T03:56:00Z,2025-12-11T05:45:00Z,1.8166666666666667,109.0,2,2025,1-2 hours
1407,2025-12-11T05:56:00Z,2025-12-11T06:21:00Z,0.4166666666666667,25.0,1,2025,Under 30 min
1408,2025-12-11T06:38:00Z,2025-12-11T06:49:00Z,0.1833333333333333,10.999999999999998,1,2025,Under 30 min
1409,2025-12-11T07:13:00Z,2025-12-11T07:22:00Z,0.15,9.0,1,2025,Under 30 min
1410,2025-12-12T03:15:00Z,2025-12-12T03:48:00Z,0.55,33.0,1,2025,30-59 min
1411,2025-12-12T04:49:00Z,2025-12-12T04:56:00Z,0.1166666666666666,6.999999999999996,1,2025,Under 30 min
1412,2025-12-12T06:17:00Z,2025-12-12T06:22:00Z,0.0833333333333333,4.999999999999998,1,2025,Under 30 min
1413,2025-12-16T08:16:00Z,2025-12-16T08:27:00Z,0.1833333333333333,10.999999999999998,1,2025,Under 30 min
1414,2025-12-16T11:56:00Z,2025-12-16T12:32:00Z,0.6,36.0,1,2025,30-59 min
1415,2025-12-16T18:54:00Z,2025-12-16T18:56:00Z,0.0333333333333333,1.9999999999999978,1,2025,Under 30 min
1416,2025-12-21T20:12:00Z,2025-12-21T20:22:00Z,0.1666666666666666,9.999999999999996,1,2025,Under 30 min
